2026-09-04 14:01:14.906 BaldursGateIIEnhancedEdition[85223:118479367] INFO: CWD: $HOME/Library/Application Support/Steam/steamapps/common/Baldur's Gate II Enhanced Edition
2026-09-04 14:01:14.909 BaldursGateIIEnhancedEdition[85223:118479367] INFO: Get Data Directory: $HOME/Library/Application Support/Steam/steamapps/common/Baldur's Gate II Enhanced Edition
2026-09-04 14:01:14.912 BaldursGateIIEnhancedEdition[85223:118479367] INFO: status: 0
2026-09-04 14:01:14.912 BaldursGateIIEnhancedEdition[85223:118479367] INFO: Creating DPWrapper
[S_API] SteamAPI_Init(): Loaded '$HOME/Library/Application Support/Steam/Steam.AppBundle/Steam/Contents/MacOS/steamclient.dylib' OK.
Setting breakpad minidump AppID = 257350
SteamInternal_SetMinidumpSteamID:  Caching Steam ID:  <steam-id> [API loaded no]
2026-09-04 14:01:15.011 BaldursGateIIEnhancedEdition[85223:118479367] INFO: Get Data Directory: $HOME/Library/Application Support/Steam/steamapps/common/Baldur's Gate II Enhanced Edition
2026-09-04 14:01:15.012 BaldursGateIIEnhancedEdition[85223:118479367] INFO: Get Data Directory: $HOME/Library/Application Support/Steam/steamapps/common/Baldur's Gate II Enhanced Edition
2026-09-04 14:01:15.054 BaldursGateIIEnhancedEdition[85223:118479367] INFO: scanning:(0) $HOME/Library/Application Support/Steam/steamapps/common/Baldur's Gate II Enhanced Edition/override
2026-09-04 14:01:15.107 BaldursGateIIEnhancedEdition[85223:118479367] INFO: scanning:(1) $HOME/Library/Application Support/Steam/steamapps/common/Baldur's Gate II Enhanced Edition/scripts
2026-09-04 14:01:15.108 BaldursGateIIEnhancedEdition[85223:118479367] INFO: scanning:(2) $HOME/Library/Application Support/Steam/steamapps/common/Baldur's Gate II Enhanced Edition/sounds
2026-09-04 14:01:15.108 BaldursGateIIEnhancedEdition[85223:118479367] INFO: scanning:(3) $HOME/Library/Application Support/Steam/steamapps/common/Baldur's Gate II Enhanced Edition/lang/en_US/sounds
2026-09-04 14:01:15.123 BaldursGateIIEnhancedEdition[85223:118479367] INFO: scanning:(4) $HOME/Library/Application Support/Steam/steamapps/common/Baldur's Gate II Enhanced Edition/portraits
2026-09-04 14:01:15.123 BaldursGateIIEnhancedEdition[85223:118479367] INFO: scanning:(5) $HOME/Library/Application Support/Steam/steamapps/common/Baldur's Gate II Enhanced Edition/characters
2026-09-04 14:01:15.123 BaldursGateIIEnhancedEdition[85223:118479367] INFO: scanning:(6) $HOME/Library/Application Support/Steam/steamapps/common/Baldur's Gate II Enhanced Edition/movies
2026-09-04 14:01:15.124 BaldursGateIIEnhancedEdition[85223:118479367] INFO: scanning:(7) $HOME/Library/Application Support/Steam/steamapps/common/Baldur's Gate II Enhanced Edition/lang/en_US/movies
2026-09-04 14:01:15.124 BaldursGateIIEnhancedEdition[85223:118479367] INFO: scanning:(8) $HOME/Documents/Baldur's Gate II - Enhanced Edition/override
2026-09-04 14:01:15.124 BaldursGateIIEnhancedEdition[85223:118479367] INFO: scanning:(9) $HOME/Documents/Baldur's Gate II - Enhanced Edition/scripts
2026-09-04 14:01:15.124 BaldursGateIIEnhancedEdition[85223:118479367] INFO: scanning:(10) $HOME/Documents/Baldur's Gate II - Enhanced Edition/sounds
2026-09-04 14:01:15.124 BaldursGateIIEnhancedEdition[85223:118479367] INFO: scanning:(11) $HOME/Documents/Baldur's Gate II - Enhanced Edition/portraits
2026-09-04 14:01:15.125 BaldursGateIIEnhancedEdition[85223:118479367] INFO: scanning:(12) $HOME/Documents/Baldur's Gate II - Enhanced Edition/characters
2026-09-04 14:01:15.125 BaldursGateIIEnhancedEdition[85223:118479367] INFO: scanning:(13) $HOME/Documents/Baldur's Gate II - Enhanced Edition/movies
2026-09-04 14:01:15.126 BaldursGateIIEnhancedEdition[85223:118479367] INFO: scanning:(0) $HOME/Library/Application Support/Steam/steamapps/common/Baldur's Gate II Enhanced Edition/override
2026-09-04 14:01:15.140 BaldursGateIIEnhancedEdition[85223:118479367] INFO: scanning:(1) $HOME/Library/Application Support/Steam/steamapps/common/Baldur's Gate II Enhanced Edition/scripts
2026-09-04 14:01:15.141 BaldursGateIIEnhancedEdition[85223:118479367] INFO: scanning:(2) $HOME/Library/Application Support/Steam/steamapps/common/Baldur's Gate II Enhanced Edition/sounds
2026-09-04 14:01:15.141 BaldursGateIIEnhancedEdition[85223:118479367] INFO: scanning:(3) $HOME/Library/Application Support/Steam/steamapps/common/Baldur's Gate II Enhanced Edition/lang/en_US/sounds
2026-09-04 14:01:15.142 BaldursGateIIEnhancedEdition[85223:118479367] INFO: scanning:(4) $HOME/Library/Application Support/Steam/steamapps/common/Baldur's Gate II Enhanced Edition/portraits
2026-09-04 14:01:15.142 BaldursGateIIEnhancedEdition[85223:118479367] INFO: scanning:(5) $HOME/Library/Application Support/Steam/steamapps/common/Baldur's Gate II Enhanced Edition/characters
2026-09-04 14:01:15.142 BaldursGateIIEnhancedEdition[85223:118479367] INFO: scanning:(6) $HOME/Library/Application Support/Steam/steamapps/common/Baldur's Gate II Enhanced Edition/movies
2026-09-04 14:01:15.143 BaldursGateIIEnhancedEdition[85223:118479367] INFO: scanning:(7) $HOME/Library/Application Support/Steam/steamapps/common/Baldur's Gate II Enhanced Edition/lang/en_US/movies
2026-09-04 14:01:15.143 BaldursGateIIEnhancedEdition[85223:118479367] INFO: scanning:(8) $HOME/Documents/Baldur's Gate II - Enhanced Edition/override
2026-09-04 14:01:15.143 BaldursGateIIEnhancedEdition[85223:118479367] INFO: scanning:(9) $HOME/Documents/Baldur's Gate II - Enhanced Edition/scripts
2026-09-04 14:01:15.143 BaldursGateIIEnhancedEdition[85223:118479367] INFO: scanning:(10) $HOME/Documents/Baldur's Gate II - Enhanced Edition/sounds
2026-09-04 14:01:15.143 BaldursGateIIEnhancedEdition[85223:118479367] INFO: scanning:(11) $HOME/Documents/Baldur's Gate II - Enhanced Edition/portraits
2026-09-04 14:01:15.143 BaldursGateIIEnhancedEdition[85223:118479367] INFO: scanning:(12) $HOME/Documents/Baldur's Gate II - Enhanced Edition/characters
2026-09-04 14:01:15.143 BaldursGateIIEnhancedEdition[85223:118479367] INFO: scanning:(13) $HOME/Documents/Baldur's Gate II - Enhanced Edition/movies
2026-09-04 14:01:15.144 BaldursGateIIEnhancedEdition[85223:118479367] INFO: scanning:(0) $HOME/Library/Application Support/Steam/steamapps/common/Baldur's Gate II Enhanced Edition/override
2026-09-04 14:01:15.157 BaldursGateIIEnhancedEdition[85223:118479367] INFO: scanning:(1) $HOME/Library/Application Support/Steam/steamapps/common/Baldur's Gate II Enhanced Edition/scripts
2026-09-04 14:01:15.158 BaldursGateIIEnhancedEdition[85223:118479367] INFO: scanning:(2) $HOME/Library/Application Support/Steam/steamapps/common/Baldur's Gate II Enhanced Edition/sounds
2026-09-04 14:01:15.158 BaldursGateIIEnhancedEdition[85223:118479367] INFO: scanning:(3) $HOME/Library/Application Support/Steam/steamapps/common/Baldur's Gate II Enhanced Edition/lang/en_US/sounds
2026-09-04 14:01:15.159 BaldursGateIIEnhancedEdition[85223:118479367] INFO: scanning:(4) $HOME/Library/Application Support/Steam/steamapps/common/Baldur's Gate II Enhanced Edition/portraits
2026-09-04 14:01:15.159 BaldursGateIIEnhancedEdition[85223:118479367] INFO: scanning:(5) $HOME/Library/Application Support/Steam/steamapps/common/Baldur's Gate II Enhanced Edition/characters
2026-09-04 14:01:15.159 BaldursGateIIEnhancedEdition[85223:118479367] INFO: scanning:(6) $HOME/Library/Application Support/Steam/steamapps/common/Baldur's Gate II Enhanced Edition/movies
2026-09-04 14:01:15.159 BaldursGateIIEnhancedEdition[85223:118479367] INFO: scanning:(7) $HOME/Library/Application Support/Steam/steamapps/common/Baldur's Gate II Enhanced Edition/lang/en_US/movies
2026-09-04 14:01:15.159 BaldursGateIIEnhancedEdition[85223:118479367] INFO: scanning:(8) $HOME/Documents/Baldur's Gate II - Enhanced Edition/override
2026-09-04 14:01:15.159 BaldursGateIIEnhancedEdition[85223:118479367] INFO: scanning:(9) $HOME/Documents/Baldur's Gate II - Enhanced Edition/scripts
2026-09-04 14:01:15.159 BaldursGateIIEnhancedEdition[85223:118479367] INFO: scanning:(10) $HOME/Documents/Baldur's Gate II - Enhanced Edition/sounds
2026-09-04 14:01:15.159 BaldursGateIIEnhancedEdition[85223:118479367] INFO: scanning:(11) $HOME/Documents/Baldur's Gate II - Enhanced Edition/portraits
2026-09-04 14:01:15.159 BaldursGateIIEnhancedEdition[85223:118479367] INFO: scanning:(12) $HOME/Documents/Baldur's Gate II - Enhanced Edition/characters
2026-09-04 14:01:15.159 BaldursGateIIEnhancedEdition[85223:118479367] INFO: scanning:(13) $HOME/Documents/Baldur's Gate II - Enhanced Edition/movies
2026-09-04 14:01:15.175 BaldursGateIIEnhancedEdition[85223:118479367] INFO: LUA: A7LOG	0					gamelog tap loaded
2026-09-04 14:01:15.201 BaldursGateIIEnhancedEdition[85223:118479367] INFO: LUA: UI string not found: Recent events text will go here.
2026-09-04 14:01:15.246 BaldursGateIIEnhancedEdition[85223:118479367] INFO: ERROR! Failed to load file (install:/dialogf.tlk) at path: $HOME/Library/Application Support/Steam/steamapps/common/Baldur's Gate II Enhanced Edition/dialogf.tlk
2026-09-04 14:01:15.246 BaldursGateIIEnhancedEdition[85223:118479367] INFO: LUA: Initializing Quests
2026-09-04 14:01:15.330 BaldursGateIIEnhancedEdition[85223:118479367] ApplePersistenceIgnoreState: Existing state will not be touched. New state will be written to /var/folders/4c/tj2xw__94nx1fstq9yzdc3mw0000gp/T/com.beamdog.baldursgateIIenhancededition-steam.savedState
2026-09-04 14:01:15.435 BaldursGateIIEnhancedEdition[85223:118479367] INFO: gl.useShaders: 1
gl.has_s3tc: 1
gl.has_pvrtc: 0
gl.has_atc: 0
gl.postprocessing: 0
gl.uploadFormat: 0x80E1
gl.uploadType: 0x8367
gl.versionstring: 2.1 Metal - 89.4
gl.majorVersion: 2
gl.minorVersion: 1
2026-09-04 14:01:15.460 BaldursGateIIEnhancedEdition[85223:118479367] INFO: Font: loaded font STONESML
2026-09-04 14:01:15.494 BaldursGateIIEnhancedEdition[85223:118479367] INFO: ERROR! Failed to load file (install:/music/mx1602.mus) at path: $HOME/Library/Application Support/Steam/steamapps/common/Baldur's Gate II Enhanced Edition/music/mx1602.mus
2026-09-04 14:01:15.494 BaldursGateIIEnhancedEdition[85223:118479367] INFO: ERROR! Failed to load file (install:/music/mx2202.mus) at path: $HOME/Library/Application Support/Steam/steamapps/common/Baldur's Gate II Enhanced Edition/music/mx2202.mus
2026-09-04 14:01:15.495 BaldursGateIIEnhancedEdition[85223:118479367] INFO: ERROR! Failed to load file (install:/music/tav5.mus) at path: $HOME/Library/Application Support/Steam/steamapps/common/Baldur's Gate II Enhanced Edition/music/tav5.mus
2026-09-04 14:01:15.495 BaldursGateIIEnhancedEdition[85223:118479367] INFO: ERROR! Failed to load file (install:/music/tav6.mus) at path: $HOME/Library/Application Support/Steam/steamapps/common/Baldur's Gate II Enhanced Edition/music/tav6.mus
2026-09-04 14:01:15.502 BaldursGateIIEnhancedEdition[85223:118479367] INFO: ERROR! Failed to load file (install:/music/mx1602.mus) at path: $HOME/Library/Application Support/Steam/steamapps/common/Baldur's Gate II Enhanced Edition/music/mx1602.mus
2026-09-04 14:01:15.502 BaldursGateIIEnhancedEdition[85223:118479367] INFO: ERROR! Failed to load file (install:/music/mx2202.mus) at path: $HOME/Library/Application Support/Steam/steamapps/common/Baldur's Gate II Enhanced Edition/music/mx2202.mus
2026-09-04 14:01:15.502 BaldursGateIIEnhancedEdition[85223:118479367] INFO: ERROR! Failed to load file (install:/music/tav5.mus) at path: $HOME/Library/Application Support/Steam/steamapps/common/Baldur's Gate II Enhanced Edition/music/tav5.mus
2026-09-04 14:01:15.502 BaldursGateIIEnhancedEdition[85223:118479367] INFO: ERROR! Failed to load file (install:/music/tav6.mus) at path: $HOME/Library/Application Support/Steam/steamapps/common/Baldur's Gate II Enhanced Edition/music/tav6.mus
2026-09-04 14:01:15.503 BaldursGateIIEnhancedEdition[85223:118479367] INFO: Baldur's Gate II - Enhanced Edition v2.7.3.0
2026-09-04 14:01:15.676 BaldursGateIIEnhancedEdition[85223:118479367] INFO: sAchieveID=NONE,m_sGlobalName=GameDifficulty,m_nValue=6
2026-09-04 14:01:15.682 BaldursGateIIEnhancedEdition[85223:118479367] INFO: Font: loaded font NORMAL
2026-09-04 14:01:20.769 BaldursGateIIEnhancedEdition[85223:118479367] INFO: Font: Added point size (18) for font STONESML
2026-09-04 14:01:20.782 BaldursGateIIEnhancedEdition[85223:118479367] INFO: sAchieveID=NONE,m_sGlobalName=GameDifficulty,m_nValue=6
2026-09-04 14:01:21.607 BaldursGateIIEnhancedEdition[85223:118479367] INFO: Font: Added point size (45) for font NORMAL
2026-09-04 14:01:22.558 BaldursGateIIEnhancedEdition[85223:118479367] INFO: sAchieveID=NONE,m_sGlobalName=GameDifficulty,m_nValue=6
2026-09-04 14:01:24.656 BaldursGateIIEnhancedEdition[85223:118479367] INFO: Font: loaded font REALMS
2026-09-04 14:01:24.656 BaldursGateIIEnhancedEdition[85223:118479367] INFO: Font: Added point size (28) for font REALMS
2026-09-04 14:01:24.660 BaldursGateIIEnhancedEdition[85223:118479367] INFO: Font: Added point size (21) for font STONESML
2026-09-04 14:01:24.660 BaldursGateIIEnhancedEdition[85223:118479367] INFO: Font: Added point size (32) for font STONESML
2026-09-04 14:01:27.413 BaldursGateIIEnhancedEdition[85223:118479367] INFO: LUA: Initializing Quests
2026-09-04 14:01:27.622 BaldursGateIIEnhancedEdition[85223:118479367] INFO: LUA: Initializing Quests
2026-09-04 14:01:27.638 BaldursGateIIEnhancedEdition[85223:118479367] INFO: sAchieveID=NONE,m_sGlobalName=GameDifficulty,m_nValue=6
2026-09-04 14:01:27.638 BaldursGateIIEnhancedEdition[85223:118479367] INFO: sAchieveID=NONE,m_sGlobalName=GameDifficulty,m_nValue=6
2026-09-04 14:01:27.638 BaldursGateIIEnhancedEdition[85223:118479367] INFO: sAchieveID=NONE,m_sGlobalName=GameDifficulty,m_nValue=6
2026-09-04 14:01:27.688 BaldursGateIIEnhancedEdition[85223:118479367] INFO: Font: loaded font FLOATTXT
2026-09-04 14:01:27.688 BaldursGateIIEnhancedEdition[85223:118479367] INFO: Font: Added point size (18) for font FLOATTXT
2026-09-04 14:01:29.083 BaldursGateIIEnhancedEdition[85223:118479367] INFO: LUA: A7LOG	1	9955140	14403	Day 1, Hour 12 (3 Mirtul, 1369)	WORLD_QUICKLOOT	^0xffd6bd9fJaheira^-: ^0xffd7c8a0Nature's servant awaits.^-
2026-09-04 14:01:29.089 BaldursGateIIEnhancedEdition[85223:118479367] INFO: Font: loaded font POSTANTI
2026-09-04 14:01:29.089 BaldursGateIIEnhancedEdition[85223:118479367] INFO: Font: Added point size (21) for font POSTANTI
2026-09-04 14:01:30.196 BaldursGateIIEnhancedEdition[85223:118479367] INFO: Font: Added point size (20) for font NORMAL
2026-09-04 14:01:30.197 BaldursGateIIEnhancedEdition[85223:118479367] INFO: Font: Added point size (21) for font NORMAL
2026-09-04 14:01:52.263 BaldursGateIIEnhancedEdition[85223:118479367] INFO: LUA: A7LOG	2	9957300	37583	Day 1, Hour 12 (3 Mirtul, 1369)	WORLD_QUICKLOOT	^0xffd6bd9fJaheira^-: ^0xffd7c8a0I await your need.^-
2026-09-04 14:01:52.268 BaldursGateIIEnhancedEdition[85223:118479367] INFO: Font: Added point size (25) for font NORMAL
2026-09-04 14:01:52.270 BaldursGateIIEnhancedEdition[85223:118479367] INFO: Font: loaded font TOOLTIP
2026-09-04 14:01:52.270 BaldursGateIIEnhancedEdition[85223:118479367] INFO: Font: Added point size (25) for font TOOLTIP
2026-09-04 14:01:54.043 BaldursGateIIEnhancedEdition[85223:118479367] INFO: LUA: A7LOG	3	9958860	39363	Day 1, Hour 12 (3 Mirtul, 1369)	WORLD_QUICKLOOT	^0xffd6bd9fJaheira^-: ^0xffd7c8a0It is done.^-
2026-09-04 14:02:01.287 BaldursGateIIEnhancedEdition[85223:118479367] INFO: LUA: A7LOG	4	9965100	46606	Day 1, Hour 12 (3 Mirtul, 1369)	WORLD_QUICKLOOT	^0xff0000ffPAUSED^-
2026-09-04 14:02:04.866 BaldursGateIIEnhancedEdition[85223:118479367] INFO: LUA: A7LOG	5	9965100	50186	Day 1, Hour 12 (3 Mirtul, 1369)	WORLD_QUICKLOOT	^0xffcb967dBooprikt^-: ^0xffd7c8a0Hmm?^-
2026-09-04 14:02:06.050 BaldursGateIIEnhancedEdition[85223:118479367] INFO: LUA: A7LOG	6	9965100	51370	Day 1, Hour 12 (3 Mirtul, 1369)	WORLD_QUICKLOOT	^0xffcb967dBooprikt^-: ^0xffbed7d7Stopped Detecting Traps / Illusions^-
2026-09-04 14:02:11.785 BaldursGateIIEnhancedEdition[85223:118479367] INFO: LUA: A7LOG	7	9965160	57105	Day 1, Hour 12 (3 Mirtul, 1369)	WORLD_QUICKLOOT	^0xff0000ffUNPAUSED^-
2026-09-04 14:02:17.905 BaldursGateIIEnhancedEdition[85223:118479367] INFO: LUA: A7LOG	8	9970500	63225	Day 1, Hour 12 (3 Mirtul, 1369)	WORLD_QUICKLOOT	^0xff0000ffPAUSED^-
2026-09-04 14:02:17.965 BaldursGateIIEnhancedEdition[85223:118479367] INFO: LUA: A7LOG	9	9970500	63285	Day 1, Hour 12 (3 Mirtul, 1369)	WORLD_QUICKLOOT	^0xffcb967dBooprikt^-: ^0xffbed7d7Casts Animate Dead^-
2026-09-04 14:02:17.965 BaldursGateIIEnhancedEdition[85223:118479367] INFO: LUA: A7LOG	10	9970500	63285	Day 1, Hour 12 (3 Mirtul, 1369)	WORLD_QUICKLOOT	^0xffcb967dBooprikt^-: ^0xffbed7d7Auto-Paused: Spell Cast^-
2026-09-04 14:02:19.779 BaldursGateIIEnhancedEdition[85223:118479367] INFO: LUA: A7LOG	11	9970500	65099	Day 1, Hour 12 (3 Mirtul, 1369)	WORLD_QUICKLOOT	^0xff0000ffUNPAUSED^-
2026-09-04 14:02:19.919 BaldursGateIIEnhancedEdition[85223:118479367] INFO: LUA: A7LOG	12	9970620	65239	Day 1, Hour 12 (3 Mirtul, 1369)	WORLD_QUICKLOOT	^0xffd6bd9fGoblin^-: ^0xffbed7d7Attacks Skeleton Warrior^-
2026-09-04 14:02:20.054 BaldursGateIIEnhancedEdition[85223:118479367] INFO: LUA: A7LOG	13	9970740	65374	Day 1, Hour 12 (3 Mirtul, 1369)	WORLD_QUICKLOOT	^0xffd6bd9fGoblin^-: ^0xffbed7d7Attacks Skeleton Warrior^-
2026-09-04 14:02:20.088 BaldursGateIIEnhancedEdition[85223:118479367] INFO: LUA: A7LOG	14	9970800	65407	Day 1, Hour 12 (3 Mirtul, 1369)	WORLD_QUICKLOOT	^0xff707c6eGoblin^-: ^0xffbed7d7Attacks Skeleton Warrior^-
2026-09-04 14:02:20.190 BaldursGateIIEnhancedEdition[85223:118479367] INFO: LUA: A7LOG	15	9970860	65510	Day 1, Hour 12 (3 Mirtul, 1369)	WORLD_QUICKLOOT	^0xff6db39fGoblin^-: ^0xffbed7d7Attacks Skeleton Warrior^-
2026-09-04 14:02:20.227 BaldursGateIIEnhancedEdition[85223:118479367] INFO: LUA: A7LOG	16	9970920	65546	Day 1, Hour 12 (3 Mirtul, 1369)	WORLD_QUICKLOOT	^0xffa9a1b8Goblin^-: ^0xffbed7d7Attacks Skeleton Warrior^-
2026-09-04 14:02:20.366 BaldursGateIIEnhancedEdition[85223:118479367] INFO: LUA: A7LOG	17	9971040	65686	Day 1, Hour 12 (3 Mirtul, 1369)	WORLD_QUICKLOOT	^0xff94aef3Goblin^-: ^0xffbed7d7Attacks Skeleton Warrior^-
2026-09-04 14:02:20.366 BaldursGateIIEnhancedEdition[85223:118479367] INFO: LUA: A7LOG	18	9971040	65686	Day 1, Hour 12 (3 Mirtul, 1369)	WORLD_QUICKLOOT	^0xffcb967dBooprikt^-: ^0xffbed7d7Detecting Traps / Illusions^-
2026-09-04 14:02:20.678 BaldursGateIIEnhancedEdition[85223:118479367] INFO: LUA: A7LOG	19	9971220	65997	Day 1, Hour 12 (3 Mirtul, 1369)	WORLD_QUICKLOOT	^0xff0000ffPAUSED^-
2026-09-04 14:02:21.418 BaldursGateIIEnhancedEdition[85223:118479367] INFO: LUA: A7LOG	20	9971280	66737	Day 1, Hour 12 (3 Mirtul, 1369)	WORLD_QUICKLOOT	^0xff0000ffUNPAUSED^-
2026-09-04 14:02:22.030 BaldursGateIIEnhancedEdition[85223:118479367] INFO: LUA: A7LOG	21	9971760	67349	Day 1, Hour 12 (3 Mirtul, 1369)	WORLD_QUICKLOOT	^0xffbed7d7Goblin^-: ^0xffbed7d7Roll:13 +Luck:0 +SpecialAC:0  +HitMod:0  +Attack of Opportunity:0  +Berserk:0  +Right:2 (+Weapon Bonus 0+Launcher 1+Proficiency 1+Dex 0+Missile 0+Racial 0+Effects 0) +Invisible:0  +Invisible Target:0  +Range:0  +Hated Race:0  +Special Target:0  +Protections:0 ^-
2026-09-04 14:02:22.030 BaldursGateIIEnhancedEdition[85223:118479367] INFO: LUA: A7LOG	22	9971760	67350	Day 1, Hour 12 (3 Mirtul, 1369)	WORLD_QUICKLOOT	^0xff707c6eGoblin^-: ^0xffbed7d7Attack Roll 13 + 2 = 15 : Hit^-
2026-09-04 14:02:22.030 BaldursGateIIEnhancedEdition[85223:118479367] INFO: LUA: A7LOG	23	9971760	67350	Day 1, Hour 12 (3 Mirtul, 1369)	WORLD_QUICKLOOT	^0xffbed7d7Goblin^-: ^0xffbed7d7Roll:3  +DamageMod:0  +Hand bonus:0 (+Proficiency 2+Missile 0+Effects 0) +Attack of Opportunity:0  *Backstab:0  +Berserk:0  +Strength:0  +Hated Race:0  +Special Bonus:0 ^-
2026-09-04 14:02:22.030 BaldursGateIIEnhancedEdition[85223:118479367] INFO: LUA: A7LOG	24	9971760	67350	Day 1, Hour 12 (3 Mirtul, 1369)	WORLD_QUICKLOOT	^0xff0000ffPAUSED^-
2026-09-04 14:02:22.063 BaldursGateIIEnhancedEdition[85223:118479367] INFO: LUA: A7LOG	25	9971760	67383	Day 1, Hour 12 (3 Mirtul, 1369)	WORLD_QUICKLOOT	^0xff018bffSkeleton Warrior^-: ^0xffbed7d7Auto-Paused: Attacked^-
2026-09-04 14:02:22.999 BaldursGateIIEnhancedEdition[85223:118479367] INFO: LUA: A7LOG	26	9971820	68318	Day 1, Hour 12 (3 Mirtul, 1369)	WORLD_QUICKLOOT	^0xff0000ffUNPAUSED^-
2026-09-04 14:02:23.028 BaldursGateIIEnhancedEdition[85223:118479367] INFO: LUA: A7LOG	27	9971760	68348	Day 1, Hour 12 (3 Mirtul, 1369)	WORLD_QUICKLOOT	^0xffbed7d7Goblin^-: ^0xffbed7d7Roll:7 +Luck:0 +SpecialAC:0  +HitMod:0  +Attack of Opportunity:0  +Berserk:0  +Right:1 (+Weapon Bonus 0+Launcher 0+Proficiency 1+Dex 0+Missile 0+Racial 0+Effects 0) +Invisible:0  +Invisible Target:0  +Range:0  +Hated Race:0  +Special Target:0  +Protections:0 ^-
2026-09-04 14:02:23.028 BaldursGateIIEnhancedEdition[85223:118479367] INFO: LUA: A7LOG	28	9971760	68348	Day 1, Hour 12 (3 Mirtul, 1369)	WORLD_QUICKLOOT	^0xffd6bd9fGoblin^-: ^0xffbed7d7Attack Roll 7 + 1 = 8 : Miss^-
2026-09-04 14:02:23.028 BaldursGateIIEnhancedEdition[85223:118479367] INFO: LUA: A7LOG	29	9971760	68348	Day 1, Hour 12 (3 Mirtul, 1369)	WORLD_QUICKLOOT	^0xff0000ffPAUSED^-
2026-09-04 14:02:23.062 BaldursGateIIEnhancedEdition[85223:118479367] INFO: LUA: A7LOG	30	9971760	68381	Day 1, Hour 12 (3 Mirtul, 1369)	WORLD_QUICKLOOT	^0xff018bffSkeleton Warrior^-: ^0xffbed7d7Auto-Paused: Attacked^-
2026-09-04 14:02:24.664 BaldursGateIIEnhancedEdition[85223:118479367] INFO: LUA: A7LOG	31	9971760	69983	Day 1, Hour 12 (3 Mirtul, 1369)	WORLD_QUICKLOOT	^0xff0000ffUNPAUSED^-
2026-09-04 14:02:24.805 BaldursGateIIEnhancedEdition[85223:118479367] INFO: LUA: A7LOG	32	9971820	70125	Day 1, Hour 12 (3 Mirtul, 1369)	WORLD_QUICKLOOT	^0xff018bffSkeleton Warrior^-: ^0xffbed7d7Takes 2 missile damage from Goblin (3 damage resisted)^-
2026-09-04 14:02:24.805 BaldursGateIIEnhancedEdition[85223:118479367] INFO: LUA: A7LOG	33	9971820	70125	Day 1, Hour 12 (3 Mirtul, 1369)	WORLD_QUICKLOOT	^0xff0000ffPAUSED^-
2026-09-04 14:02:24.831 BaldursGateIIEnhancedEdition[85223:118479367] INFO: LUA: A7LOG	34	9971820	70151	Day 1, Hour 12 (3 Mirtul, 1369)	WORLD_QUICKLOOT	^0xff018bffSkeleton Warrior^-: ^0xffbed7d7Auto-Paused: Attacked^-
2026-09-04 14:02:26.167 BaldursGateIIEnhancedEdition[85223:118479367] INFO: LUA: A7LOG	35	9971820	71486	Day 1, Hour 12 (3 Mirtul, 1369)	WORLD_QUICKLOOT	^0xff0000ffUNPAUSED^-
2026-09-04 14:02:26.307 BaldursGateIIEnhancedEdition[85223:118479367] INFO: LUA: A7LOG	36	9971880	71627	Day 1, Hour 12 (3 Mirtul, 1369)	WORLD_QUICKLOOT	^0xff0000ffPAUSED^-
2026-09-04 14:02:26.339 BaldursGateIIEnhancedEdition[85223:118479367] INFO: LUA: A7LOG	37	9971880	71658	Day 1, Hour 12 (3 Mirtul, 1369)	WORLD_QUICKLOOT	^0xffd6bd9fJaheira^-: ^0xffbed7d7Attacks Goblin^-
2026-09-04 14:02:26.339 BaldursGateIIEnhancedEdition[85223:118479367] INFO: LUA: A7LOG	38	9971880	71659	Day 1, Hour 12 (3 Mirtul, 1369)	WORLD_QUICKLOOT	^0xffffb3f3Imoen^-: ^0xffbed7d7Auto-Paused: Enemy Sighted^-
2026-09-04 14:02:28.043 BaldursGateIIEnhancedEdition[85223:118479367] INFO: LUA: A7LOG	39	9971940	73362	Day 1, Hour 12 (3 Mirtul, 1369)	WORLD_QUICKLOOT	^0xff0000ffUNPAUSED^-
2026-09-04 14:02:28.150 BaldursGateIIEnhancedEdition[85223:118479367] INFO: LUA: A7LOG	40	9972000	73470	Day 1, Hour 12 (3 Mirtul, 1369)	WORLD_QUICKLOOT	^0xffd6bd9fJaheira^-: ^0xffd7c8a0Nature could find a home here if it were properly cleansed and balanced.^-
2026-09-04 14:02:29.035 BaldursGateIIEnhancedEdition[85223:118479367] INFO: LUA: A7LOG	41	9972780	74355	Day 1, Hour 12 (3 Mirtul, 1369)	WORLD_QUICKLOOT	^0xffc0a1aaMinsc^-: ^0xffbed7d7Attacks Goblin^-
2026-09-04 14:02:29.445 BaldursGateIIEnhancedEdition[85223:118479367] INFO: LUA: A7LOG	42	9973080	74765	Day 1, Hour 12 (3 Mirtul, 1369)	WORLD_QUICKLOOT	^0xff0000ffPAUSED^-
2026-09-04 14:02:30.650 BaldursGateIIEnhancedEdition[85223:118479367] INFO: LUA: A7LOG	43	9973140	75969	Day 1, Hour 12 (3 Mirtul, 1369)	WORLD_QUICKLOOT	^0xff0000ffUNPAUSED^-
2026-09-04 14:02:31.535 BaldursGateIIEnhancedEdition[85223:118479367] INFO: LUA: A7LOG	44	9973860	76854	Day 1, Hour 12 (3 Mirtul, 1369)	WORLD_QUICKLOOT	^0xff018bffSkeleton Warrior^-: ^0xffbed7d7Attacks Goblin^-
2026-09-04 14:02:31.535 BaldursGateIIEnhancedEdition[85223:118479367] INFO: LUA: A7LOG	45	9973860	76854	Day 1, Hour 12 (3 Mirtul, 1369)	WORLD_QUICKLOOT	^0xffbed7d7Goblin^-: ^0xffbed7d7Roll:6 +Luck:0 +SpecialAC:0  +HitMod:0  +Attack of Opportunity:0  +Berserk:0  +Right:2 (+Weapon Bonus 0+Launcher 1+Proficiency 1+Dex 0+Missile 0+Racial 0+Effects 0) +Invisible:0  +Invisible Target:0  +Range:0  +Hated Race:0  +Special Target:0  +Protections:0 ^-
2026-09-04 14:02:31.535 BaldursGateIIEnhancedEdition[85223:118479367] INFO: LUA: A7LOG	46	9973860	76854	Day 1, Hour 12 (3 Mirtul, 1369)	WORLD_QUICKLOOT	^0xff707c6eGoblin^-: ^0xffbed7d7Attack Roll 6 + 2 = 8 : Miss^-
2026-09-04 14:02:31.535 BaldursGateIIEnhancedEdition[85223:118479367] INFO: LUA: A7LOG	47	9973860	76855	Day 1, Hour 12 (3 Mirtul, 1369)	WORLD_QUICKLOOT	^0xff0000ffPAUSED^-
2026-09-04 14:02:31.568 BaldursGateIIEnhancedEdition[85223:118479367] INFO: LUA: A7LOG	48	9973860	76888	Day 1, Hour 12 (3 Mirtul, 1369)	WORLD_QUICKLOOT	^0xff018bffSkeleton Warrior^-: ^0xffbed7d7Auto-Paused: Attacked^-
2026-09-04 14:02:32.529 BaldursGateIIEnhancedEdition[85223:118479367] INFO: LUA: A7LOG	49	9973860	77849	Day 1, Hour 12 (3 Mirtul, 1369)	WORLD_QUICKLOOT	^0xffcb967dBooprikt^-: ^0xffd7c8a0Nothing to it.^-
2026-09-04 14:02:32.952 BaldursGateIIEnhancedEdition[85223:118479367] INFO: LUA: A7LOG	50	9973860	78271	Day 1, Hour 12 (3 Mirtul, 1369)	WORLD_QUICKLOOT	^0xffcb967dBooprikt^-: ^0xffd7c8a0I'm waiting.^-
2026-09-04 14:02:33.610 BaldursGateIIEnhancedEdition[85223:118479367] INFO: LUA: A7LOG	51	9973860	78930	Day 1, Hour 12 (3 Mirtul, 1369)	WORLD_QUICKLOOT	^0xffcb967dBooprikt^-: ^0xffd7c8a0Very well.^-
2026-09-04 14:02:34.128 BaldursGateIIEnhancedEdition[85223:118479367] INFO: LUA: A7LOG	52	9973860	79447	Day 1, Hour 12 (3 Mirtul, 1369)	WORLD_QUICKLOOT	^0xff0000ffUNPAUSED^-
2026-09-04 14:02:34.195 BaldursGateIIEnhancedEdition[85223:118479367] INFO: LUA: A7LOG	53	9973860	79515	Day 1, Hour 12 (3 Mirtul, 1369)	WORLD_QUICKLOOT	^0xffbed7d7Goblin^-: ^0xffbed7d7Roll:13 +Luck:0 +SpecialAC:0  +HitMod:0  +Attack of Opportunity:0  +Berserk:0  +Right:1 (+Weapon Bonus 0+Launcher 0+Proficiency 1+Dex 0+Missile 0+Racial 0+Effects 0) +Invisible:0  +Invisible Target:0  +Range:0  +Hated Race:0  +Special Target:0  +Protections:0 ^-
2026-09-04 14:02:34.195 BaldursGateIIEnhancedEdition[85223:118479367] INFO: LUA: A7LOG	54	9973860	79515	Day 1, Hour 12 (3 Mirtul, 1369)	WORLD_QUICKLOOT	^0xffd6bd9fGoblin^-: ^0xffbed7d7Attack Roll 13 + 1 = 14 : Hit^-
2026-09-04 14:02:34.195 BaldursGateIIEnhancedEdition[85223:118479367] INFO: LUA: A7LOG	55	9973860	79515	Day 1, Hour 12 (3 Mirtul, 1369)	WORLD_QUICKLOOT	^0xffbed7d7Goblin^-: ^0xffbed7d7Roll:2  +DamageMod:0  +Hand bonus:0 (+Proficiency 2+Missile 0+Effects 0) +Attack of Opportunity:0  *Backstab:0  +Berserk:0  +Strength:0  +Hated Race:0  +Special Bonus:0 ^-
2026-09-04 14:02:34.195 BaldursGateIIEnhancedEdition[85223:118479367] INFO: LUA: A7LOG	56	9973860	79515	Day 1, Hour 12 (3 Mirtul, 1369)	WORLD_QUICKLOOT	^0xff0000ffPAUSED^-
2026-09-04 14:02:34.228 BaldursGateIIEnhancedEdition[85223:118479367] INFO: LUA: A7LOG	57	9973860	79547	Day 1, Hour 12 (3 Mirtul, 1369)	WORLD_QUICKLOOT	^0xff018bffSkeleton Warrior^-: ^0xffbed7d7Auto-Paused: Attacked^-
2026-09-04 14:02:34.981 BaldursGateIIEnhancedEdition[85223:118479367] INFO: LUA: A7LOG	58	9973920	80301	Day 1, Hour 12 (3 Mirtul, 1369)	WORLD_QUICKLOOT	^0xff0000ffUNPAUSED^-
2026-09-04 14:02:35.117 BaldursGateIIEnhancedEdition[85223:118479367] INFO: LUA: A7LOG	59	9973980	80437	Day 1, Hour 12 (3 Mirtul, 1369)	WORLD_QUICKLOOT	^0xff018bffSkeleton Warrior^-: ^0xffbed7d7Takes 2 missile damage from Goblin (2 damage resisted)^-
2026-09-04 14:02:35.117 BaldursGateIIEnhancedEdition[85223:118479367] INFO: LUA: A7LOG	60	9973980	80437	Day 1, Hour 12 (3 Mirtul, 1369)	WORLD_QUICKLOOT	^0xff0000ffPAUSED^-
2026-09-04 14:02:35.150 BaldursGateIIEnhancedEdition[85223:118479367] INFO: LUA: A7LOG	61	9973980	80470	Day 1, Hour 12 (3 Mirtul, 1369)	WORLD_QUICKLOOT	^0xff018bffSkeleton Warrior^-: ^0xffbed7d7Auto-Paused: Attacked^-
2026-09-04 14:02:35.869 BaldursGateIIEnhancedEdition[85223:118479367] INFO: LUA: A7LOG	62	9974040	81188	Day 1, Hour 12 (3 Mirtul, 1369)	WORLD_QUICKLOOT	^0xff0000ffUNPAUSED^-
2026-09-04 14:02:37.096 BaldursGateIIEnhancedEdition[85223:118479367] INFO: LUA: A7LOG	63	9975000	82415	Day 1, Hour 12 (3 Mirtul, 1369)	WORLD_QUICKLOOT	^0xff0000ffPAUSED^-
2026-09-04 14:02:37.931 BaldursGateIIEnhancedEdition[85223:118479367] INFO: LUA: A7LOG	64	9975000	83250	Day 1, Hour 12 (3 Mirtul, 1369)	WORLD_QUICKLOOT	^0xffc0a1aaMinsc^-: ^0xffd7c8a0You point, I punch.^-
2026-09-04 14:02:38.418 BaldursGateIIEnhancedEdition[85223:118479367] INFO: LUA: A7LOG	65	9975000	83738	Day 1, Hour 12 (3 Mirtul, 1369)	WORLD_QUICKLOOT	^0xffc0a1aaMinsc^-: ^0xffd7c8a0Where Minsc goes, evil stands aside.^-
2026-09-04 14:02:38.729 BaldursGateIIEnhancedEdition[85223:118479367] INFO: LUA: A7LOG	66	9975000	84049	Day 1, Hour 12 (3 Mirtul, 1369)	WORLD_QUICKLOOT	^0xff0000ffUNPAUSED^-
2026-09-04 14:02:38.848 BaldursGateIIEnhancedEdition[85223:118479367] INFO: sAchieveID=NONE,m_sGlobalName=SPRITE_IS_DEADNone,m_nValue=1
2026-09-04 14:02:38.855 BaldursGateIIEnhancedEdition[85223:118479367] INFO: LUA: A7LOG	67	9975120	84174	Day 1, Hour 12 (3 Mirtul, 1369)	WORLD_QUICKLOOT	^0xffbed7d7Skeleton Warrior^-: ^0xffbed7d7Roll:19 +Luck:0 +SpecialAC:0  +HitMod:0  +Attack of Opportunity:0  +Berserk:0  +Right:3 (+Weapon Bonus 0+Proficiency 3+STR 0+STREX 0+Melee bonus 0+Racial 0+Effects 0) +Invisible:0  +Invisible Target:0  +Range:0  +Hated Race:0  +Special Target:0  +Protections:0 ^-
2026-09-04 14:02:38.855 BaldursGateIIEnhancedEdition[85223:118479367] INFO: LUA: A7LOG	68	9975120	84174	Day 1, Hour 12 (3 Mirtul, 1369)	WORLD_QUICKLOOT	^0xff018bffSkeleton Warrior^-: ^0xffbed7d7Attack Roll 19 + 3 = 22 : Hit^-
2026-09-04 14:02:38.855 BaldursGateIIEnhancedEdition[85223:118479367] INFO: LUA: A7LOG	69	9975120	84174	Day 1, Hour 12 (3 Mirtul, 1369)	WORLD_QUICKLOOT	^0xffbed7d7Skeleton Warrior^-: ^0xffbed7d7Roll:6  +DamageMod:0  +Hand bonus:0 (+Proficiency 5+Melee bonus 0+Effects 0) +Attack of Opportunity:0  *Backstab:0  +Berserk:0  +Strength:1  +Hated Race:0  +Special Bonus:0 ^-
2026-09-04 14:02:38.855 BaldursGateIIEnhancedEdition[85223:118479367] INFO: LUA: A7LOG	70	9975120	84174	Day 1, Hour 12 (3 Mirtul, 1369)	WORLD_QUICKLOOT	^0xff6db39fGoblin^-: ^0xffbed7d7Takes 12 slashing damage from Skeleton Warrior^-
2026-09-04 14:02:38.855 BaldursGateIIEnhancedEdition[85223:118479367] INFO: LUA: A7LOG	71	9975120	84174	Day 1, Hour 12 (3 Mirtul, 1369)	WORLD_QUICKLOOT	^0xff6db39fGoblin^-: ^0xffbed7d7Death^-
2026-09-04 14:02:39.243 BaldursGateIIEnhancedEdition[85223:118479367] INFO: LUA: A7LOG	72	9975420	84563	Day 1, Hour 12 (3 Mirtul, 1369)	WORLD_QUICKLOOT	^0xffbed7d7Goblin^-: ^0xffbed7d7Roll:2 +Luck:0 +SpecialAC:0  +HitMod:0  +Attack of Opportunity:0  +Berserk:0  +Right:0 (+Weapon Bonus 0+Proficiency 0+STR 0+STREX 0+Melee bonus 0+Racial 0+Effects 0) +Invisible:0  +Invisible Target:0  +Range:0  +Hated Race:0  +Special Target:0  +Protections:0 ^-
2026-09-04 14:02:39.243 BaldursGateIIEnhancedEdition[85223:118479367] INFO: LUA: A7LOG	73	9975420	84563	Day 1, Hour 12 (3 Mirtul, 1369)	WORLD_QUICKLOOT	^0xff94aef3Goblin^-: ^0xffbed7d7Attack Roll 2 + 0 = 2 : Miss^-
2026-09-04 14:02:39.244 BaldursGateIIEnhancedEdition[85223:118479367] INFO: LUA: A7LOG	74	9975420	84563	Day 1, Hour 12 (3 Mirtul, 1369)	WORLD_QUICKLOOT	^0xff0000ffPAUSED^-
2026-09-04 14:02:39.279 BaldursGateIIEnhancedEdition[85223:118479367] INFO: LUA: A7LOG	75	9975420	84598	Day 1, Hour 12 (3 Mirtul, 1369)	WORLD_QUICKLOOT	^0xff018bffSkeleton Warrior^-: ^0xffbed7d7Auto-Paused: Attacked^-
2026-09-04 14:02:39.521 BaldursGateIIEnhancedEdition[85223:118479367] INFO: LUA: A7LOG	76	9975480	84841	Day 1, Hour 12 (3 Mirtul, 1369)	WORLD_QUICKLOOT	^0xff0000ffUNPAUSED^-
2026-09-04 14:02:39.590 BaldursGateIIEnhancedEdition[85223:118479367] INFO: LUA: A7LOG	77	9975540	84909	Day 1, Hour 12 (3 Mirtul, 1369)	WORLD_QUICKLOOT	^0xffc8ffc8The Party Has Gained Experience: 20^-
2026-09-04 14:02:39.590 BaldursGateIIEnhancedEdition[85223:118479367] INFO: LUA: A7LOG	78	9975540	84909	Day 1, Hour 12 (3 Mirtul, 1369)	WORLD_QUICKLOOT	^0xff018bffSkeleton Warrior^-: ^0xffbed7d7Attacks Goblin^-
2026-09-04 14:02:40.285 BaldursGateIIEnhancedEdition[85223:118479367] INFO: LUA: A7LOG	79	9976020	85605	Day 1, Hour 12 (3 Mirtul, 1369)	WORLD_QUICKLOOT	^0xff0000ffPAUSED^-
2026-09-04 14:02:41.701 BaldursGateIIEnhancedEdition[85223:118479367] INFO: LUA: A7LOG	80	9976020	87021	Day 1, Hour 12 (3 Mirtul, 1369)	WORLD_QUICKLOOT	^0xffc0a1aaMinsc^-: ^0xffbed7d7is Attacking Goblin^-
2026-09-04 14:02:42.324 BaldursGateIIEnhancedEdition[85223:118479367] INFO: LUA: A7LOG	81	9976020	87644	Day 1, Hour 12 (3 Mirtul, 1369)	WORLD_QUICKLOOT	^0xff0000ffUNPAUSED^-
2026-09-04 14:02:42.396 BaldursGateIIEnhancedEdition[85223:118479367] INFO: LUA: A7LOG	82	9976080	87716	Day 1, Hour 12 (3 Mirtul, 1369)	WORLD_QUICKLOOT	^0xffc0a1aaMinsc^-: ^0xffbed7d7Attacks Goblin^-
2026-09-04 14:02:42.396 BaldursGateIIEnhancedEdition[85223:118479367] INFO: LUA: A7LOG	83	9976080	87716	Day 1, Hour 12 (3 Mirtul, 1369)	WORLD_QUICKLOOT	^0xffc0a1aaMinsc^-: ^0xffd7c8a0Go for the eyes, Boo, GO FOR THE EYES! RrraaaAAGHGHH!^-
2026-09-04 14:02:43.347 BaldursGateIIEnhancedEdition[85223:118479367] INFO: LUA: A7LOG	84	9976860	88666	Day 1, Hour 12 (3 Mirtul, 1369)	WORLD_QUICKLOOT	^0xffbed7d7Goblin^-: ^0xffbed7d7Roll:14 +Luck:0 +SpecialAC:0  +HitMod:0  +Attack of Opportunity:0  +Berserk:0  +Right:1 (+Weapon Bonus 0+Launcher 0+Proficiency 1+Dex 0+Missile 0+Racial 0+Effects 0) +Invisible:0  +Invisible Target:0  +Range:0  +Hated Race:0  +Special Target:0  +Protections:0 ^-
2026-09-04 14:02:43.347 BaldursGateIIEnhancedEdition[85223:118479367] INFO: LUA: A7LOG	85	9976860	88666	Day 1, Hour 12 (3 Mirtul, 1369)	WORLD_QUICKLOOT	^0xffd6bd9fGoblin^-: ^0xffbed7d7Attack Roll 14 + 1 = 15 : Hit^-
2026-09-04 14:02:43.347 BaldursGateIIEnhancedEdition[85223:118479367] INFO: LUA: A7LOG	86	9976860	88666	Day 1, Hour 12 (3 Mirtul, 1369)	WORLD_QUICKLOOT	^0xffbed7d7Goblin^-: ^0xffbed7d7Roll:4  +DamageMod:0  +Hand bonus:0 (+Proficiency 2+Missile 0+Effects 0) +Attack of Opportunity:0  *Backstab:0  +Berserk:0  +Strength:0  +Hated Race:0  +Special Bonus:0 ^-
2026-09-04 14:02:43.347 BaldursGateIIEnhancedEdition[85223:118479367] INFO: LUA: A7LOG	87	9976860	88666	Day 1, Hour 12 (3 Mirtul, 1369)	WORLD_QUICKLOOT	^0xff0000ffPAUSED^-
2026-09-04 14:02:43.380 BaldursGateIIEnhancedEdition[85223:118479367] INFO: LUA: A7LOG	88	9976860	88699	Day 1, Hour 12 (3 Mirtul, 1369)	WORLD_QUICKLOOT	^0xff018bffSkeleton Warrior^-: ^0xffbed7d7Auto-Paused: Attacked^-
2026-09-04 14:03:11.040 BaldursGateIIEnhancedEdition[85223:118479367] INFO: LUA: A7LOG	89	9976860	116359	Day 1, Hour 12 (3 Mirtul, 1369)	WORLD_QUICKLOOT	^0xff0000ffUNPAUSED^-
2026-09-04 14:03:11.149 BaldursGateIIEnhancedEdition[85223:118479367] INFO: LUA: A7LOG	90	9976920	116468	Day 1, Hour 12 (3 Mirtul, 1369)	WORLD_QUICKLOOT	^0xff018bffSkeleton Warrior^-: ^0xffbed7d7Takes 3 missile damage from Goblin (3 damage resisted)^-
2026-09-04 14:03:11.149 BaldursGateIIEnhancedEdition[85223:118479367] INFO: LUA: A7LOG	91	9976920	116468	Day 1, Hour 12 (3 Mirtul, 1369)	WORLD_QUICKLOOT	^0xff0000ffPAUSED^-
2026-09-04 14:03:11.178 BaldursGateIIEnhancedEdition[85223:118479367] INFO: LUA: A7LOG	92	9976920	116498	Day 1, Hour 12 (3 Mirtul, 1369)	WORLD_QUICKLOOT	^0xff018bffSkeleton Warrior^-: ^0xffbed7d7Auto-Paused: Attacked^-
2026-09-04 14:03:11.964 BaldursGateIIEnhancedEdition[85223:118479367] INFO: LUA: A7LOG	93	9976980	117283	Day 1, Hour 12 (3 Mirtul, 1369)	WORLD_QUICKLOOT	^0xff0000ffUNPAUSED^-
2026-09-04 14:03:12.035 BaldursGateIIEnhancedEdition[85223:118479367] INFO: LUA: A7LOG	94	9976980	117355	Day 1, Hour 12 (3 Mirtul, 1369)	WORLD_QUICKLOOT	^0xffbed7d7Goblin^-: ^0xffbed7d7Roll:4 +Luck:0 +SpecialAC:0  +HitMod:0  +Attack of Opportunity:0  +Berserk:0  +Right:2 (+Weapon Bonus 0+Launcher 1+Proficiency 1+Dex 0+Missile 0+Racial 0+Effects 0) +Invisible:0  +Invisible Target:0  +Range:0  +Hated Race:0  +Special Target:0  +Protections:0 ^-
2026-09-04 14:03:12.036 BaldursGateIIEnhancedEdition[85223:118479367] INFO: LUA: A7LOG	95	9976980	117355	Day 1, Hour 12 (3 Mirtul, 1369)	WORLD_QUICKLOOT	^0xff707c6eGoblin^-: ^0xffbed7d7Attack Roll 4 + 2 = 6 : Miss^-
2026-09-04 14:03:12.036 BaldursGateIIEnhancedEdition[85223:118479367] INFO: LUA: A7LOG	96	9976980	117355	Day 1, Hour 12 (3 Mirtul, 1369)	WORLD_QUICKLOOT	^0xff0000ffPAUSED^-
2026-09-04 14:03:12.067 BaldursGateIIEnhancedEdition[85223:118479367] INFO: LUA: A7LOG	97	9976980	117386	Day 1, Hour 12 (3 Mirtul, 1369)	WORLD_QUICKLOOT	^0xff018bffSkeleton Warrior^-: ^0xffbed7d7Auto-Paused: Attacked^-
2026-09-04 14:03:12.851 BaldursGateIIEnhancedEdition[85223:118479367] INFO: LUA: A7LOG	98	9977040	118170	Day 1, Hour 12 (3 Mirtul, 1369)	WORLD_QUICKLOOT	^0xff0000ffUNPAUSED^-
2026-09-04 14:03:13.266 BaldursGateIIEnhancedEdition[85223:118479367] INFO: sAchieveID=NONE,m_sGlobalName=SPRITE_IS_DEADNone,m_nValue=1
2026-09-04 14:03:13.267 BaldursGateIIEnhancedEdition[85223:118479367] INFO: LUA: A7LOG	99	9977400	118587	Day 1, Hour 12 (3 Mirtul, 1369)	WORLD_QUICKLOOT	^0xffbed7d7Jaheira^-: ^0xffbed7d7Roll:10 +Luck:0 +SpecialAC:0  +HitMod:0  +Attack of Opportunity:0  +Berserk:0  +Right:2 (+Weapon Bonus 2+Proficiency 0+STR 0+STREX 0+Melee bonus 0+Racial 0+Effects 0) +Invisible:0  +Invisible Target:0  +Range:0  +Hated Race:0  +Special Target:0  +Protections:0 ^-
2026-09-04 14:03:13.267 BaldursGateIIEnhancedEdition[85223:118479367] INFO: LUA: A7LOG	100	9977400	118587	Day 1, Hour 12 (3 Mirtul, 1369)	WORLD_QUICKLOOT	^0xffd6bd9fJaheira^-: ^0xffbed7d7Attack Roll 10 + 2 = 12 : Hit^-
2026-09-04 14:03:13.267 BaldursGateIIEnhancedEdition[85223:118479367] INFO: LUA: A7LOG	101	9977400	118587	Day 1, Hour 12 (3 Mirtul, 1369)	WORLD_QUICKLOOT	^0xffbed7d7Jaheira^-: ^0xffbed7d7Roll:11  +DamageMod:0  +Hand bonus:0 (+Proficiency 0+Melee bonus 0+Effects 0) +Attack of Opportunity:0  *Backstab:0  +Berserk:0  +Strength:0  +Hated Race:0  +Special Bonus:0 ^-
2026-09-04 14:03:13.268 BaldursGateIIEnhancedEdition[85223:118479367] INFO: LUA: A7LOG	102	9977400	118587	Day 1, Hour 12 (3 Mirtul, 1369)	WORLD_QUICKLOOT	^0xff94aef3Goblin^-: ^0xffbed7d7Takes 11 piercing damage from Jaheira^-
2026-09-04 14:03:13.268 BaldursGateIIEnhancedEdition[85223:118479367] INFO: LUA: A7LOG	103	9977400	118587	Day 1, Hour 12 (3 Mirtul, 1369)	WORLD_QUICKLOOT	^0xff94aef3Goblin^-: ^0xffbed7d7Death^-
2026-09-04 14:03:13.874 BaldursGateIIEnhancedEdition[85223:118479367] INFO: LUA: A7LOG	104	9977820	119193	Day 1, Hour 12 (3 Mirtul, 1369)	WORLD_QUICKLOOT	^0xff0000ffPAUSED^-
2026-09-04 14:03:15.499 BaldursGateIIEnhancedEdition[85223:118479367] INFO: LUA: A7LOG	105	9977820	120818	Day 1, Hour 12 (3 Mirtul, 1369)	WORLD_QUICKLOOT	^0xffc0a1aaMinsc^-: ^0xffd7c8a0Swords, not words!^-
2026-09-04 14:03:17.010 BaldursGateIIEnhancedEdition[85223:118479367] INFO: LUA: A7LOG	106	9977820	122330	Day 1, Hour 12 (3 Mirtul, 1369)	WORLD_QUICKLOOT	^0xffc0a1aaMinsc^-: ^0xffbed7d7is Attacking Goblin^-
2026-09-04 14:03:17.386 BaldursGateIIEnhancedEdition[85223:118479367] INFO: LUA: A7LOG	107	9977880	122705	Day 1, Hour 12 (3 Mirtul, 1369)	WORLD_QUICKLOOT	^0xff0000ffUNPAUSED^-
2026-09-04 14:03:17.423 BaldursGateIIEnhancedEdition[85223:118479367] INFO: LUA: A7LOG	108	9977880	122742	Day 1, Hour 12 (3 Mirtul, 1369)	WORLD_QUICKLOOT	^0xffc0a1aaMinsc^-: ^0xffbed7d7Attacks Goblin^-
2026-09-04 14:03:17.423 BaldursGateIIEnhancedEdition[85223:118479367] INFO: LUA: A7LOG	109	9977880	122743	Day 1, Hour 12 (3 Mirtul, 1369)	WORLD_QUICKLOOT	^0xffc0a1aaMinsc^-: ^0xffd7c8a0Go for the eyes, Boo, GO FOR THE EYES! RrraaaAAGHGHH!^-
2026-09-04 14:03:17.663 BaldursGateIIEnhancedEdition[85223:118479367] INFO: LUA: A7LOG	110	9978120	122983	Day 1, Hour 12 (3 Mirtul, 1369)	WORLD_QUICKLOOT	^0xffc8ffc8The Party Has Gained Experience: 20^-
2026-09-04 14:03:17.664 BaldursGateIIEnhancedEdition[85223:118479367] INFO: LUA: A7LOG	111	9978120	122983	Day 1, Hour 12 (3 Mirtul, 1369)	WORLD_QUICKLOOT	^0xff018bffSkeleton Warrior^-: ^0xffbed7d7Attacks Goblin^-
2026-09-04 14:03:18.483 BaldursGateIIEnhancedEdition[85223:118479367] INFO: LUA: A7LOG	112	9978780	123802	Day 1, Hour 12 (3 Mirtul, 1369)	WORLD_QUICKLOOT	^0xffbed7d7Goblin^-: ^0xffbed7d7Roll:9 +Luck:0 +SpecialAC:0  +HitMod:0  +Attack of Opportunity:0  +Berserk:0  +Right:0 (+Weapon Bonus 0+Proficiency 0+STR 0+STREX 0+Melee bonus 0+Racial 0+Effects 0) +Invisible:0  +Invisible Target:0  +Range:0  +Hated Race:0  +Special Target:0  +Protections:0 ^-
2026-09-04 14:03:18.483 BaldursGateIIEnhancedEdition[85223:118479367] INFO: LUA: A7LOG	113	9978780	123802	Day 1, Hour 12 (3 Mirtul, 1369)	WORLD_QUICKLOOT	^0xffa9a1b8Goblin^-: ^0xffbed7d7Attack Roll 9 + 0 = 9 : Miss^-
2026-09-04 14:03:18.483 BaldursGateIIEnhancedEdition[85223:118479367] INFO: LUA: A7LOG	114	9978780	123802	Day 1, Hour 12 (3 Mirtul, 1369)	WORLD_QUICKLOOT	^0xff0000ffPAUSED^-
2026-09-04 14:03:18.517 BaldursGateIIEnhancedEdition[85223:118479367] INFO: LUA: A7LOG	115	9978780	123837	Day 1, Hour 12 (3 Mirtul, 1369)	WORLD_QUICKLOOT	^0xff018bffSkeleton Warrior^-: ^0xffbed7d7Auto-Paused: Attacked^-
2026-09-04 14:03:19.781 BaldursGateIIEnhancedEdition[85223:118479367] INFO: LUA: A7LOG	116	9978840	125101	Day 1, Hour 12 (3 Mirtul, 1369)	WORLD_QUICKLOOT	^0xff0000ffUNPAUSED^-
2026-09-04 14:03:20.023 BaldursGateIIEnhancedEdition[85223:118479367] INFO: LUA: A7LOG	117	9978960	125342	Day 1, Hour 12 (3 Mirtul, 1369)	WORLD_QUICKLOOT	^0xffbed7d7Goblin^-: ^0xffbed7d7Roll:3 +Luck:0 +SpecialAC:0  +HitMod:0  +Attack of Opportunity:0  +Berserk:0  +Right:1 (+Weapon Bonus 0+Launcher 0+Proficiency 1+Dex 0+Missile 0+Racial 0+Effects 0) +Invisible:0  +Invisible Target:0  +Range:0  +Hated Race:0  +Special Target:0  +Protections:0 ^-
2026-09-04 14:03:20.023 BaldursGateIIEnhancedEdition[85223:118479367] INFO: LUA: A7LOG	118	9978960	125342	Day 1, Hour 12 (3 Mirtul, 1369)	WORLD_QUICKLOOT	^0xffd6bd9fGoblin^-: ^0xffbed7d7Attack Roll 3 + 1 = 4 : Miss^-
2026-09-04 14:03:20.023 BaldursGateIIEnhancedEdition[85223:118479367] INFO: LUA: A7LOG	119	9978960	125342	Day 1, Hour 12 (3 Mirtul, 1369)	WORLD_QUICKLOOT	^0xff0000ffPAUSED^-
2026-09-04 14:03:20.056 BaldursGateIIEnhancedEdition[85223:118479367] INFO: LUA: A7LOG	120	9978960	125375	Day 1, Hour 12 (3 Mirtul, 1369)	WORLD_QUICKLOOT	^0xff018bffSkeleton Warrior^-: ^0xffbed7d7Auto-Paused: Attacked^-
2026-09-04 14:03:20.808 BaldursGateIIEnhancedEdition[85223:118479367] INFO: LUA: A7LOG	121	9979020	126127	Day 1, Hour 12 (3 Mirtul, 1369)	WORLD_QUICKLOOT	^0xff0000ffUNPAUSED^-
2026-09-04 14:03:21.150 BaldursGateIIEnhancedEdition[85223:118479367] INFO: LUA: A7LOG	122	9979260	126469	Day 1, Hour 12 (3 Mirtul, 1369)	WORLD_QUICKLOOT	^0xffbed7d7Goblin^-: ^0xffbed7d7Roll:16 +Luck:0 +SpecialAC:0  +HitMod:0  +Attack of Opportunity:0  +Berserk:0  +Right:2 (+Weapon Bonus 0+Launcher 1+Proficiency 1+Dex 0+Missile 0+Racial 0+Effects 0) +Invisible:0  +Invisible Target:0  +Range:0  +Hated Race:0  +Special Target:0  +Protections:0 ^-
2026-09-04 14:03:21.150 BaldursGateIIEnhancedEdition[85223:118479367] INFO: LUA: A7LOG	123	9979260	126470	Day 1, Hour 12 (3 Mirtul, 1369)	WORLD_QUICKLOOT	^0xff707c6eGoblin^-: ^0xffbed7d7Attack Roll 16 + 2 = 18 : Hit^-
2026-09-04 14:03:21.151 BaldursGateIIEnhancedEdition[85223:118479367] INFO: LUA: A7LOG	124	9979260	126470	Day 1, Hour 12 (3 Mirtul, 1369)	WORLD_QUICKLOOT	^0xffbed7d7Goblin^-: ^0xffbed7d7Roll:3  +DamageMod:0  +Hand bonus:0 (+Proficiency 2+Missile 0+Effects 0) +Attack of Opportunity:0  *Backstab:0  +Berserk:0  +Strength:0  +Hated Race:0  +Special Bonus:0 ^-
2026-09-04 14:03:21.151 BaldursGateIIEnhancedEdition[85223:118479367] INFO: LUA: A7LOG	125	9979260	126470	Day 1, Hour 12 (3 Mirtul, 1369)	WORLD_QUICKLOOT	^0xff0000ffPAUSED^-
2026-09-04 14:03:21.187 BaldursGateIIEnhancedEdition[85223:118479367] INFO: LUA: A7LOG	126	9979260	126506	Day 1, Hour 12 (3 Mirtul, 1369)	WORLD_QUICKLOOT	^0xff018bffSkeleton Warrior^-: ^0xffbed7d7Auto-Paused: Attacked^-
2026-09-04 14:03:23.411 BaldursGateIIEnhancedEdition[85223:118479367] INFO: LUA: A7LOG	127	9979260	128730	Day 1, Hour 12 (3 Mirtul, 1369)	WORLD_QUICKLOOT	^0xffcb967dBooprikt^-: ^0xffd7c8a0Yes?^-
2026-09-04 14:03:23.870 BaldursGateIIEnhancedEdition[85223:118479367] INFO: LUA: A7LOG	128	9979260	129189	Day 1, Hour 12 (3 Mirtul, 1369)	WORLD_QUICKLOOT	^0xffcb967dBooprikt^-: ^0xffbed7d7Stopped Detecting Traps / Illusions^-
2026-09-04 14:03:24.957 BaldursGateIIEnhancedEdition[85223:118479367] INFO: LUA: A7LOG	129	9979320	130276	Day 1, Hour 12 (3 Mirtul, 1369)	WORLD_QUICKLOOT	^0xff0000ffUNPAUSED^-
2026-09-04 14:03:25.168 BaldursGateIIEnhancedEdition[85223:118479367] INFO: LUA: A7LOG	130	9979500	130487	Day 1, Hour 12 (3 Mirtul, 1369)	WORLD_QUICKLOOT	^0xffcb967dBooprikt^-: ^0xffbed7d7Detecting Traps / Illusions^-
2026-09-04 14:03:25.237 BaldursGateIIEnhancedEdition[85223:118479367] INFO: LUA: A7LOG	131	9979500	130556	Day 1, Hour 12 (3 Mirtul, 1369)	WORLD_QUICKLOOT	^0xff018bffSkeleton Warrior^-: ^0xffbed7d7Takes 2 missile damage from Goblin (3 damage resisted)^-
2026-09-04 14:03:25.237 BaldursGateIIEnhancedEdition[85223:118479367] INFO: LUA: A7LOG	132	9979500	130556	Day 1, Hour 12 (3 Mirtul, 1369)	WORLD_QUICKLOOT	^0xff0000ffPAUSED^-
2026-09-04 14:03:25.268 BaldursGateIIEnhancedEdition[85223:118479367] INFO: LUA: A7LOG	133	9979500	130587	Day 1, Hour 12 (3 Mirtul, 1369)	WORLD_QUICKLOOT	^0xff018bffSkeleton Warrior^-: ^0xffbed7d7Auto-Paused: Attacked^-
2026-09-04 14:03:26.163 BaldursGateIIEnhancedEdition[85223:118479367] INFO: LUA: A7LOG	134	9979500	131482	Day 1, Hour 12 (3 Mirtul, 1369)	WORLD_QUICKLOOT	^0xff0000ffUNPAUSED^-
2026-09-04 14:03:27.281 BaldursGateIIEnhancedEdition[85223:118479367] INFO: sAchieveID=NONE,m_sGlobalName=SPRITE_IS_DEADNone,m_nValue=1
2026-09-04 14:03:27.283 BaldursGateIIEnhancedEdition[85223:118479367] INFO: LUA: A7LOG	135	9980520	132602	Day 1, Hour 12 (3 Mirtul, 1369)	WORLD_QUICKLOOT	^0xffbed7d7Jaheira^-: ^0xffbed7d7Roll:12 +Luck:0 +SpecialAC:0  +HitMod:0  +Attack of Opportunity:0  +Berserk:0  +Right:2 (+Weapon Bonus 2+Proficiency 0+STR 0+STREX 0+Melee bonus 0+Racial 0+Effects 0) +Invisible:0  +Invisible Target:0  +Range:0  +Hated Race:0  +Special Target:0  +Protections:0 ^-
2026-09-04 14:03:27.283 BaldursGateIIEnhancedEdition[85223:118479367] INFO: LUA: A7LOG	136	9980520	132602	Day 1, Hour 12 (3 Mirtul, 1369)	WORLD_QUICKLOOT	^0xffd6bd9fJaheira^-: ^0xffbed7d7Attack Roll 12 + 2 = 14 : Hit^-
2026-09-04 14:03:27.283 BaldursGateIIEnhancedEdition[85223:118479367] INFO: LUA: A7LOG	137	9980520	132602	Day 1, Hour 12 (3 Mirtul, 1369)	WORLD_QUICKLOOT	^0xffbed7d7Jaheira^-: ^0xffbed7d7Roll:10  +DamageMod:0  +Hand bonus:0 (+Proficiency 0+Melee bonus 0+Effects 0) +Attack of Opportunity:0  *Backstab:0  +Berserk:0  +Strength:0  +Hated Race:0  +Special Bonus:0 ^-
2026-09-04 14:03:27.283 BaldursGateIIEnhancedEdition[85223:118479367] INFO: LUA: A7LOG	138	9980520	132602	Day 1, Hour 12 (3 Mirtul, 1369)	WORLD_QUICKLOOT	^0xffa9a1b8Goblin^-: ^0xffbed7d7Takes 10 piercing damage from Jaheira^-
2026-09-04 14:03:27.283 BaldursGateIIEnhancedEdition[85223:118479367] INFO: LUA: A7LOG	139	9980520	132602	Day 1, Hour 12 (3 Mirtul, 1369)	WORLD_QUICKLOOT	^0xffa9a1b8Goblin^-: ^0xffbed7d7Death^-
2026-09-04 14:03:27.688 BaldursGateIIEnhancedEdition[85223:118479367] INFO: LUA: A7LOG	140	9980880	133007	Day 1, Hour 12 (3 Mirtul, 1369)	WORLD_QUICKLOOT	^0xffc8ffc8The Party Has Gained Experience: 20^-
2026-09-04 14:03:27.688 BaldursGateIIEnhancedEdition[85223:118479367] INFO: LUA: A7LOG	141	9980880	133008	Day 1, Hour 12 (3 Mirtul, 1369)	WORLD_QUICKLOOT	^0xffd6bd9fJaheira^-: ^0xffbed7d7Attacks Goblin^-
2026-09-04 14:03:27.689 BaldursGateIIEnhancedEdition[85223:118479367] INFO: LUA: A7LOG	142	9980880	133008	Day 1, Hour 12 (3 Mirtul, 1369)	WORLD_QUICKLOOT	^0xff018bffSkeleton Warrior^-: ^0xffbed7d7Attacks Goblin^-
2026-09-04 14:03:27.861 BaldursGateIIEnhancedEdition[85223:118479367] INFO: sAchieveID=NONE,m_sGlobalName=SPRITE_IS_DEADNone,m_nValue=1
2026-09-04 14:03:27.864 BaldursGateIIEnhancedEdition[85223:118479367] INFO: LUA: A7LOG	143	9981000	133183	Day 1, Hour 12 (3 Mirtul, 1369)	WORLD_QUICKLOOT	^0xffbed7d7Minsc^-: ^0xffbed7d7Roll:11 +Luck:0 +SpecialAC:0  +HitMod:0  +Attack of Opportunity:0  +Berserk:0  +Right:3 (+Weapon Bonus 0+Proficiency 1+STR 1+STREX 1+Melee bonus 0+Racial 0+Effects 0) +Invisible:0  +Invisible Target:0  +Range:0  +Hated Race:0  +Special Target:0  +Protections:0 ^-
2026-09-04 14:03:27.864 BaldursGateIIEnhancedEdition[85223:118479367] INFO: LUA: A7LOG	144	9981000	133183	Day 1, Hour 12 (3 Mirtul, 1369)	WORLD_QUICKLOOT	^0xffc0a1aaMinsc^-: ^0xffbed7d7Attack Roll 11 + 3 = 14 : Hit^-
2026-09-04 14:03:27.864 BaldursGateIIEnhancedEdition[85223:118479367] INFO: LUA: A7LOG	145	9981000	133183	Day 1, Hour 12 (3 Mirtul, 1369)	WORLD_QUICKLOOT	^0xffbed7d7Minsc^-: ^0xffbed7d7Roll:10  +DamageMod:0  +Hand bonus:0 (+Proficiency 2+Melee bonus 0+Effects 0) +Attack of Opportunity:0  *Backstab:0  +Berserk:0  +Strength:5  +Hated Race:0  +Special Bonus:0 ^-
2026-09-04 14:03:27.864 BaldursGateIIEnhancedEdition[85223:118479367] INFO: LUA: A7LOG	146	9981000	133183	Day 1, Hour 12 (3 Mirtul, 1369)	WORLD_QUICKLOOT	^0xffd6bd9fGoblin^-: ^0xffbed7d7Takes 17 slashing damage from Minsc^-
2026-09-04 14:03:27.864 BaldursGateIIEnhancedEdition[85223:118479367] INFO: LUA: A7LOG	147	9981000	133184	Day 1, Hour 12 (3 Mirtul, 1369)	WORLD_QUICKLOOT	^0xffd6bd9fGoblin^-: ^0xffbed7d7Death^-
2026-09-04 14:03:28.459 BaldursGateIIEnhancedEdition[85223:118479367] INFO: LUA: A7LOG	148	9981480	133777	Day 1, Hour 12 (3 Mirtul, 1369)	WORLD_QUICKLOOT	^0xffc8ffc8The Party Has Gained Experience: 20^-
2026-09-04 14:03:28.459 BaldursGateIIEnhancedEdition[85223:118479367] INFO: LUA: A7LOG	149	9981480	133778	Day 1, Hour 12 (3 Mirtul, 1369)	WORLD_QUICKLOOT	^0xffc0a1aaMinsc^-: ^0xffbed7d7Attacks Goblin^-
2026-09-04 14:03:28.827 BaldursGateIIEnhancedEdition[85223:118479367] INFO: LUA: A7LOG	150	9981840	134146	Day 1, Hour 12 (3 Mirtul, 1369)	WORLD_QUICKLOOT	^0xffd6bd9fJaheira^-: ^0xffbed7d7Attacks Goblin^-
2026-09-04 14:03:28.827 BaldursGateIIEnhancedEdition[85223:118479367] INFO: LUA: A7LOG	151	9981840	134146	Day 1, Hour 12 (3 Mirtul, 1369)	WORLD_QUICKLOOT	^0xff018bffSkeleton Warrior^-: ^0xffbed7d7Attacks Goblin^-
2026-09-04 14:03:29.545 BaldursGateIIEnhancedEdition[85223:118479367] INFO: LUA: A7LOG	152	9982380	134864	Day 1, Hour 12 (3 Mirtul, 1369)	WORLD_QUICKLOOT	^0xffbed7d7Goblin^-: ^0xffbed7d7Roll:9 +Luck:0 +SpecialAC:0  +HitMod:0  +Attack of Opportunity:0  +Berserk:0  +Right:1 (+Weapon Bonus 0+Launcher 0+Proficiency 1+Dex 0+Missile 0+Racial 0+Effects 0) +Invisible:0  +Invisible Target:0  +Range:0  +Hated Race:0  +Special Target:0  +Protections:0 ^-
2026-09-04 14:03:29.545 BaldursGateIIEnhancedEdition[85223:118479367] INFO: LUA: A7LOG	153	9982380	134864	Day 1, Hour 12 (3 Mirtul, 1369)	WORLD_QUICKLOOT	^0xffd6bd9fGoblin^-: ^0xffbed7d7Attack Roll 9 + 1 = 10 : Miss^-
2026-09-04 14:03:29.545 BaldursGateIIEnhancedEdition[85223:118479367] INFO: LUA: A7LOG	154	9982380	134864	Day 1, Hour 12 (3 Mirtul, 1369)	WORLD_QUICKLOOT	^0xff0000ffPAUSED^-
2026-09-04 14:03:29.580 BaldursGateIIEnhancedEdition[85223:118479367] INFO: LUA: A7LOG	155	9982380	134899	Day 1, Hour 12 (3 Mirtul, 1369)	WORLD_QUICKLOOT	^0xff018bffSkeleton Warrior^-: ^0xffbed7d7Auto-Paused: Attacked^-
2026-09-04 14:04:10.811 BaldursGateIIEnhancedEdition[85223:118479367] INFO: LUA: A7LOG	156	9982380	176130	Day 1, Hour 12 (3 Mirtul, 1369)	WORLD_QUICKLOOT	^0xffcb967dBooprikt^-: ^0xffd7c8a0Hmm?^-
2026-09-04 14:04:11.513 BaldursGateIIEnhancedEdition[85223:118479367] INFO: LUA: A7LOG	157	9982380	176831	Day 1, Hour 12 (3 Mirtul, 1369)	WORLD_QUICKLOOT	^0xffcb967dBooprikt^-: ^0xffd7c8a0Whatever you want.^-
2026-09-04 14:04:11.825 BaldursGateIIEnhancedEdition[85223:118479367] INFO: LUA: A7LOG	158	9982380	177143	Day 1, Hour 12 (3 Mirtul, 1369)	WORLD_QUICKLOOT	^0xff0000ffUNPAUSED^-
2026-09-04 14:04:12.205 BaldursGateIIEnhancedEdition[85223:118479367] INFO: LUA: A7LOG	159	9982680	177524	Day 1, Hour 12 (3 Mirtul, 1369)	WORLD_QUICKLOOT	^0xffbed7d7Goblin^-: ^0xffbed7d7Roll:10 +Luck:0 +SpecialAC:0  +HitMod:0  +Attack of Opportunity:0  +Berserk:0  +Right:2 (+Weapon Bonus 0+Launcher 1+Proficiency 1+Dex 0+Missile 0+Racial 0+Effects 0) +Invisible:0  +Invisible Target:0  +Range:0  +Hated Race:0  +Special Target:0  +Protections:0 ^-
2026-09-04 14:04:12.206 BaldursGateIIEnhancedEdition[85223:118479367] INFO: LUA: A7LOG	160	9982680	177524	Day 1, Hour 12 (3 Mirtul, 1369)	WORLD_QUICKLOOT	^0xff707c6eGoblin^-: ^0xffbed7d7Attack Roll 10 + 2 = 12 : Miss^-
2026-09-04 14:04:12.206 BaldursGateIIEnhancedEdition[85223:118479367] INFO: LUA: A7LOG	161	9982680	177524	Day 1, Hour 12 (3 Mirtul, 1369)	WORLD_QUICKLOOT	^0xff0000ffPAUSED^-
2026-09-04 14:04:12.238 BaldursGateIIEnhancedEdition[85223:118479367] INFO: LUA: A7LOG	162	9982680	177556	Day 1, Hour 12 (3 Mirtul, 1369)	WORLD_QUICKLOOT	^0xff018bffSkeleton Warrior^-: ^0xffbed7d7Auto-Paused: Attacked^-
2026-09-04 14:04:12.756 BaldursGateIIEnhancedEdition[85223:118479367] INFO: LUA: A7LOG	163	9982740	178074	Day 1, Hour 12 (3 Mirtul, 1369)	WORLD_QUICKLOOT	^0xff0000ffUNPAUSED^-
2026-09-04 14:04:14.713 BaldursGateIIEnhancedEdition[85223:118479367] INFO: LUA: A7LOG	164	9984420	180031	Day 1, Hour 12 (3 Mirtul, 1369)	WORLD_QUICKLOOT	^0xffcb967dBooprikt^-: ^0xffd7c8a0I'm waiting.^-
2026-09-04 14:04:15.064 BaldursGateIIEnhancedEdition[85223:118479367] INFO: LUA: A7LOG	165	9984660	180383	Day 1, Hour 12 (3 Mirtul, 1369)	WORLD_QUICKLOOT	^0xffcb967dBooprikt^-: ^0xffbed7d7Stopped Detecting Traps / Illusions^-
2026-09-04 14:04:15.065 BaldursGateIIEnhancedEdition[85223:118479367] INFO: LUA: A7LOG	166	9984660	180383	Day 1, Hour 12 (3 Mirtul, 1369)	WORLD_QUICKLOOT	^0xffbed7d7Goblin^-: ^0xffbed7d7Roll:17 +Luck:0 +SpecialAC:0  +HitMod:0  +Attack of Opportunity:0  +Berserk:0  +Right:1 (+Weapon Bonus 0+Launcher 0+Proficiency 1+Dex 0+Missile 0+Racial 0+Effects 0) +Invisible:0  +Invisible Target:0  +Range:0  +Hated Race:0  +Special Target:0  +Protections:0 ^-
2026-09-04 14:04:15.065 BaldursGateIIEnhancedEdition[85223:118479367] INFO: LUA: A7LOG	167	9984660	180383	Day 1, Hour 12 (3 Mirtul, 1369)	WORLD_QUICKLOOT	^0xffd6bd9fGoblin^-: ^0xffbed7d7Attack Roll 17 + 1 = 18 : Hit^-
2026-09-04 14:04:15.065 BaldursGateIIEnhancedEdition[85223:118479367] INFO: LUA: A7LOG	168	9984660	180383	Day 1, Hour 12 (3 Mirtul, 1369)	WORLD_QUICKLOOT	^0xffbed7d7Goblin^-: ^0xffbed7d7Roll:4  +DamageMod:0  +Hand bonus:0 (+Proficiency 2+Missile 0+Effects 0) +Attack of Opportunity:0  *Backstab:0  +Berserk:0  +Strength:0  +Hated Race:0  +Special Bonus:0 ^-
2026-09-04 14:04:15.065 BaldursGateIIEnhancedEdition[85223:118479367] INFO: LUA: A7LOG	169	9984660	180383	Day 1, Hour 12 (3 Mirtul, 1369)	WORLD_QUICKLOOT	^0xff0000ffPAUSED^-
2026-09-04 14:04:15.102 BaldursGateIIEnhancedEdition[85223:118479367] INFO: LUA: A7LOG	170	9984660	180420	Day 1, Hour 12 (3 Mirtul, 1369)	WORLD_QUICKLOOT	^0xff018bffSkeleton Warrior^-: ^0xffbed7d7Auto-Paused: Attacked^-
2026-09-04 14:04:16.912 BaldursGateIIEnhancedEdition[85223:118479367] INFO: LUA: A7LOG	171	9984720	182230	Day 1, Hour 12 (3 Mirtul, 1369)	WORLD_QUICKLOOT	^0xff0000ffUNPAUSED^-
2026-09-04 14:04:16.987 BaldursGateIIEnhancedEdition[85223:118479367] INFO: LUA: A7LOG	172	9984720	182305	Day 1, Hour 12 (3 Mirtul, 1369)	WORLD_QUICKLOOT	^0xff018bffSkeleton Warrior^-: ^0xffbed7d7Takes 3 missile damage from Goblin (3 damage resisted)^-
2026-09-04 14:04:16.987 BaldursGateIIEnhancedEdition[85223:118479367] INFO: LUA: A7LOG	173	9984720	182305	Day 1, Hour 12 (3 Mirtul, 1369)	WORLD_QUICKLOOT	^0xff0000ffPAUSED^-
2026-09-04 14:04:17.016 BaldursGateIIEnhancedEdition[85223:118479367] INFO: LUA: A7LOG	174	9984720	182334	Day 1, Hour 12 (3 Mirtul, 1369)	WORLD_QUICKLOOT	^0xff018bffSkeleton Warrior^-: ^0xffbed7d7Auto-Paused: Attacked^-
2026-09-04 14:04:17.662 BaldursGateIIEnhancedEdition[85223:118479367] INFO: LUA: A7LOG	175	9984780	182981	Day 1, Hour 12 (3 Mirtul, 1369)	WORLD_QUICKLOOT	^0xff0000ffUNPAUSED^-
2026-09-04 14:04:17.870 BaldursGateIIEnhancedEdition[85223:118479367] INFO: LUA: A7LOG	176	9984960	183189	Day 1, Hour 12 (3 Mirtul, 1369)	WORLD_QUICKLOOT	^0xffcb967dBooprikt^-: ^0xffbed7d7Detecting Traps / Illusions^-
2026-09-04 14:04:18.007 BaldursGateIIEnhancedEdition[85223:118479367] INFO: LUA: A7LOG	177	9985020	183325	Day 1, Hour 12 (3 Mirtul, 1369)	WORLD_QUICKLOOT	^0xffbed7d7Goblin^-: ^0xffbed7d7Roll:2 +Luck:0 +SpecialAC:0  +HitMod:0  +Attack of Opportunity:0  +Berserk:0  +Right:2 (+Weapon Bonus 0+Launcher 1+Proficiency 1+Dex 0+Missile 0+Racial 0+Effects 0) +Invisible:0  +Invisible Target:0  +Range:0  +Hated Race:0  +Special Target:0  +Protections:0 ^-
2026-09-04 14:04:18.007 BaldursGateIIEnhancedEdition[85223:118479367] INFO: LUA: A7LOG	178	9985020	183325	Day 1, Hour 12 (3 Mirtul, 1369)	WORLD_QUICKLOOT	^0xff707c6eGoblin^-: ^0xffbed7d7Attack Roll 2 + 2 = 4 : Miss^-
2026-09-04 14:04:18.007 BaldursGateIIEnhancedEdition[85223:118479367] INFO: LUA: A7LOG	179	9985020	183325	Day 1, Hour 12 (3 Mirtul, 1369)	WORLD_QUICKLOOT	^0xff0000ffPAUSED^-
2026-09-04 14:04:18.041 BaldursGateIIEnhancedEdition[85223:118479367] INFO: LUA: A7LOG	180	9985020	183359	Day 1, Hour 12 (3 Mirtul, 1369)	WORLD_QUICKLOOT	^0xff018bffSkeleton Warrior^-: ^0xffbed7d7Auto-Paused: Attacked^-
2026-09-04 14:04:19.078 BaldursGateIIEnhancedEdition[85223:118479367] INFO: LUA: A7LOG	181	9985020	184396	Day 1, Hour 12 (3 Mirtul, 1369)	WORLD_QUICKLOOT	^0xff0000ffUNPAUSED^-
2026-09-04 14:04:20.645 BaldursGateIIEnhancedEdition[85223:118479367] INFO: sAchieveID=NONE,m_sGlobalName=SPRITE_IS_DEADNone,m_nValue=1
2026-09-04 14:04:20.646 BaldursGateIIEnhancedEdition[85223:118479367] INFO: LUA: A7LOG	182	9986400	185964	Day 1, Hour 12 (3 Mirtul, 1369)	WORLD_QUICKLOOT	^0xffbed7d7Minsc^-: ^0xffbed7d7Roll:2 +Luck:0 +SpecialAC:0  +HitMod:0  +Attack of Opportunity:4  +Berserk:0  +Right:3 (+Weapon Bonus 0+Proficiency 1+STR 1+STREX 1+Melee bonus 0+Racial 0+Effects 0) +Invisible:0  +Invisible Target:0  +Range:0  +Hated Race:0  +Special Target:0  +Protections:0 ^-
2026-09-04 14:04:20.646 BaldursGateIIEnhancedEdition[85223:118479367] INFO: LUA: A7LOG	183	9986400	185964	Day 1, Hour 12 (3 Mirtul, 1369)	WORLD_QUICKLOOT	^0xffc0a1aaMinsc^-: ^0xffbed7d7Attack Roll 2 + 7 = 9 : Hit^-
2026-09-04 14:04:20.646 BaldursGateIIEnhancedEdition[85223:118479367] INFO: LUA: A7LOG	184	9986400	185965	Day 1, Hour 12 (3 Mirtul, 1369)	WORLD_QUICKLOOT	^0xffbed7d7Minsc^-: ^0xffbed7d7Roll:6  +DamageMod:0  +Hand bonus:0 (+Proficiency 2+Melee bonus 0+Effects 0) +Attack of Opportunity:4  *Backstab:0  +Berserk:0  +Strength:5  +Hated Race:0  +Special Bonus:0 ^-
2026-09-04 14:04:20.646 BaldursGateIIEnhancedEdition[85223:118479367] INFO: LUA: A7LOG	185	9986400	185965	Day 1, Hour 12 (3 Mirtul, 1369)	WORLD_QUICKLOOT	^0xffd6bd9fGoblin^-: ^0xffbed7d7Takes 17 slashing damage from Minsc^-
2026-09-04 14:04:20.646 BaldursGateIIEnhancedEdition[85223:118479367] INFO: LUA: A7LOG	186	9986400	185965	Day 1, Hour 12 (3 Mirtul, 1369)	WORLD_QUICKLOOT	^0xffd6bd9fGoblin^-: ^0xffbed7d7Death^-
2026-09-04 14:04:21.255 BaldursGateIIEnhancedEdition[85223:118479367] INFO: LUA: A7LOG	187	9986940	186573	Day 1, Hour 12 (3 Mirtul, 1369)	WORLD_QUICKLOOT	^0xffc8ffc8The Party Has Gained Experience: 20^-
2026-09-04 14:04:21.255 BaldursGateIIEnhancedEdition[85223:118479367] INFO: LUA: A7LOG	188	9986940	186573	Day 1, Hour 12 (3 Mirtul, 1369)	WORLD_QUICKLOOT	^0xffc0a1aaMinsc^-: ^0xffbed7d7Attacks Goblin^-
2026-09-04 14:04:21.692 BaldursGateIIEnhancedEdition[85223:118479367] INFO: LUA: A7LOG	189	9987360	187011	Day 1, Hour 12 (3 Mirtul, 1369)	WORLD_QUICKLOOT	^0xffd6bd9fJaheira^-: ^0xffbed7d7Attacks Goblin^-
2026-09-04 14:04:21.692 BaldursGateIIEnhancedEdition[85223:118479367] INFO: LUA: A7LOG	190	9987360	187011	Day 1, Hour 12 (3 Mirtul, 1369)	WORLD_QUICKLOOT	^0xff018bffSkeleton Warrior^-: ^0xffbed7d7Attacks Goblin^-
2026-09-04 14:04:22.001 BaldursGateIIEnhancedEdition[85223:118479367] INFO: LUA: A7LOG	191	9987540	187320	Day 1, Hour 12 (3 Mirtul, 1369)	WORLD_QUICKLOOT	^0xff0000ffPAUSED^-
2026-09-04 14:04:45.519 BaldursGateIIEnhancedEdition[85223:118479367] INFO: LUA: A7LOG	192	9987600	210836	Day 1, Hour 12 (3 Mirtul, 1369)	WORLD_QUICKLOOT	^0xff0000ffUNPAUSED^-
2026-09-04 14:04:46.682 BaldursGateIIEnhancedEdition[85223:118479367] INFO: LUA: A7LOG	193	9988560	212001	Day 1, Hour 12 (3 Mirtul, 1369)	WORLD_QUICKLOOT	^0xffbed7d7Goblin^-: ^0xffbed7d7Roll:12 +Luck:0 +SpecialAC:0  +HitMod:0  +Attack of Opportunity:0  +Berserk:0  +Right:2 (+Weapon Bonus 0+Launcher 1+Proficiency 1+Dex 0+Missile 0+Racial 0+Effects 0) +Invisible:0  +Invisible Target:0  +Range:0  +Hated Race:0  +Special Target:0  +Protections:0 ^-
2026-09-04 14:04:46.683 BaldursGateIIEnhancedEdition[85223:118479367] INFO: LUA: A7LOG	194	9988560	212001	Day 1, Hour 12 (3 Mirtul, 1369)	WORLD_QUICKLOOT	^0xff707c6eGoblin^-: ^0xffbed7d7Attack Roll 12 + 2 = 14 : Hit^-
2026-09-04 14:04:46.683 BaldursGateIIEnhancedEdition[85223:118479367] INFO: LUA: A7LOG	195	9988560	212001	Day 1, Hour 12 (3 Mirtul, 1369)	WORLD_QUICKLOOT	^0xffbed7d7Goblin^-: ^0xffbed7d7Roll:1  +DamageMod:0  +Hand bonus:0 (+Proficiency 2+Missile 0+Effects 0) +Attack of Opportunity:0  *Backstab:0  +Berserk:0  +Strength:0  +Hated Race:0  +Special Bonus:0 ^-
2026-09-04 14:04:46.683 BaldursGateIIEnhancedEdition[85223:118479367] INFO: LUA: A7LOG	196	9988560	212001	Day 1, Hour 12 (3 Mirtul, 1369)	WORLD_QUICKLOOT	^0xff0000ffPAUSED^-
2026-09-04 14:04:46.715 BaldursGateIIEnhancedEdition[85223:118479367] INFO: LUA: A7LOG	197	9988560	212034	Day 1, Hour 12 (3 Mirtul, 1369)	WORLD_QUICKLOOT	^0xff018bffSkeleton Warrior^-: ^0xffbed7d7Auto-Paused: Attacked^-
2026-09-04 14:04:52.919 BaldursGateIIEnhancedEdition[85223:118479367] INFO: LUA: A7LOG	198	9988560	218237	Day 1, Hour 12 (3 Mirtul, 1369)	WORLD_QUICKLOOT	^0xff0000ffUNPAUSED^-
2026-09-04 14:04:52.954 BaldursGateIIEnhancedEdition[85223:118479367] INFO: LUA: A7LOG	199	9988560	218272	Day 1, Hour 12 (3 Mirtul, 1369)	WORLD_QUICKLOOT	^0xff018bffSkeleton Warrior^-: ^0xffbed7d7Takes 2 missile damage from Goblin (1 damage resisted)^-
2026-09-04 14:04:52.954 BaldursGateIIEnhancedEdition[85223:118479367] INFO: LUA: A7LOG	200	9988560	218272	Day 1, Hour 12 (3 Mirtul, 1369)	WORLD_QUICKLOOT	^0xff0000ffPAUSED^-
2026-09-04 14:04:52.986 BaldursGateIIEnhancedEdition[85223:118479367] INFO: LUA: A7LOG	201	9988560	218304	Day 1, Hour 12 (3 Mirtul, 1369)	WORLD_QUICKLOOT	^0xff018bffSkeleton Warrior^-: ^0xffbed7d7Auto-Paused: Attacked^-
2026-09-04 14:04:56.258 BaldursGateIIEnhancedEdition[85223:118479367] INFO: LUA: A7LOG	202	9988560	221576	Day 1, Hour 12 (3 Mirtul, 1369)	WORLD_QUICKLOOT	^0xff0000ffUNPAUSED^-
2026-09-04 14:04:57.415 BaldursGateIIEnhancedEdition[85223:118479367] INFO: sAchieveID=NONE,m_sGlobalName=SPRITE_IS_DEADNone,m_nValue=1
2026-09-04 14:04:57.418 BaldursGateIIEnhancedEdition[85223:118479367] INFO: LUA: A7LOG	203	9989580	222736	Day 1, Hour 12 (3 Mirtul, 1369)	WORLD_QUICKLOOT	^0xffbed7d7Minsc^-: ^0xffbed7d7Roll:18 +Luck:0 +SpecialAC:0  +HitMod:0  +Attack of Opportunity:4  +Berserk:0  +Right:3 (+Weapon Bonus 0+Proficiency 1+STR 1+STREX 1+Melee bonus 0+Racial 0+Effects 0) +Invisible:0  +Invisible Target:0  +Range:0  +Hated Race:0  +Special Target:0  +Protections:0 ^-
2026-09-04 14:04:57.418 BaldursGateIIEnhancedEdition[85223:118479367] INFO: LUA: A7LOG	204	9989580	222736	Day 1, Hour 12 (3 Mirtul, 1369)	WORLD_QUICKLOOT	^0xffc0a1aaMinsc^-: ^0xffbed7d7Attack Roll 18 + 7 = 25 : Hit^-
2026-09-04 14:04:57.418 BaldursGateIIEnhancedEdition[85223:118479367] INFO: LUA: A7LOG	205	9989580	222736	Day 1, Hour 12 (3 Mirtul, 1369)	WORLD_QUICKLOOT	^0xffbed7d7Minsc^-: ^0xffbed7d7Roll:8  +DamageMod:0  +Hand bonus:0 (+Proficiency 2+Melee bonus 0+Effects 0) +Attack of Opportunity:4  *Backstab:0  +Berserk:0  +Strength:5  +Hated Race:0  +Special Bonus:0 ^-
2026-09-04 14:04:57.418 BaldursGateIIEnhancedEdition[85223:118479367] INFO: LUA: A7LOG	206	9989580	222736	Day 1, Hour 12 (3 Mirtul, 1369)	WORLD_QUICKLOOT	^0xff707c6eGoblin^-: ^0xffbed7d7Takes 19 slashing damage from Minsc^-
2026-09-04 14:04:57.418 BaldursGateIIEnhancedEdition[85223:118479367] INFO: LUA: A7LOG	207	9989580	222736	Day 1, Hour 12 (3 Mirtul, 1369)	WORLD_QUICKLOOT	^0xff707c6eGoblin^-: ^0xffbed7d7Death^-
2026-09-04 14:04:58.200 BaldursGateIIEnhancedEdition[85223:118479367] INFO: LUA: A7LOG	208	9990180	223518	Day 1, Hour 13 (3 Mirtul, 1369)	WORLD_QUICKLOOT	^0xff0000ffPAUSED^-
2026-09-04 14:05:02.525 BaldursGateIIEnhancedEdition[85223:118479367] INFO: LUA: A7LOG	209	9990180	227843	Day 1, Hour 13 (3 Mirtul, 1369)	WORLD_QUICKLOOT	^0xff0000ffUNPAUSED^-
2026-09-04 14:05:02.938 BaldursGateIIEnhancedEdition[85223:118479367] INFO: LUA: A7LOG	210	9990540	228256	Day 1, Hour 13 (3 Mirtul, 1369)	WORLD_QUICKLOOT	^0xffc8ffc8The Party Has Gained Experience: 20^-
2026-09-04 14:05:04.041 BaldursGateIIEnhancedEdition[85223:118479367] INFO: LUA: A7LOG	211	9991500	229359	Day 1, Hour 13 (3 Mirtul, 1369)	WORLD_QUICKLOOT	^0xffd6bd9fJaheira^-: ^0xffd7c8a0Yes?^-
2026-09-04 14:05:04.632 BaldursGateIIEnhancedEdition[85223:118479367] INFO: LUA: A7LOG	212	9992040	229950	Day 1, Hour 13 (3 Mirtul, 1369)	WORLD_QUICKLOOT	^0xffd6bd9fJaheira^-: ^0xffd7c8a0I am willing.^-
2026-09-04 14:05:30.379 BaldursGateIIEnhancedEdition[85223:118479367] INFO: scanning:(0) $HOME/Library/Application Support/Steam/steamapps/common/Baldur's Gate II Enhanced Edition/override
2026-09-04 14:05:30.394 BaldursGateIIEnhancedEdition[85223:118479367] INFO: scanning:(1) $HOME/Library/Application Support/Steam/steamapps/common/Baldur's Gate II Enhanced Edition/scripts
2026-09-04 14:05:30.395 BaldursGateIIEnhancedEdition[85223:118479367] INFO: scanning:(2) $HOME/Library/Application Support/Steam/steamapps/common/Baldur's Gate II Enhanced Edition/sounds
2026-09-04 14:05:30.395 BaldursGateIIEnhancedEdition[85223:118479367] INFO: scanning:(3) $HOME/Library/Application Support/Steam/steamapps/common/Baldur's Gate II Enhanced Edition/lang/en_US/sounds
2026-09-04 14:05:30.399 BaldursGateIIEnhancedEdition[85223:118479367] INFO: scanning:(4) $HOME/Library/Application Support/Steam/steamapps/common/Baldur's Gate II Enhanced Edition/portraits
2026-09-04 14:05:30.399 BaldursGateIIEnhancedEdition[85223:118479367] INFO: scanning:(5) $HOME/Library/Application Support/Steam/steamapps/common/Baldur's Gate II Enhanced Edition/characters
2026-09-04 14:05:30.399 BaldursGateIIEnhancedEdition[85223:118479367] INFO: scanning:(6) $HOME/Library/Application Support/Steam/steamapps/common/Baldur's Gate II Enhanced Edition/movies
2026-09-04 14:05:30.399 BaldursGateIIEnhancedEdition[85223:118479367] INFO: scanning:(7) $HOME/Library/Application Support/Steam/steamapps/common/Baldur's Gate II Enhanced Edition/lang/en_US/movies
2026-09-04 14:05:30.399 BaldursGateIIEnhancedEdition[85223:118479367] INFO: scanning:(8) $HOME/Documents/Baldur's Gate II - Enhanced Edition/override
2026-09-04 14:05:30.399 BaldursGateIIEnhancedEdition[85223:118479367] INFO: scanning:(9) $HOME/Documents/Baldur's Gate II - Enhanced Edition/scripts
2026-09-04 14:05:30.399 BaldursGateIIEnhancedEdition[85223:118479367] INFO: scanning:(10) $HOME/Documents/Baldur's Gate II - Enhanced Edition/sounds
2026-09-04 14:05:30.399 BaldursGateIIEnhancedEdition[85223:118479367] INFO: scanning:(11) $HOME/Documents/Baldur's Gate II - Enhanced Edition/portraits
2026-09-04 14:05:30.399 BaldursGateIIEnhancedEdition[85223:118479367] INFO: scanning:(12) $HOME/Documents/Baldur's Gate II - Enhanced Edition/characters
2026-09-04 14:05:30.399 BaldursGateIIEnhancedEdition[85223:118479367] INFO: scanning:(13) $HOME/Documents/Baldur's Gate II - Enhanced Edition/movies
2026-09-04 14:05:30.438 BaldursGateIIEnhancedEdition[85223:118479367] INFO: scanning:(0) $HOME/Library/Application Support/Steam/steamapps/common/Baldur's Gate II Enhanced Edition/override
2026-09-04 14:05:30.439 BaldursGateIIEnhancedEdition[85223:118479367] INFO: scanning:(1) $HOME/Library/Application Support/Steam/steamapps/common/Baldur's Gate II Enhanced Edition/scripts
2026-09-04 14:05:30.439 BaldursGateIIEnhancedEdition[85223:118479367] INFO: scanning:(2) $HOME/Library/Application Support/Steam/steamapps/common/Baldur's Gate II Enhanced Edition/sounds
2026-09-04 14:05:30.439 BaldursGateIIEnhancedEdition[85223:118479367] INFO: scanning:(3) $HOME/Library/Application Support/Steam/steamapps/common/Baldur's Gate II Enhanced Edition/lang/en_US/sounds
2026-09-04 14:05:30.439 BaldursGateIIEnhancedEdition[85223:118479367] INFO: scanning:(4) $HOME/Library/Application Support/Steam/steamapps/common/Baldur's Gate II Enhanced Edition/portraits
2026-09-04 14:05:30.439 BaldursGateIIEnhancedEdition[85223:118479367] INFO: scanning:(5) $HOME/Library/Application Support/Steam/steamapps/common/Baldur's Gate II Enhanced Edition/characters
2026-09-04 14:05:30.439 BaldursGateIIEnhancedEdition[85223:118479367] INFO: scanning:(6) $HOME/Library/Application Support/Steam/steamapps/common/Baldur's Gate II Enhanced Edition/movies
2026-09-04 14:05:30.440 BaldursGateIIEnhancedEdition[85223:118479367] INFO: scanning:(7) $HOME/Library/Application Support/Steam/steamapps/common/Baldur's Gate II Enhanced Edition/lang/en_US/movies
2026-09-04 14:05:30.440 BaldursGateIIEnhancedEdition[85223:118479367] INFO: scanning:(8) $HOME/Documents/Baldur's Gate II - Enhanced Edition/override
2026-09-04 14:05:30.440 BaldursGateIIEnhancedEdition[85223:118479367] INFO: scanning:(9) $HOME/Documents/Baldur's Gate II - Enhanced Edition/scripts
2026-09-04 14:05:30.440 BaldursGateIIEnhancedEdition[85223:118479367] INFO: scanning:(10) $HOME/Documents/Baldur's Gate II - Enhanced Edition/sounds
2026-09-04 14:05:30.440 BaldursGateIIEnhancedEdition[85223:118479367] INFO: scanning:(11) $HOME/Documents/Baldur's Gate II - Enhanced Edition/portraits
2026-09-04 14:05:30.440 BaldursGateIIEnhancedEdition[85223:118479367] INFO: scanning:(12) $HOME/Documents/Baldur's Gate II - Enhanced Edition/characters
2026-09-04 14:05:30.440 BaldursGateIIEnhancedEdition[85223:118479367] INFO: scanning:(13) $HOME/Documents/Baldur's Gate II - Enhanced Edition/movies
2026-09-04 14:05:30.441 BaldursGateIIEnhancedEdition[85223:118479367] INFO: scanning:(0) $HOME/Library/Application Support/Steam/steamapps/common/Baldur's Gate II Enhanced Edition/override
2026-09-04 14:05:30.443 BaldursGateIIEnhancedEdition[85223:118479367] INFO: scanning:(1) $HOME/Library/Application Support/Steam/steamapps/common/Baldur's Gate II Enhanced Edition/scripts
2026-09-04 14:05:30.443 BaldursGateIIEnhancedEdition[85223:118479367] INFO: scanning:(2) $HOME/Library/Application Support/Steam/steamapps/common/Baldur's Gate II Enhanced Edition/sounds
2026-09-04 14:05:30.443 BaldursGateIIEnhancedEdition[85223:118479367] INFO: scanning:(3) $HOME/Library/Application Support/Steam/steamapps/common/Baldur's Gate II Enhanced Edition/lang/en_US/sounds
2026-09-04 14:05:30.443 BaldursGateIIEnhancedEdition[85223:118479367] INFO: scanning:(4) $HOME/Library/Application Support/Steam/steamapps/common/Baldur's Gate II Enhanced Edition/portraits
2026-09-04 14:05:30.443 BaldursGateIIEnhancedEdition[85223:118479367] INFO: scanning:(5) $HOME/Library/Application Support/Steam/steamapps/common/Baldur's Gate II Enhanced Edition/characters
2026-09-04 14:05:30.443 BaldursGateIIEnhancedEdition[85223:118479367] INFO: scanning:(6) $HOME/Library/Application Support/Steam/steamapps/common/Baldur's Gate II Enhanced Edition/movies
2026-09-04 14:05:30.443 BaldursGateIIEnhancedEdition[85223:118479367] INFO: scanning:(7) $HOME/Library/Application Support/Steam/steamapps/common/Baldur's Gate II Enhanced Edition/lang/en_US/movies
2026-09-04 14:05:30.443 BaldursGateIIEnhancedEdition[85223:118479367] INFO: scanning:(8) $HOME/Documents/Baldur's Gate II - Enhanced Edition/override
2026-09-04 14:05:30.443 BaldursGateIIEnhancedEdition[85223:118479367] INFO: scanning:(9) $HOME/Documents/Baldur's Gate II - Enhanced Edition/scripts
2026-09-04 14:05:30.443 BaldursGateIIEnhancedEdition[85223:118479367] INFO: scanning:(10) $HOME/Documents/Baldur's Gate II - Enhanced Edition/sounds
2026-09-04 14:05:30.443 BaldursGateIIEnhancedEdition[85223:118479367] INFO: scanning:(11) $HOME/Documents/Baldur's Gate II - Enhanced Edition/portraits
2026-09-04 14:05:30.443 BaldursGateIIEnhancedEdition[85223:118479367] INFO: scanning:(12) $HOME/Documents/Baldur's Gate II - Enhanced Edition/characters
2026-09-04 14:05:30.443 BaldursGateIIEnhancedEdition[85223:118479367] INFO: scanning:(13) $HOME/Documents/Baldur's Gate II - Enhanced Edition/movies
2026-09-04 14:05:30.444 BaldursGateIIEnhancedEdition[85223:118479367] INFO: scanning:(0) $HOME/Library/Application Support/Steam/steamapps/common/Baldur's Gate II Enhanced Edition/override
2026-09-04 14:05:30.446 BaldursGateIIEnhancedEdition[85223:118479367] INFO: scanning:(1) $HOME/Library/Application Support/Steam/steamapps/common/Baldur's Gate II Enhanced Edition/scripts
2026-09-04 14:05:30.446 BaldursGateIIEnhancedEdition[85223:118479367] INFO: scanning:(2) $HOME/Library/Application Support/Steam/steamapps/common/Baldur's Gate II Enhanced Edition/sounds
2026-09-04 14:05:30.446 BaldursGateIIEnhancedEdition[85223:118479367] INFO: scanning:(3) $HOME/Library/Application Support/Steam/steamapps/common/Baldur's Gate II Enhanced Edition/lang/en_US/sounds
2026-09-04 14:05:30.446 BaldursGateIIEnhancedEdition[85223:118479367] INFO: scanning:(4) $HOME/Library/Application Support/Steam/steamapps/common/Baldur's Gate II Enhanced Edition/portraits
2026-09-04 14:05:30.446 BaldursGateIIEnhancedEdition[85223:118479367] INFO: scanning:(5) $HOME/Library/Application Support/Steam/steamapps/common/Baldur's Gate II Enhanced Edition/characters
2026-09-04 14:05:30.446 BaldursGateIIEnhancedEdition[85223:118479367] INFO: scanning:(6) $HOME/Library/Application Support/Steam/steamapps/common/Baldur's Gate II Enhanced Edition/movies
2026-09-04 14:05:30.446 BaldursGateIIEnhancedEdition[85223:118479367] INFO: scanning:(7) $HOME/Library/Application Support/Steam/steamapps/common/Baldur's Gate II Enhanced Edition/lang/en_US/movies
2026-09-04 14:05:30.446 BaldursGateIIEnhancedEdition[85223:118479367] INFO: scanning:(8) $HOME/Documents/Baldur's Gate II - Enhanced Edition/override
2026-09-04 14:05:30.446 BaldursGateIIEnhancedEdition[85223:118479367] INFO: scanning:(9) $HOME/Documents/Baldur's Gate II - Enhanced Edition/scripts
2026-09-04 14:05:30.446 BaldursGateIIEnhancedEdition[85223:118479367] INFO: scanning:(10) $HOME/Documents/Baldur's Gate II - Enhanced Edition/sounds
2026-09-04 14:05:30.446 BaldursGateIIEnhancedEdition[85223:118479367] INFO: scanning:(11) $HOME/Documents/Baldur's Gate II - Enhanced Edition/portraits
2026-09-04 14:05:30.446 BaldursGateIIEnhancedEdition[85223:118479367] INFO: scanning:(12) $HOME/Documents/Baldur's Gate II - Enhanced Edition/characters
2026-09-04 14:05:30.446 BaldursGateIIEnhancedEdition[85223:118479367] INFO: scanning:(13) $HOME/Documents/Baldur's Gate II - Enhanced Edition/movies
2026-09-04 14:05:30.447 BaldursGateIIEnhancedEdition[85223:118479367] INFO: scanning:(0) $HOME/Library/Application Support/Steam/steamapps/common/Baldur's Gate II Enhanced Edition/override
2026-09-04 14:05:30.449 BaldursGateIIEnhancedEdition[85223:118479367] INFO: scanning:(1) $HOME/Library/Application Support/Steam/steamapps/common/Baldur's Gate II Enhanced Edition/scripts
2026-09-04 14:05:30.449 BaldursGateIIEnhancedEdition[85223:118479367] INFO: scanning:(2) $HOME/Library/Application Support/Steam/steamapps/common/Baldur's Gate II Enhanced Edition/sounds
2026-09-04 14:05:30.449 BaldursGateIIEnhancedEdition[85223:118479367] INFO: scanning:(3) $HOME/Library/Application Support/Steam/steamapps/common/Baldur's Gate II Enhanced Edition/lang/en_US/sounds
2026-09-04 14:05:30.449 BaldursGateIIEnhancedEdition[85223:118479367] INFO: scanning:(4) $HOME/Library/Application Support/Steam/steamapps/common/Baldur's Gate II Enhanced Edition/portraits
2026-09-04 14:05:30.449 BaldursGateIIEnhancedEdition[85223:118479367] INFO: scanning:(5) $HOME/Library/Application Support/Steam/steamapps/common/Baldur's Gate II Enhanced Edition/characters
2026-09-04 14:05:30.449 BaldursGateIIEnhancedEdition[85223:118479367] INFO: scanning:(6) $HOME/Library/Application Support/Steam/steamapps/common/Baldur's Gate II Enhanced Edition/movies
2026-09-04 14:05:30.449 BaldursGateIIEnhancedEdition[85223:118479367] INFO: scanning:(7) $HOME/Library/Application Support/Steam/steamapps/common/Baldur's Gate II Enhanced Edition/lang/en_US/movies
2026-09-04 14:05:30.449 BaldursGateIIEnhancedEdition[85223:118479367] INFO: scanning:(8) $HOME/Documents/Baldur's Gate II - Enhanced Edition/override
2026-09-04 14:05:30.449 BaldursGateIIEnhancedEdition[85223:118479367] INFO: scanning:(9) $HOME/Documents/Baldur's Gate II - Enhanced Edition/scripts
2026-09-04 14:05:30.449 BaldursGateIIEnhancedEdition[85223:118479367] INFO: scanning:(10) $HOME/Documents/Baldur's Gate II - Enhanced Edition/sounds
2026-09-04 14:05:30.449 BaldursGateIIEnhancedEdition[85223:118479367] INFO: scanning:(11) $HOME/Documents/Baldur's Gate II - Enhanced Edition/portraits
2026-09-04 14:05:30.449 BaldursGateIIEnhancedEdition[85223:118479367] INFO: scanning:(12) $HOME/Documents/Baldur's Gate II - Enhanced Edition/characters
2026-09-04 14:05:30.449 BaldursGateIIEnhancedEdition[85223:118479367] INFO: scanning:(13) $HOME/Documents/Baldur's Gate II - Enhanced Edition/movies
2026-09-04 14:05:30.459 BaldursGateIIEnhancedEdition[85223:118479367] INFO: scanning:(0) $HOME/Library/Application Support/Steam/steamapps/common/Baldur's Gate II Enhanced Edition/override
2026-09-04 14:05:30.460 BaldursGateIIEnhancedEdition[85223:118479367] INFO: scanning:(1) $HOME/Library/Application Support/Steam/steamapps/common/Baldur's Gate II Enhanced Edition/scripts
2026-09-04 14:05:30.461 BaldursGateIIEnhancedEdition[85223:118479367] INFO: scanning:(2) $HOME/Library/Application Support/Steam/steamapps/common/Baldur's Gate II Enhanced Edition/sounds
2026-09-04 14:05:30.461 BaldursGateIIEnhancedEdition[85223:118479367] INFO: scanning:(3) $HOME/Library/Application Support/Steam/steamapps/common/Baldur's Gate II Enhanced Edition/lang/en_US/sounds
2026-09-04 14:05:30.461 BaldursGateIIEnhancedEdition[85223:118479367] INFO: scanning:(4) $HOME/Library/Application Support/Steam/steamapps/common/Baldur's Gate II Enhanced Edition/portraits
2026-09-04 14:05:30.461 BaldursGateIIEnhancedEdition[85223:118479367] INFO: scanning:(5) $HOME/Library/Application Support/Steam/steamapps/common/Baldur's Gate II Enhanced Edition/characters
2026-09-04 14:05:30.461 BaldursGateIIEnhancedEdition[85223:118479367] INFO: scanning:(6) $HOME/Library/Application Support/Steam/steamapps/common/Baldur's Gate II Enhanced Edition/movies
2026-09-04 14:05:30.461 BaldursGateIIEnhancedEdition[85223:118479367] INFO: scanning:(7) $HOME/Library/Application Support/Steam/steamapps/common/Baldur's Gate II Enhanced Edition/lang/en_US/movies
2026-09-04 14:05:30.461 BaldursGateIIEnhancedEdition[85223:118479367] INFO: scanning:(8) $HOME/Documents/Baldur's Gate II - Enhanced Edition/override
2026-09-04 14:05:30.461 BaldursGateIIEnhancedEdition[85223:118479367] INFO: scanning:(9) $HOME/Documents/Baldur's Gate II - Enhanced Edition/scripts
2026-09-04 14:05:30.461 BaldursGateIIEnhancedEdition[85223:118479367] INFO: scanning:(10) $HOME/Documents/Baldur's Gate II - Enhanced Edition/sounds
2026-09-04 14:05:30.461 BaldursGateIIEnhancedEdition[85223:118479367] INFO: scanning:(11) $HOME/Documents/Baldur's Gate II - Enhanced Edition/portraits
2026-09-04 14:05:30.461 BaldursGateIIEnhancedEdition[85223:118479367] INFO: scanning:(12) $HOME/Documents/Baldur's Gate II - Enhanced Edition/characters
2026-09-04 14:05:30.461 BaldursGateIIEnhancedEdition[85223:118479367] INFO: scanning:(13) $HOME/Documents/Baldur's Gate II - Enhanced Edition/movies
2026-09-04 14:05:30.462 BaldursGateIIEnhancedEdition[85223:118479367] INFO: scanning:(0) $HOME/Library/Application Support/Steam/steamapps/common/Baldur's Gate II Enhanced Edition/override
2026-09-04 14:05:30.464 BaldursGateIIEnhancedEdition[85223:118479367] INFO: scanning:(1) $HOME/Library/Application Support/Steam/steamapps/common/Baldur's Gate II Enhanced Edition/scripts
2026-09-04 14:05:30.464 BaldursGateIIEnhancedEdition[85223:118479367] INFO: scanning:(2) $HOME/Library/Application Support/Steam/steamapps/common/Baldur's Gate II Enhanced Edition/sounds
2026-09-04 14:05:30.464 BaldursGateIIEnhancedEdition[85223:118479367] INFO: scanning:(3) $HOME/Library/Application Support/Steam/steamapps/common/Baldur's Gate II Enhanced Edition/lang/en_US/sounds
2026-09-04 14:05:30.464 BaldursGateIIEnhancedEdition[85223:118479367] INFO: scanning:(4) $HOME/Library/Application Support/Steam/steamapps/common/Baldur's Gate II Enhanced Edition/portraits
2026-09-04 14:05:30.464 BaldursGateIIEnhancedEdition[85223:118479367] INFO: scanning:(5) $HOME/Library/Application Support/Steam/steamapps/common/Baldur's Gate II Enhanced Edition/characters
2026-09-04 14:05:30.464 BaldursGateIIEnhancedEdition[85223:118479367] INFO: scanning:(6) $HOME/Library/Application Support/Steam/steamapps/common/Baldur's Gate II Enhanced Edition/movies
2026-09-04 14:05:30.464 BaldursGateIIEnhancedEdition[85223:118479367] INFO: scanning:(7) $HOME/Library/Application Support/Steam/steamapps/common/Baldur's Gate II Enhanced Edition/lang/en_US/movies
2026-09-04 14:05:30.464 BaldursGateIIEnhancedEdition[85223:118479367] INFO: scanning:(8) $HOME/Documents/Baldur's Gate II - Enhanced Edition/override
2026-09-04 14:05:30.464 BaldursGateIIEnhancedEdition[85223:118479367] INFO: scanning:(9) $HOME/Documents/Baldur's Gate II - Enhanced Edition/scripts
2026-09-04 14:05:30.464 BaldursGateIIEnhancedEdition[85223:118479367] INFO: scanning:(10) $HOME/Documents/Baldur's Gate II - Enhanced Edition/sounds
2026-09-04 14:05:30.464 BaldursGateIIEnhancedEdition[85223:118479367] INFO: scanning:(11) $HOME/Documents/Baldur's Gate II - Enhanced Edition/portraits
2026-09-04 14:05:30.464 BaldursGateIIEnhancedEdition[85223:118479367] INFO: scanning:(12) $HOME/Documents/Baldur's Gate II - Enhanced Edition/characters
2026-09-04 14:05:30.464 BaldursGateIIEnhancedEdition[85223:118479367] INFO: scanning:(13) $HOME/Documents/Baldur's Gate II - Enhanced Edition/movies
2026-09-04 14:05:30.465 BaldursGateIIEnhancedEdition[85223:118479367] INFO: scanning:(0) $HOME/Library/Application Support/Steam/steamapps/common/Baldur's Gate II Enhanced Edition/override
2026-09-04 14:05:30.467 BaldursGateIIEnhancedEdition[85223:118479367] INFO: scanning:(1) $HOME/Library/Application Support/Steam/steamapps/common/Baldur's Gate II Enhanced Edition/scripts
2026-09-04 14:05:30.467 BaldursGateIIEnhancedEdition[85223:118479367] INFO: scanning:(2) $HOME/Library/Application Support/Steam/steamapps/common/Baldur's Gate II Enhanced Edition/sounds
2026-09-04 14:05:30.467 BaldursGateIIEnhancedEdition[85223:118479367] INFO: scanning:(3) $HOME/Library/Application Support/Steam/steamapps/common/Baldur's Gate II Enhanced Edition/lang/en_US/sounds
2026-09-04 14:05:30.467 BaldursGateIIEnhancedEdition[85223:118479367] INFO: scanning:(4) $HOME/Library/Application Support/Steam/steamapps/common/Baldur's Gate II Enhanced Edition/portraits
2026-09-04 14:05:30.467 BaldursGateIIEnhancedEdition[85223:118479367] INFO: scanning:(5) $HOME/Library/Application Support/Steam/steamapps/common/Baldur's Gate II Enhanced Edition/characters
2026-09-04 14:05:30.467 BaldursGateIIEnhancedEdition[85223:118479367] INFO: scanning:(6) $HOME/Library/Application Support/Steam/steamapps/common/Baldur's Gate II Enhanced Edition/movies
2026-09-04 14:05:30.467 BaldursGateIIEnhancedEdition[85223:118479367] INFO: scanning:(7) $HOME/Library/Application Support/Steam/steamapps/common/Baldur's Gate II Enhanced Edition/lang/en_US/movies
2026-09-04 14:05:30.467 BaldursGateIIEnhancedEdition[85223:118479367] INFO: scanning:(8) $HOME/Documents/Baldur's Gate II - Enhanced Edition/override
2026-09-04 14:05:30.467 BaldursGateIIEnhancedEdition[85223:118479367] INFO: scanning:(9) $HOME/Documents/Baldur's Gate II - Enhanced Edition/scripts
2026-09-04 14:05:30.467 BaldursGateIIEnhancedEdition[85223:118479367] INFO: scanning:(10) $HOME/Documents/Baldur's Gate II - Enhanced Edition/sounds
2026-09-04 14:05:30.467 BaldursGateIIEnhancedEdition[85223:118479367] INFO: scanning:(11) $HOME/Documents/Baldur's Gate II - Enhanced Edition/portraits
2026-09-04 14:05:30.467 BaldursGateIIEnhancedEdition[85223:118479367] INFO: scanning:(12) $HOME/Documents/Baldur's Gate II - Enhanced Edition/characters
2026-09-04 14:05:30.467 BaldursGateIIEnhancedEdition[85223:118479367] INFO: scanning:(13) $HOME/Documents/Baldur's Gate II - Enhanced Edition/movies
2026-09-04 14:05:30.468 BaldursGateIIEnhancedEdition[85223:118479367] INFO: scanning:(0) $HOME/Library/Application Support/Steam/steamapps/common/Baldur's Gate II Enhanced Edition/override
2026-09-04 14:05:30.470 BaldursGateIIEnhancedEdition[85223:118479367] INFO: scanning:(1) $HOME/Library/Application Support/Steam/steamapps/common/Baldur's Gate II Enhanced Edition/scripts
2026-09-04 14:05:30.470 BaldursGateIIEnhancedEdition[85223:118479367] INFO: scanning:(2) $HOME/Library/Application Support/Steam/steamapps/common/Baldur's Gate II Enhanced Edition/sounds
2026-09-04 14:05:30.470 BaldursGateIIEnhancedEdition[85223:118479367] INFO: scanning:(3) $HOME/Library/Application Support/Steam/steamapps/common/Baldur's Gate II Enhanced Edition/lang/en_US/sounds
2026-09-04 14:05:30.470 BaldursGateIIEnhancedEdition[85223:118479367] INFO: scanning:(4) $HOME/Library/Application Support/Steam/steamapps/common/Baldur's Gate II Enhanced Edition/portraits
2026-09-04 14:05:30.470 BaldursGateIIEnhancedEdition[85223:118479367] INFO: scanning:(5) $HOME/Library/Application Support/Steam/steamapps/common/Baldur's Gate II Enhanced Edition/characters
2026-09-04 14:05:30.470 BaldursGateIIEnhancedEdition[85223:118479367] INFO: scanning:(6) $HOME/Library/Application Support/Steam/steamapps/common/Baldur's Gate II Enhanced Edition/movies
2026-09-04 14:05:30.470 BaldursGateIIEnhancedEdition[85223:118479367] INFO: scanning:(7) $HOME/Library/Application Support/Steam/steamapps/common/Baldur's Gate II Enhanced Edition/lang/en_US/movies
2026-09-04 14:05:30.470 BaldursGateIIEnhancedEdition[85223:118479367] INFO: scanning:(8) $HOME/Documents/Baldur's Gate II - Enhanced Edition/override
2026-09-04 14:05:30.470 BaldursGateIIEnhancedEdition[85223:118479367] INFO: scanning:(9) $HOME/Documents/Baldur's Gate II - Enhanced Edition/scripts
2026-09-04 14:05:30.470 BaldursGateIIEnhancedEdition[85223:118479367] INFO: scanning:(10) $HOME/Documents/Baldur's Gate II - Enhanced Edition/sounds
2026-09-04 14:05:30.470 BaldursGateIIEnhancedEdition[85223:118479367] INFO: scanning:(11) $HOME/Documents/Baldur's Gate II - Enhanced Edition/portraits
2026-09-04 14:05:30.470 BaldursGateIIEnhancedEdition[85223:118479367] INFO: scanning:(12) $HOME/Documents/Baldur's Gate II - Enhanced Edition/characters
2026-09-04 14:05:30.470 BaldursGateIIEnhancedEdition[85223:118479367] INFO: scanning:(13) $HOME/Documents/Baldur's Gate II - Enhanced Edition/movies
2026-09-04 14:05:30.471 BaldursGateIIEnhancedEdition[85223:118479367] INFO: scanning:(0) $HOME/Library/Application Support/Steam/steamapps/common/Baldur's Gate II Enhanced Edition/override
2026-09-04 14:05:30.473 BaldursGateIIEnhancedEdition[85223:118479367] INFO: scanning:(1) $HOME/Library/Application Support/Steam/steamapps/common/Baldur's Gate II Enhanced Edition/scripts
2026-09-04 14:05:30.473 BaldursGateIIEnhancedEdition[85223:118479367] INFO: scanning:(2) $HOME/Library/Application Support/Steam/steamapps/common/Baldur's Gate II Enhanced Edition/sounds
2026-09-04 14:05:30.473 BaldursGateIIEnhancedEdition[85223:118479367] INFO: scanning:(3) $HOME/Library/Application Support/Steam/steamapps/common/Baldur's Gate II Enhanced Edition/lang/en_US/sounds
2026-09-04 14:05:30.473 BaldursGateIIEnhancedEdition[85223:118479367] INFO: scanning:(4) $HOME/Library/Application Support/Steam/steamapps/common/Baldur's Gate II Enhanced Edition/portraits
2026-09-04 14:05:30.473 BaldursGateIIEnhancedEdition[85223:118479367] INFO: scanning:(5) $HOME/Library/Application Support/Steam/steamapps/common/Baldur's Gate II Enhanced Edition/characters
2026-09-04 14:05:30.473 BaldursGateIIEnhancedEdition[85223:118479367] INFO: scanning:(6) $HOME/Library/Application Support/Steam/steamapps/common/Baldur's Gate II Enhanced Edition/movies
2026-09-04 14:05:30.473 BaldursGateIIEnhancedEdition[85223:118479367] INFO: scanning:(7) $HOME/Library/Application Support/Steam/steamapps/common/Baldur's Gate II Enhanced Edition/lang/en_US/movies
2026-09-04 14:05:30.473 BaldursGateIIEnhancedEdition[85223:118479367] INFO: scanning:(8) $HOME/Documents/Baldur's Gate II - Enhanced Edition/override
2026-09-04 14:05:30.473 BaldursGateIIEnhancedEdition[85223:118479367] INFO: scanning:(9) $HOME/Documents/Baldur's Gate II - Enhanced Edition/scripts
2026-09-04 14:05:30.473 BaldursGateIIEnhancedEdition[85223:118479367] INFO: scanning:(10) $HOME/Documents/Baldur's Gate II - Enhanced Edition/sounds
2026-09-04 14:05:30.473 BaldursGateIIEnhancedEdition[85223:118479367] INFO: scanning:(11) $HOME/Documents/Baldur's Gate II - Enhanced Edition/portraits
2026-09-04 14:05:30.473 BaldursGateIIEnhancedEdition[85223:118479367] INFO: scanning:(12) $HOME/Documents/Baldur's Gate II - Enhanced Edition/characters
2026-09-04 14:05:30.473 BaldursGateIIEnhancedEdition[85223:118479367] INFO: scanning:(13) $HOME/Documents/Baldur's Gate II - Enhanced Edition/movies
2026-09-04 14:05:30.474 BaldursGateIIEnhancedEdition[85223:118479367] INFO: LUA: A7LOG	213	10014600	255792	Day 1, Hour 13 (3 Mirtul, 1369)	WORLD_QUICKLOOT	^0xff0cff3fQuick save successful.^-
2026-09-04 14:05:31.043 BaldursGateIIEnhancedEdition[85223:118479367] INFO: LUA: A7LOG	214	10015140	256360	Day 1, Hour 13 (3 Mirtul, 1369)	WORLD_QUICKLOOT	^0xffd6bd9fJaheira^-: ^0xffd7c8a0I am ready.^-
2026-09-04 14:05:34.090 BaldursGateIIEnhancedEdition[85223:118479367] INFO: LUA: A7LOG	215	10017780	259408	Day 1, Hour 13 (3 Mirtul, 1369)	WORLD_QUICKLOOT	^0xffffb3f3Imoen^-: ^0xffd7c8a0Yep?^-
2026-09-04 14:05:35.342 BaldursGateIIEnhancedEdition[85223:118479367] INFO: LUA: A7LOG	216	10018860	260659	Day 1, Hour 13 (3 Mirtul, 1369)	WORLD_QUICKLOOT	^0xffffb3f3Imoen^-: ^0xffbed7d7Stopped Detecting Traps / Illusions^-
2026-09-04 14:05:36.219 BaldursGateIIEnhancedEdition[85223:118479367] INFO: LUA: A7LOG	217	10019580	261537	Day 1, Hour 13 (3 Mirtul, 1369)	WORLD_QUICKLOOT	^0xffffb3f3Imoen^-: ^0xffbed7d7Detecting Traps / Illusions^-
2026-09-04 14:05:36.404 BaldursGateIIEnhancedEdition[85223:118479367] INFO: LUA: A7LOG	218	10019760	261722	Day 1, Hour 13 (3 Mirtul, 1369)	WORLD_QUICKLOOT	^0xffffb3f3Imoen^-: ^0xffbed7d7Stopped Detecting Traps / Illusions^-
2026-09-04 14:05:37.235 BaldursGateIIEnhancedEdition[85223:118479367] INFO: LUA: A7LOG	219	10020480	262553	Day 1, Hour 13 (3 Mirtul, 1369)	WORLD_QUICKLOOT	^0xffd6bd9fJaheira^-: ^0xffd7c8a0It is about time.^-
2026-09-04 14:05:37.338 BaldursGateIIEnhancedEdition[85223:118479367] INFO: LUA: A7LOG	220	10020540	262656	Day 1, Hour 13 (3 Mirtul, 1369)	WORLD_QUICKLOOT	^0xffffb3f3Imoen^-: ^0xffbed7d7Detecting Traps / Illusions^-
2026-09-04 14:05:37.969 BaldursGateIIEnhancedEdition[85223:118479367] INFO: LUA: A7LOG	221	10021080	263287	Day 1, Hour 13 (3 Mirtul, 1369)	WORLD_QUICKLOOT	^0xffd6bd9fJaheira^-: ^0xffd7c8a0I go.^-
2026-09-04 14:05:40.618 BaldursGateIIEnhancedEdition[85223:118479367] INFO: scanning:(0) $HOME/Library/Application Support/Steam/steamapps/common/Baldur's Gate II Enhanced Edition/override
2026-09-04 14:05:40.620 BaldursGateIIEnhancedEdition[85223:118479367] INFO: scanning:(1) $HOME/Library/Application Support/Steam/steamapps/common/Baldur's Gate II Enhanced Edition/scripts
2026-09-04 14:05:40.620 BaldursGateIIEnhancedEdition[85223:118479367] INFO: scanning:(2) $HOME/Library/Application Support/Steam/steamapps/common/Baldur's Gate II Enhanced Edition/sounds
2026-09-04 14:05:40.620 BaldursGateIIEnhancedEdition[85223:118479367] INFO: scanning:(3) $HOME/Library/Application Support/Steam/steamapps/common/Baldur's Gate II Enhanced Edition/lang/en_US/sounds
2026-09-04 14:05:40.620 BaldursGateIIEnhancedEdition[85223:118479367] INFO: scanning:(4) $HOME/Library/Application Support/Steam/steamapps/common/Baldur's Gate II Enhanced Edition/portraits
2026-09-04 14:05:40.620 BaldursGateIIEnhancedEdition[85223:118479367] INFO: scanning:(5) $HOME/Library/Application Support/Steam/steamapps/common/Baldur's Gate II Enhanced Edition/characters
2026-09-04 14:05:40.620 BaldursGateIIEnhancedEdition[85223:118479367] INFO: scanning:(6) $HOME/Library/Application Support/Steam/steamapps/common/Baldur's Gate II Enhanced Edition/movies
2026-09-04 14:05:40.620 BaldursGateIIEnhancedEdition[85223:118479367] INFO: scanning:(7) $HOME/Library/Application Support/Steam/steamapps/common/Baldur's Gate II Enhanced Edition/lang/en_US/movies
2026-09-04 14:05:40.620 BaldursGateIIEnhancedEdition[85223:118479367] INFO: scanning:(8) $HOME/Documents/Baldur's Gate II - Enhanced Edition/override
2026-09-04 14:05:40.620 BaldursGateIIEnhancedEdition[85223:118479367] INFO: scanning:(9) $HOME/Documents/Baldur's Gate II - Enhanced Edition/scripts
2026-09-04 14:05:40.620 BaldursGateIIEnhancedEdition[85223:118479367] INFO: scanning:(10) $HOME/Documents/Baldur's Gate II - Enhanced Edition/sounds
2026-09-04 14:05:40.620 BaldursGateIIEnhancedEdition[85223:118479367] INFO: scanning:(11) $HOME/Documents/Baldur's Gate II - Enhanced Edition/portraits
2026-09-04 14:05:40.620 BaldursGateIIEnhancedEdition[85223:118479367] INFO: scanning:(12) $HOME/Documents/Baldur's Gate II - Enhanced Edition/characters
2026-09-04 14:05:40.620 BaldursGateIIEnhancedEdition[85223:118479367] INFO: scanning:(13) $HOME/Documents/Baldur's Gate II - Enhanced Edition/movies
2026-09-04 14:05:40.644 BaldursGateIIEnhancedEdition[85223:118479367] INFO: scanning:(0) $HOME/Library/Application Support/Steam/steamapps/common/Baldur's Gate II Enhanced Edition/override
2026-09-04 14:05:40.646 BaldursGateIIEnhancedEdition[85223:118479367] INFO: scanning:(1) $HOME/Library/Application Support/Steam/steamapps/common/Baldur's Gate II Enhanced Edition/scripts
2026-09-04 14:05:40.646 BaldursGateIIEnhancedEdition[85223:118479367] INFO: scanning:(2) $HOME/Library/Application Support/Steam/steamapps/common/Baldur's Gate II Enhanced Edition/sounds
2026-09-04 14:05:40.646 BaldursGateIIEnhancedEdition[85223:118479367] INFO: scanning:(3) $HOME/Library/Application Support/Steam/steamapps/common/Baldur's Gate II Enhanced Edition/lang/en_US/sounds
2026-09-04 14:05:40.646 BaldursGateIIEnhancedEdition[85223:118479367] INFO: scanning:(4) $HOME/Library/Application Support/Steam/steamapps/common/Baldur's Gate II Enhanced Edition/portraits
2026-09-04 14:05:40.646 BaldursGateIIEnhancedEdition[85223:118479367] INFO: scanning:(5) $HOME/Library/Application Support/Steam/steamapps/common/Baldur's Gate II Enhanced Edition/characters
2026-09-04 14:05:40.646 BaldursGateIIEnhancedEdition[85223:118479367] INFO: scanning:(6) $HOME/Library/Application Support/Steam/steamapps/common/Baldur's Gate II Enhanced Edition/movies
2026-09-04 14:05:40.646 BaldursGateIIEnhancedEdition[85223:118479367] INFO: scanning:(7) $HOME/Library/Application Support/Steam/steamapps/common/Baldur's Gate II Enhanced Edition/lang/en_US/movies
2026-09-04 14:05:40.646 BaldursGateIIEnhancedEdition[85223:118479367] INFO: scanning:(8) $HOME/Documents/Baldur's Gate II - Enhanced Edition/override
2026-09-04 14:05:40.646 BaldursGateIIEnhancedEdition[85223:118479367] INFO: scanning:(9) $HOME/Documents/Baldur's Gate II - Enhanced Edition/scripts
2026-09-04 14:05:40.646 BaldursGateIIEnhancedEdition[85223:118479367] INFO: scanning:(10) $HOME/Documents/Baldur's Gate II - Enhanced Edition/sounds
2026-09-04 14:05:40.646 BaldursGateIIEnhancedEdition[85223:118479367] INFO: scanning:(11) $HOME/Documents/Baldur's Gate II - Enhanced Edition/portraits
2026-09-04 14:05:40.646 BaldursGateIIEnhancedEdition[85223:118479367] INFO: scanning:(12) $HOME/Documents/Baldur's Gate II - Enhanced Edition/characters
2026-09-04 14:05:40.646 BaldursGateIIEnhancedEdition[85223:118479367] INFO: scanning:(13) $HOME/Documents/Baldur's Gate II - Enhanced Edition/movies
2026-09-04 14:05:40.647 BaldursGateIIEnhancedEdition[85223:118479367] INFO: scanning:(0) $HOME/Library/Application Support/Steam/steamapps/common/Baldur's Gate II Enhanced Edition/override
2026-09-04 14:05:40.649 BaldursGateIIEnhancedEdition[85223:118479367] INFO: scanning:(1) $HOME/Library/Application Support/Steam/steamapps/common/Baldur's Gate II Enhanced Edition/scripts
2026-09-04 14:05:40.649 BaldursGateIIEnhancedEdition[85223:118479367] INFO: scanning:(2) $HOME/Library/Application Support/Steam/steamapps/common/Baldur's Gate II Enhanced Edition/sounds
2026-09-04 14:05:40.649 BaldursGateIIEnhancedEdition[85223:118479367] INFO: scanning:(3) $HOME/Library/Application Support/Steam/steamapps/common/Baldur's Gate II Enhanced Edition/lang/en_US/sounds
2026-09-04 14:05:40.649 BaldursGateIIEnhancedEdition[85223:118479367] INFO: scanning:(4) $HOME/Library/Application Support/Steam/steamapps/common/Baldur's Gate II Enhanced Edition/portraits
2026-09-04 14:05:40.649 BaldursGateIIEnhancedEdition[85223:118479367] INFO: scanning:(5) $HOME/Library/Application Support/Steam/steamapps/common/Baldur's Gate II Enhanced Edition/characters
2026-09-04 14:05:40.649 BaldursGateIIEnhancedEdition[85223:118479367] INFO: scanning:(6) $HOME/Library/Application Support/Steam/steamapps/common/Baldur's Gate II Enhanced Edition/movies
2026-09-04 14:05:40.649 BaldursGateIIEnhancedEdition[85223:118479367] INFO: scanning:(7) $HOME/Library/Application Support/Steam/steamapps/common/Baldur's Gate II Enhanced Edition/lang/en_US/movies
2026-09-04 14:05:40.649 BaldursGateIIEnhancedEdition[85223:118479367] INFO: scanning:(8) $HOME/Documents/Baldur's Gate II - Enhanced Edition/override
2026-09-04 14:05:40.649 BaldursGateIIEnhancedEdition[85223:118479367] INFO: scanning:(9) $HOME/Documents/Baldur's Gate II - Enhanced Edition/scripts
2026-09-04 14:05:40.649 BaldursGateIIEnhancedEdition[85223:118479367] INFO: scanning:(10) $HOME/Documents/Baldur's Gate II - Enhanced Edition/sounds
2026-09-04 14:05:40.649 BaldursGateIIEnhancedEdition[85223:118479367] INFO: scanning:(11) $HOME/Documents/Baldur's Gate II - Enhanced Edition/portraits
2026-09-04 14:05:40.649 BaldursGateIIEnhancedEdition[85223:118479367] INFO: scanning:(12) $HOME/Documents/Baldur's Gate II - Enhanced Edition/characters
2026-09-04 14:05:40.649 BaldursGateIIEnhancedEdition[85223:118479367] INFO: scanning:(13) $HOME/Documents/Baldur's Gate II - Enhanced Edition/movies
2026-09-04 14:05:40.650 BaldursGateIIEnhancedEdition[85223:118479367] INFO: scanning:(0) $HOME/Library/Application Support/Steam/steamapps/common/Baldur's Gate II Enhanced Edition/override
2026-09-04 14:05:40.652 BaldursGateIIEnhancedEdition[85223:118479367] INFO: scanning:(1) $HOME/Library/Application Support/Steam/steamapps/common/Baldur's Gate II Enhanced Edition/scripts
2026-09-04 14:05:40.652 BaldursGateIIEnhancedEdition[85223:118479367] INFO: scanning:(2) $HOME/Library/Application Support/Steam/steamapps/common/Baldur's Gate II Enhanced Edition/sounds
2026-09-04 14:05:40.652 BaldursGateIIEnhancedEdition[85223:118479367] INFO: scanning:(3) $HOME/Library/Application Support/Steam/steamapps/common/Baldur's Gate II Enhanced Edition/lang/en_US/sounds
2026-09-04 14:05:40.652 BaldursGateIIEnhancedEdition[85223:118479367] INFO: scanning:(4) $HOME/Library/Application Support/Steam/steamapps/common/Baldur's Gate II Enhanced Edition/portraits
2026-09-04 14:05:40.652 BaldursGateIIEnhancedEdition[85223:118479367] INFO: scanning:(5) $HOME/Library/Application Support/Steam/steamapps/common/Baldur's Gate II Enhanced Edition/characters
2026-09-04 14:05:40.652 BaldursGateIIEnhancedEdition[85223:118479367] INFO: scanning:(6) $HOME/Library/Application Support/Steam/steamapps/common/Baldur's Gate II Enhanced Edition/movies
2026-09-04 14:05:40.652 BaldursGateIIEnhancedEdition[85223:118479367] INFO: scanning:(7) $HOME/Library/Application Support/Steam/steamapps/common/Baldur's Gate II Enhanced Edition/lang/en_US/movies
2026-09-04 14:05:40.652 BaldursGateIIEnhancedEdition[85223:118479367] INFO: scanning:(8) $HOME/Documents/Baldur's Gate II - Enhanced Edition/override
2026-09-04 14:05:40.652 BaldursGateIIEnhancedEdition[85223:118479367] INFO: scanning:(9) $HOME/Documents/Baldur's Gate II - Enhanced Edition/scripts
2026-09-04 14:05:40.652 BaldursGateIIEnhancedEdition[85223:118479367] INFO: scanning:(10) $HOME/Documents/Baldur's Gate II - Enhanced Edition/sounds
2026-09-04 14:05:40.652 BaldursGateIIEnhancedEdition[85223:118479367] INFO: scanning:(11) $HOME/Documents/Baldur's Gate II - Enhanced Edition/portraits
2026-09-04 14:05:40.652 BaldursGateIIEnhancedEdition[85223:118479367] INFO: scanning:(12) $HOME/Documents/Baldur's Gate II - Enhanced Edition/characters
2026-09-04 14:05:40.652 BaldursGateIIEnhancedEdition[85223:118479367] INFO: scanning:(13) $HOME/Documents/Baldur's Gate II - Enhanced Edition/movies
2026-09-04 14:05:40.653 BaldursGateIIEnhancedEdition[85223:118479367] INFO: scanning:(0) $HOME/Library/Application Support/Steam/steamapps/common/Baldur's Gate II Enhanced Edition/override
2026-09-04 14:05:40.655 BaldursGateIIEnhancedEdition[85223:118479367] INFO: scanning:(1) $HOME/Library/Application Support/Steam/steamapps/common/Baldur's Gate II Enhanced Edition/scripts
2026-09-04 14:05:40.655 BaldursGateIIEnhancedEdition[85223:118479367] INFO: scanning:(2) $HOME/Library/Application Support/Steam/steamapps/common/Baldur's Gate II Enhanced Edition/sounds
2026-09-04 14:05:40.655 BaldursGateIIEnhancedEdition[85223:118479367] INFO: scanning:(3) $HOME/Library/Application Support/Steam/steamapps/common/Baldur's Gate II Enhanced Edition/lang/en_US/sounds
2026-09-04 14:05:40.655 BaldursGateIIEnhancedEdition[85223:118479367] INFO: scanning:(4) $HOME/Library/Application Support/Steam/steamapps/common/Baldur's Gate II Enhanced Edition/portraits
2026-09-04 14:05:40.655 BaldursGateIIEnhancedEdition[85223:118479367] INFO: scanning:(5) $HOME/Library/Application Support/Steam/steamapps/common/Baldur's Gate II Enhanced Edition/characters
2026-09-04 14:05:40.655 BaldursGateIIEnhancedEdition[85223:118479367] INFO: scanning:(6) $HOME/Library/Application Support/Steam/steamapps/common/Baldur's Gate II Enhanced Edition/movies
2026-09-04 14:05:40.655 BaldursGateIIEnhancedEdition[85223:118479367] INFO: scanning:(7) $HOME/Library/Application Support/Steam/steamapps/common/Baldur's Gate II Enhanced Edition/lang/en_US/movies
2026-09-04 14:05:40.655 BaldursGateIIEnhancedEdition[85223:118479367] INFO: scanning:(8) $HOME/Documents/Baldur's Gate II - Enhanced Edition/override
2026-09-04 14:05:40.655 BaldursGateIIEnhancedEdition[85223:118479367] INFO: scanning:(9) $HOME/Documents/Baldur's Gate II - Enhanced Edition/scripts
2026-09-04 14:05:40.655 BaldursGateIIEnhancedEdition[85223:118479367] INFO: scanning:(10) $HOME/Documents/Baldur's Gate II - Enhanced Edition/sounds
2026-09-04 14:05:40.655 BaldursGateIIEnhancedEdition[85223:118479367] INFO: scanning:(11) $HOME/Documents/Baldur's Gate II - Enhanced Edition/portraits
2026-09-04 14:05:40.655 BaldursGateIIEnhancedEdition[85223:118479367] INFO: scanning:(12) $HOME/Documents/Baldur's Gate II - Enhanced Edition/characters
2026-09-04 14:05:40.655 BaldursGateIIEnhancedEdition[85223:118479367] INFO: scanning:(13) $HOME/Documents/Baldur's Gate II - Enhanced Edition/movies
2026-09-04 14:05:40.663 BaldursGateIIEnhancedEdition[85223:118479367] INFO: scanning:(0) $HOME/Library/Application Support/Steam/steamapps/common/Baldur's Gate II Enhanced Edition/override
2026-09-04 14:05:40.664 BaldursGateIIEnhancedEdition[85223:118479367] INFO: scanning:(1) $HOME/Library/Application Support/Steam/steamapps/common/Baldur's Gate II Enhanced Edition/scripts
2026-09-04 14:05:40.664 BaldursGateIIEnhancedEdition[85223:118479367] INFO: scanning:(2) $HOME/Library/Application Support/Steam/steamapps/common/Baldur's Gate II Enhanced Edition/sounds
2026-09-04 14:05:40.664 BaldursGateIIEnhancedEdition[85223:118479367] INFO: scanning:(3) $HOME/Library/Application Support/Steam/steamapps/common/Baldur's Gate II Enhanced Edition/lang/en_US/sounds
2026-09-04 14:05:40.664 BaldursGateIIEnhancedEdition[85223:118479367] INFO: scanning:(4) $HOME/Library/Application Support/Steam/steamapps/common/Baldur's Gate II Enhanced Edition/portraits
2026-09-04 14:05:40.664 BaldursGateIIEnhancedEdition[85223:118479367] INFO: scanning:(5) $HOME/Library/Application Support/Steam/steamapps/common/Baldur's Gate II Enhanced Edition/characters
2026-09-04 14:05:40.664 BaldursGateIIEnhancedEdition[85223:118479367] INFO: scanning:(6) $HOME/Library/Application Support/Steam/steamapps/common/Baldur's Gate II Enhanced Edition/movies
2026-09-04 14:05:40.664 BaldursGateIIEnhancedEdition[85223:118479367] INFO: scanning:(7) $HOME/Library/Application Support/Steam/steamapps/common/Baldur's Gate II Enhanced Edition/lang/en_US/movies
2026-09-04 14:05:40.664 BaldursGateIIEnhancedEdition[85223:118479367] INFO: scanning:(8) $HOME/Documents/Baldur's Gate II - Enhanced Edition/override
2026-09-04 14:05:40.664 BaldursGateIIEnhancedEdition[85223:118479367] INFO: scanning:(9) $HOME/Documents/Baldur's Gate II - Enhanced Edition/scripts
2026-09-04 14:05:40.664 BaldursGateIIEnhancedEdition[85223:118479367] INFO: scanning:(10) $HOME/Documents/Baldur's Gate II - Enhanced Edition/sounds
2026-09-04 14:05:40.664 BaldursGateIIEnhancedEdition[85223:118479367] INFO: scanning:(11) $HOME/Documents/Baldur's Gate II - Enhanced Edition/portraits
2026-09-04 14:05:40.664 BaldursGateIIEnhancedEdition[85223:118479367] INFO: scanning:(12) $HOME/Documents/Baldur's Gate II - Enhanced Edition/characters
2026-09-04 14:05:40.664 BaldursGateIIEnhancedEdition[85223:118479367] INFO: scanning:(13) $HOME/Documents/Baldur's Gate II - Enhanced Edition/movies
2026-09-04 14:05:40.666 BaldursGateIIEnhancedEdition[85223:118479367] INFO: scanning:(0) $HOME/Library/Application Support/Steam/steamapps/common/Baldur's Gate II Enhanced Edition/override
2026-09-04 14:05:40.667 BaldursGateIIEnhancedEdition[85223:118479367] INFO: scanning:(1) $HOME/Library/Application Support/Steam/steamapps/common/Baldur's Gate II Enhanced Edition/scripts
2026-09-04 14:05:40.667 BaldursGateIIEnhancedEdition[85223:118479367] INFO: scanning:(2) $HOME/Library/Application Support/Steam/steamapps/common/Baldur's Gate II Enhanced Edition/sounds
2026-09-04 14:05:40.667 BaldursGateIIEnhancedEdition[85223:118479367] INFO: scanning:(3) $HOME/Library/Application Support/Steam/steamapps/common/Baldur's Gate II Enhanced Edition/lang/en_US/sounds
2026-09-04 14:05:40.667 BaldursGateIIEnhancedEdition[85223:118479367] INFO: scanning:(4) $HOME/Library/Application Support/Steam/steamapps/common/Baldur's Gate II Enhanced Edition/portraits
2026-09-04 14:05:40.667 BaldursGateIIEnhancedEdition[85223:118479367] INFO: scanning:(5) $HOME/Library/Application Support/Steam/steamapps/common/Baldur's Gate II Enhanced Edition/characters
2026-09-04 14:05:40.667 BaldursGateIIEnhancedEdition[85223:118479367] INFO: scanning:(6) $HOME/Library/Application Support/Steam/steamapps/common/Baldur's Gate II Enhanced Edition/movies
2026-09-04 14:05:40.667 BaldursGateIIEnhancedEdition[85223:118479367] INFO: scanning:(7) $HOME/Library/Application Support/Steam/steamapps/common/Baldur's Gate II Enhanced Edition/lang/en_US/movies
2026-09-04 14:05:40.667 BaldursGateIIEnhancedEdition[85223:118479367] INFO: scanning:(8) $HOME/Documents/Baldur's Gate II - Enhanced Edition/override
2026-09-04 14:05:40.667 BaldursGateIIEnhancedEdition[85223:118479367] INFO: scanning:(9) $HOME/Documents/Baldur's Gate II - Enhanced Edition/scripts
2026-09-04 14:05:40.667 BaldursGateIIEnhancedEdition[85223:118479367] INFO: scanning:(10) $HOME/Documents/Baldur's Gate II - Enhanced Edition/sounds
2026-09-04 14:05:40.667 BaldursGateIIEnhancedEdition[85223:118479367] INFO: scanning:(11) $HOME/Documents/Baldur's Gate II - Enhanced Edition/portraits
2026-09-04 14:05:40.667 BaldursGateIIEnhancedEdition[85223:118479367] INFO: scanning:(12) $HOME/Documents/Baldur's Gate II - Enhanced Edition/characters
2026-09-04 14:05:40.667 BaldursGateIIEnhancedEdition[85223:118479367] INFO: scanning:(13) $HOME/Documents/Baldur's Gate II - Enhanced Edition/movies
2026-09-04 14:05:40.668 BaldursGateIIEnhancedEdition[85223:118479367] INFO: scanning:(0) $HOME/Library/Application Support/Steam/steamapps/common/Baldur's Gate II Enhanced Edition/override
2026-09-04 14:05:40.670 BaldursGateIIEnhancedEdition[85223:118479367] INFO: scanning:(1) $HOME/Library/Application Support/Steam/steamapps/common/Baldur's Gate II Enhanced Edition/scripts
2026-09-04 14:05:40.670 BaldursGateIIEnhancedEdition[85223:118479367] INFO: scanning:(2) $HOME/Library/Application Support/Steam/steamapps/common/Baldur's Gate II Enhanced Edition/sounds
2026-09-04 14:05:40.670 BaldursGateIIEnhancedEdition[85223:118479367] INFO: scanning:(3) $HOME/Library/Application Support/Steam/steamapps/common/Baldur's Gate II Enhanced Edition/lang/en_US/sounds
2026-09-04 14:05:40.670 BaldursGateIIEnhancedEdition[85223:118479367] INFO: scanning:(4) $HOME/Library/Application Support/Steam/steamapps/common/Baldur's Gate II Enhanced Edition/portraits
2026-09-04 14:05:40.670 BaldursGateIIEnhancedEdition[85223:118479367] INFO: scanning:(5) $HOME/Library/Application Support/Steam/steamapps/common/Baldur's Gate II Enhanced Edition/characters
2026-09-04 14:05:40.670 BaldursGateIIEnhancedEdition[85223:118479367] INFO: scanning:(6) $HOME/Library/Application Support/Steam/steamapps/common/Baldur's Gate II Enhanced Edition/movies
2026-09-04 14:05:40.670 BaldursGateIIEnhancedEdition[85223:118479367] INFO: scanning:(7) $HOME/Library/Application Support/Steam/steamapps/common/Baldur's Gate II Enhanced Edition/lang/en_US/movies
2026-09-04 14:05:40.670 BaldursGateIIEnhancedEdition[85223:118479367] INFO: scanning:(8) $HOME/Documents/Baldur's Gate II - Enhanced Edition/override
2026-09-04 14:05:40.670 BaldursGateIIEnhancedEdition[85223:118479367] INFO: scanning:(9) $HOME/Documents/Baldur's Gate II - Enhanced Edition/scripts
2026-09-04 14:05:40.670 BaldursGateIIEnhancedEdition[85223:118479367] INFO: scanning:(10) $HOME/Documents/Baldur's Gate II - Enhanced Edition/sounds
2026-09-04 14:05:40.670 BaldursGateIIEnhancedEdition[85223:118479367] INFO: scanning:(11) $HOME/Documents/Baldur's Gate II - Enhanced Edition/portraits
2026-09-04 14:05:40.670 BaldursGateIIEnhancedEdition[85223:118479367] INFO: scanning:(12) $HOME/Documents/Baldur's Gate II - Enhanced Edition/characters
2026-09-04 14:05:40.670 BaldursGateIIEnhancedEdition[85223:118479367] INFO: scanning:(13) $HOME/Documents/Baldur's Gate II - Enhanced Edition/movies
2026-09-04 14:05:40.671 BaldursGateIIEnhancedEdition[85223:118479367] INFO: scanning:(0) $HOME/Library/Application Support/Steam/steamapps/common/Baldur's Gate II Enhanced Edition/override
2026-09-04 14:05:40.673 BaldursGateIIEnhancedEdition[85223:118479367] INFO: scanning:(1) $HOME/Library/Application Support/Steam/steamapps/common/Baldur's Gate II Enhanced Edition/scripts
2026-09-04 14:05:40.673 BaldursGateIIEnhancedEdition[85223:118479367] INFO: scanning:(2) $HOME/Library/Application Support/Steam/steamapps/common/Baldur's Gate II Enhanced Edition/sounds
2026-09-04 14:05:40.673 BaldursGateIIEnhancedEdition[85223:118479367] INFO: scanning:(3) $HOME/Library/Application Support/Steam/steamapps/common/Baldur's Gate II Enhanced Edition/lang/en_US/sounds
2026-09-04 14:05:40.673 BaldursGateIIEnhancedEdition[85223:118479367] INFO: scanning:(4) $HOME/Library/Application Support/Steam/steamapps/common/Baldur's Gate II Enhanced Edition/portraits
2026-09-04 14:05:40.673 BaldursGateIIEnhancedEdition[85223:118479367] INFO: scanning:(5) $HOME/Library/Application Support/Steam/steamapps/common/Baldur's Gate II Enhanced Edition/characters
2026-09-04 14:05:40.673 BaldursGateIIEnhancedEdition[85223:118479367] INFO: scanning:(6) $HOME/Library/Application Support/Steam/steamapps/common/Baldur's Gate II Enhanced Edition/movies
2026-09-04 14:05:40.673 BaldursGateIIEnhancedEdition[85223:118479367] INFO: scanning:(7) $HOME/Library/Application Support/Steam/steamapps/common/Baldur's Gate II Enhanced Edition/lang/en_US/movies
2026-09-04 14:05:40.673 BaldursGateIIEnhancedEdition[85223:118479367] INFO: scanning:(8) $HOME/Documents/Baldur's Gate II - Enhanced Edition/override
2026-09-04 14:05:40.673 BaldursGateIIEnhancedEdition[85223:118479367] INFO: scanning:(9) $HOME/Documents/Baldur's Gate II - Enhanced Edition/scripts
2026-09-04 14:05:40.673 BaldursGateIIEnhancedEdition[85223:118479367] INFO: scanning:(10) $HOME/Documents/Baldur's Gate II - Enhanced Edition/sounds
2026-09-04 14:05:40.673 BaldursGateIIEnhancedEdition[85223:118479367] INFO: scanning:(11) $HOME/Documents/Baldur's Gate II - Enhanced Edition/portraits
2026-09-04 14:05:40.673 BaldursGateIIEnhancedEdition[85223:118479367] INFO: scanning:(12) $HOME/Documents/Baldur's Gate II - Enhanced Edition/characters
2026-09-04 14:05:40.673 BaldursGateIIEnhancedEdition[85223:118479367] INFO: scanning:(13) $HOME/Documents/Baldur's Gate II - Enhanced Edition/movies
2026-09-04 14:05:40.674 BaldursGateIIEnhancedEdition[85223:118479367] INFO: scanning:(0) $HOME/Library/Application Support/Steam/steamapps/common/Baldur's Gate II Enhanced Edition/override
2026-09-04 14:05:40.676 BaldursGateIIEnhancedEdition[85223:118479367] INFO: scanning:(1) $HOME/Library/Application Support/Steam/steamapps/common/Baldur's Gate II Enhanced Edition/scripts
2026-09-04 14:05:40.676 BaldursGateIIEnhancedEdition[85223:118479367] INFO: scanning:(2) $HOME/Library/Application Support/Steam/steamapps/common/Baldur's Gate II Enhanced Edition/sounds
2026-09-04 14:05:40.676 BaldursGateIIEnhancedEdition[85223:118479367] INFO: scanning:(3) $HOME/Library/Application Support/Steam/steamapps/common/Baldur's Gate II Enhanced Edition/lang/en_US/sounds
2026-09-04 14:05:40.676 BaldursGateIIEnhancedEdition[85223:118479367] INFO: scanning:(4) $HOME/Library/Application Support/Steam/steamapps/common/Baldur's Gate II Enhanced Edition/portraits
2026-09-04 14:05:40.676 BaldursGateIIEnhancedEdition[85223:118479367] INFO: scanning:(5) $HOME/Library/Application Support/Steam/steamapps/common/Baldur's Gate II Enhanced Edition/characters
2026-09-04 14:05:40.676 BaldursGateIIEnhancedEdition[85223:118479367] INFO: scanning:(6) $HOME/Library/Application Support/Steam/steamapps/common/Baldur's Gate II Enhanced Edition/movies
2026-09-04 14:05:40.676 BaldursGateIIEnhancedEdition[85223:118479367] INFO: scanning:(7) $HOME/Library/Application Support/Steam/steamapps/common/Baldur's Gate II Enhanced Edition/lang/en_US/movies
2026-09-04 14:05:40.676 BaldursGateIIEnhancedEdition[85223:118479367] INFO: scanning:(8) $HOME/Documents/Baldur's Gate II - Enhanced Edition/override
2026-09-04 14:05:40.676 BaldursGateIIEnhancedEdition[85223:118479367] INFO: scanning:(9) $HOME/Documents/Baldur's Gate II - Enhanced Edition/scripts
2026-09-04 14:05:40.676 BaldursGateIIEnhancedEdition[85223:118479367] INFO: scanning:(10) $HOME/Documents/Baldur's Gate II - Enhanced Edition/sounds
2026-09-04 14:05:40.676 BaldursGateIIEnhancedEdition[85223:118479367] INFO: scanning:(11) $HOME/Documents/Baldur's Gate II - Enhanced Edition/portraits
2026-09-04 14:05:40.676 BaldursGateIIEnhancedEdition[85223:118479367] INFO: scanning:(12) $HOME/Documents/Baldur's Gate II - Enhanced Edition/characters
2026-09-04 14:05:40.676 BaldursGateIIEnhancedEdition[85223:118479367] INFO: scanning:(13) $HOME/Documents/Baldur's Gate II - Enhanced Edition/movies
2026-09-04 14:05:40.677 BaldursGateIIEnhancedEdition[85223:118479367] INFO: LUA: A7LOG	222	10023420	265995	Day 1, Hour 13 (3 Mirtul, 1369)	WORLD_QUICKLOOT	^0xff0cff3fQuick save successful.^-
2026-09-04 14:05:46.806 BaldursGateIIEnhancedEdition[85223:118479367] INFO: scanning:(0) $HOME/Library/Application Support/Steam/steamapps/common/Baldur's Gate II Enhanced Edition/override
2026-09-04 14:05:46.810 BaldursGateIIEnhancedEdition[85223:118479367] INFO: scanning:(1) $HOME/Library/Application Support/Steam/steamapps/common/Baldur's Gate II Enhanced Edition/scripts
2026-09-04 14:05:46.810 BaldursGateIIEnhancedEdition[85223:118479367] INFO: scanning:(2) $HOME/Library/Application Support/Steam/steamapps/common/Baldur's Gate II Enhanced Edition/sounds
2026-09-04 14:05:46.810 BaldursGateIIEnhancedEdition[85223:118479367] INFO: scanning:(3) $HOME/Library/Application Support/Steam/steamapps/common/Baldur's Gate II Enhanced Edition/lang/en_US/sounds
2026-09-04 14:05:46.810 BaldursGateIIEnhancedEdition[85223:118479367] INFO: scanning:(4) $HOME/Library/Application Support/Steam/steamapps/common/Baldur's Gate II Enhanced Edition/portraits
2026-09-04 14:05:46.810 BaldursGateIIEnhancedEdition[85223:118479367] INFO: scanning:(5) $HOME/Library/Application Support/Steam/steamapps/common/Baldur's Gate II Enhanced Edition/characters
2026-09-04 14:05:46.810 BaldursGateIIEnhancedEdition[85223:118479367] INFO: scanning:(6) $HOME/Library/Application Support/Steam/steamapps/common/Baldur's Gate II Enhanced Edition/movies
2026-09-04 14:05:46.810 BaldursGateIIEnhancedEdition[85223:118479367] INFO: scanning:(7) $HOME/Library/Application Support/Steam/steamapps/common/Baldur's Gate II Enhanced Edition/lang/en_US/movies
2026-09-04 14:05:46.810 BaldursGateIIEnhancedEdition[85223:118479367] INFO: scanning:(8) $HOME/Documents/Baldur's Gate II - Enhanced Edition/override
2026-09-04 14:05:46.811 BaldursGateIIEnhancedEdition[85223:118479367] INFO: scanning:(9) $HOME/Documents/Baldur's Gate II - Enhanced Edition/scripts
2026-09-04 14:05:46.811 BaldursGateIIEnhancedEdition[85223:118479367] INFO: scanning:(10) $HOME/Documents/Baldur's Gate II - Enhanced Edition/sounds
2026-09-04 14:05:46.811 BaldursGateIIEnhancedEdition[85223:118479367] INFO: scanning:(11) $HOME/Documents/Baldur's Gate II - Enhanced Edition/portraits
2026-09-04 14:05:46.811 BaldursGateIIEnhancedEdition[85223:118479367] INFO: scanning:(12) $HOME/Documents/Baldur's Gate II - Enhanced Edition/characters
2026-09-04 14:05:46.811 BaldursGateIIEnhancedEdition[85223:118479367] INFO: scanning:(13) $HOME/Documents/Baldur's Gate II - Enhanced Edition/movies
2026-09-04 14:05:46.848 BaldursGateIIEnhancedEdition[85223:118479367] INFO: scanning:(0) $HOME/Library/Application Support/Steam/steamapps/common/Baldur's Gate II Enhanced Edition/override
2026-09-04 14:05:46.850 BaldursGateIIEnhancedEdition[85223:118479367] INFO: scanning:(1) $HOME/Library/Application Support/Steam/steamapps/common/Baldur's Gate II Enhanced Edition/scripts
2026-09-04 14:05:46.850 BaldursGateIIEnhancedEdition[85223:118479367] INFO: scanning:(2) $HOME/Library/Application Support/Steam/steamapps/common/Baldur's Gate II Enhanced Edition/sounds
2026-09-04 14:05:46.850 BaldursGateIIEnhancedEdition[85223:118479367] INFO: scanning:(3) $HOME/Library/Application Support/Steam/steamapps/common/Baldur's Gate II Enhanced Edition/lang/en_US/sounds
2026-09-04 14:05:46.850 BaldursGateIIEnhancedEdition[85223:118479367] INFO: scanning:(4) $HOME/Library/Application Support/Steam/steamapps/common/Baldur's Gate II Enhanced Edition/portraits
2026-09-04 14:05:46.850 BaldursGateIIEnhancedEdition[85223:118479367] INFO: scanning:(5) $HOME/Library/Application Support/Steam/steamapps/common/Baldur's Gate II Enhanced Edition/characters
2026-09-04 14:05:46.850 BaldursGateIIEnhancedEdition[85223:118479367] INFO: scanning:(6) $HOME/Library/Application Support/Steam/steamapps/common/Baldur's Gate II Enhanced Edition/movies
2026-09-04 14:05:46.850 BaldursGateIIEnhancedEdition[85223:118479367] INFO: scanning:(7) $HOME/Library/Application Support/Steam/steamapps/common/Baldur's Gate II Enhanced Edition/lang/en_US/movies
2026-09-04 14:05:46.850 BaldursGateIIEnhancedEdition[85223:118479367] INFO: scanning:(8) $HOME/Documents/Baldur's Gate II - Enhanced Edition/override
2026-09-04 14:05:46.850 BaldursGateIIEnhancedEdition[85223:118479367] INFO: scanning:(9) $HOME/Documents/Baldur's Gate II - Enhanced Edition/scripts
2026-09-04 14:05:46.850 BaldursGateIIEnhancedEdition[85223:118479367] INFO: scanning:(10) $HOME/Documents/Baldur's Gate II - Enhanced Edition/sounds
2026-09-04 14:05:46.850 BaldursGateIIEnhancedEdition[85223:118479367] INFO: scanning:(11) $HOME/Documents/Baldur's Gate II - Enhanced Edition/portraits
2026-09-04 14:05:46.851 BaldursGateIIEnhancedEdition[85223:118479367] INFO: scanning:(12) $HOME/Documents/Baldur's Gate II - Enhanced Edition/characters
2026-09-04 14:05:46.851 BaldursGateIIEnhancedEdition[85223:118479367] INFO: scanning:(13) $HOME/Documents/Baldur's Gate II - Enhanced Edition/movies
2026-09-04 14:05:46.852 BaldursGateIIEnhancedEdition[85223:118479367] INFO: scanning:(0) $HOME/Library/Application Support/Steam/steamapps/common/Baldur's Gate II Enhanced Edition/override
2026-09-04 14:05:46.854 BaldursGateIIEnhancedEdition[85223:118479367] INFO: scanning:(1) $HOME/Library/Application Support/Steam/steamapps/common/Baldur's Gate II Enhanced Edition/scripts
2026-09-04 14:05:46.854 BaldursGateIIEnhancedEdition[85223:118479367] INFO: scanning:(2) $HOME/Library/Application Support/Steam/steamapps/common/Baldur's Gate II Enhanced Edition/sounds
2026-09-04 14:05:46.854 BaldursGateIIEnhancedEdition[85223:118479367] INFO: scanning:(3) $HOME/Library/Application Support/Steam/steamapps/common/Baldur's Gate II Enhanced Edition/lang/en_US/sounds
2026-09-04 14:05:46.854 BaldursGateIIEnhancedEdition[85223:118479367] INFO: scanning:(4) $HOME/Library/Application Support/Steam/steamapps/common/Baldur's Gate II Enhanced Edition/portraits
2026-09-04 14:05:46.854 BaldursGateIIEnhancedEdition[85223:118479367] INFO: scanning:(5) $HOME/Library/Application Support/Steam/steamapps/common/Baldur's Gate II Enhanced Edition/characters
2026-09-04 14:05:46.854 BaldursGateIIEnhancedEdition[85223:118479367] INFO: scanning:(6) $HOME/Library/Application Support/Steam/steamapps/common/Baldur's Gate II Enhanced Edition/movies
2026-09-04 14:05:46.854 BaldursGateIIEnhancedEdition[85223:118479367] INFO: scanning:(7) $HOME/Library/Application Support/Steam/steamapps/common/Baldur's Gate II Enhanced Edition/lang/en_US/movies
2026-09-04 14:05:46.854 BaldursGateIIEnhancedEdition[85223:118479367] INFO: scanning:(8) $HOME/Documents/Baldur's Gate II - Enhanced Edition/override
2026-09-04 14:05:46.854 BaldursGateIIEnhancedEdition[85223:118479367] INFO: scanning:(9) $HOME/Documents/Baldur's Gate II - Enhanced Edition/scripts
2026-09-04 14:05:46.854 BaldursGateIIEnhancedEdition[85223:118479367] INFO: scanning:(10) $HOME/Documents/Baldur's Gate II - Enhanced Edition/sounds
2026-09-04 14:05:46.854 BaldursGateIIEnhancedEdition[85223:118479367] INFO: scanning:(11) $HOME/Documents/Baldur's Gate II - Enhanced Edition/portraits
2026-09-04 14:05:46.854 BaldursGateIIEnhancedEdition[85223:118479367] INFO: scanning:(12) $HOME/Documents/Baldur's Gate II - Enhanced Edition/characters
2026-09-04 14:05:46.854 BaldursGateIIEnhancedEdition[85223:118479367] INFO: scanning:(13) $HOME/Documents/Baldur's Gate II - Enhanced Edition/movies
2026-09-04 14:05:46.855 BaldursGateIIEnhancedEdition[85223:118479367] INFO: scanning:(0) $HOME/Library/Application Support/Steam/steamapps/common/Baldur's Gate II Enhanced Edition/override
2026-09-04 14:05:46.857 BaldursGateIIEnhancedEdition[85223:118479367] INFO: scanning:(1) $HOME/Library/Application Support/Steam/steamapps/common/Baldur's Gate II Enhanced Edition/scripts
2026-09-04 14:05:46.857 BaldursGateIIEnhancedEdition[85223:118479367] INFO: scanning:(2) $HOME/Library/Application Support/Steam/steamapps/common/Baldur's Gate II Enhanced Edition/sounds
2026-09-04 14:05:46.857 BaldursGateIIEnhancedEdition[85223:118479367] INFO: scanning:(3) $HOME/Library/Application Support/Steam/steamapps/common/Baldur's Gate II Enhanced Edition/lang/en_US/sounds
2026-09-04 14:05:46.857 BaldursGateIIEnhancedEdition[85223:118479367] INFO: scanning:(4) $HOME/Library/Application Support/Steam/steamapps/common/Baldur's Gate II Enhanced Edition/portraits
2026-09-04 14:05:46.857 BaldursGateIIEnhancedEdition[85223:118479367] INFO: scanning:(5) $HOME/Library/Application Support/Steam/steamapps/common/Baldur's Gate II Enhanced Edition/characters
2026-09-04 14:05:46.857 BaldursGateIIEnhancedEdition[85223:118479367] INFO: scanning:(6) $HOME/Library/Application Support/Steam/steamapps/common/Baldur's Gate II Enhanced Edition/movies
2026-09-04 14:05:46.858 BaldursGateIIEnhancedEdition[85223:118479367] INFO: scanning:(7) $HOME/Library/Application Support/Steam/steamapps/common/Baldur's Gate II Enhanced Edition/lang/en_US/movies
2026-09-04 14:05:46.858 BaldursGateIIEnhancedEdition[85223:118479367] INFO: scanning:(8) $HOME/Documents/Baldur's Gate II - Enhanced Edition/override
2026-09-04 14:05:46.858 BaldursGateIIEnhancedEdition[85223:118479367] INFO: scanning:(9) $HOME/Documents/Baldur's Gate II - Enhanced Edition/scripts
2026-09-04 14:05:46.858 BaldursGateIIEnhancedEdition[85223:118479367] INFO: scanning:(10) $HOME/Documents/Baldur's Gate II - Enhanced Edition/sounds
2026-09-04 14:05:46.858 BaldursGateIIEnhancedEdition[85223:118479367] INFO: scanning:(11) $HOME/Documents/Baldur's Gate II - Enhanced Edition/portraits
2026-09-04 14:05:46.858 BaldursGateIIEnhancedEdition[85223:118479367] INFO: scanning:(12) $HOME/Documents/Baldur's Gate II - Enhanced Edition/characters
2026-09-04 14:05:46.858 BaldursGateIIEnhancedEdition[85223:118479367] INFO: scanning:(13) $HOME/Documents/Baldur's Gate II - Enhanced Edition/movies
2026-09-04 14:05:46.859 BaldursGateIIEnhancedEdition[85223:118479367] INFO: scanning:(0) $HOME/Library/Application Support/Steam/steamapps/common/Baldur's Gate II Enhanced Edition/override
2026-09-04 14:05:46.861 BaldursGateIIEnhancedEdition[85223:118479367] INFO: scanning:(1) $HOME/Library/Application Support/Steam/steamapps/common/Baldur's Gate II Enhanced Edition/scripts
2026-09-04 14:05:46.861 BaldursGateIIEnhancedEdition[85223:118479367] INFO: scanning:(2) $HOME/Library/Application Support/Steam/steamapps/common/Baldur's Gate II Enhanced Edition/sounds
2026-09-04 14:05:46.861 BaldursGateIIEnhancedEdition[85223:118479367] INFO: scanning:(3) $HOME/Library/Application Support/Steam/steamapps/common/Baldur's Gate II Enhanced Edition/lang/en_US/sounds
2026-09-04 14:05:46.861 BaldursGateIIEnhancedEdition[85223:118479367] INFO: scanning:(4) $HOME/Library/Application Support/Steam/steamapps/common/Baldur's Gate II Enhanced Edition/portraits
2026-09-04 14:05:46.861 BaldursGateIIEnhancedEdition[85223:118479367] INFO: scanning:(5) $HOME/Library/Application Support/Steam/steamapps/common/Baldur's Gate II Enhanced Edition/characters
2026-09-04 14:05:46.861 BaldursGateIIEnhancedEdition[85223:118479367] INFO: scanning:(6) $HOME/Library/Application Support/Steam/steamapps/common/Baldur's Gate II Enhanced Edition/movies
2026-09-04 14:05:46.861 BaldursGateIIEnhancedEdition[85223:118479367] INFO: scanning:(7) $HOME/Library/Application Support/Steam/steamapps/common/Baldur's Gate II Enhanced Edition/lang/en_US/movies
2026-09-04 14:05:46.861 BaldursGateIIEnhancedEdition[85223:118479367] INFO: scanning:(8) $HOME/Documents/Baldur's Gate II - Enhanced Edition/override
2026-09-04 14:05:46.861 BaldursGateIIEnhancedEdition[85223:118479367] INFO: scanning:(9) $HOME/Documents/Baldur's Gate II - Enhanced Edition/scripts
2026-09-04 14:05:46.861 BaldursGateIIEnhancedEdition[85223:118479367] INFO: scanning:(10) $HOME/Documents/Baldur's Gate II - Enhanced Edition/sounds
2026-09-04 14:05:46.861 BaldursGateIIEnhancedEdition[85223:118479367] INFO: scanning:(11) $HOME/Documents/Baldur's Gate II - Enhanced Edition/portraits
2026-09-04 14:05:46.861 BaldursGateIIEnhancedEdition[85223:118479367] INFO: scanning:(12) $HOME/Documents/Baldur's Gate II - Enhanced Edition/characters
2026-09-04 14:05:46.861 BaldursGateIIEnhancedEdition[85223:118479367] INFO: scanning:(13) $HOME/Documents/Baldur's Gate II - Enhanced Edition/movies
2026-09-04 14:05:46.867 BaldursGateIIEnhancedEdition[85223:118479367] INFO: scanning:(0) $HOME/Library/Application Support/Steam/steamapps/common/Baldur's Gate II Enhanced Edition/override
2026-09-04 14:05:46.869 BaldursGateIIEnhancedEdition[85223:118479367] INFO: scanning:(1) $HOME/Library/Application Support/Steam/steamapps/common/Baldur's Gate II Enhanced Edition/scripts
2026-09-04 14:05:46.869 BaldursGateIIEnhancedEdition[85223:118479367] INFO: scanning:(2) $HOME/Library/Application Support/Steam/steamapps/common/Baldur's Gate II Enhanced Edition/sounds
2026-09-04 14:05:46.869 BaldursGateIIEnhancedEdition[85223:118479367] INFO: scanning:(3) $HOME/Library/Application Support/Steam/steamapps/common/Baldur's Gate II Enhanced Edition/lang/en_US/sounds
2026-09-04 14:05:46.869 BaldursGateIIEnhancedEdition[85223:118479367] INFO: scanning:(4) $HOME/Library/Application Support/Steam/steamapps/common/Baldur's Gate II Enhanced Edition/portraits
2026-09-04 14:05:46.869 BaldursGateIIEnhancedEdition[85223:118479367] INFO: scanning:(5) $HOME/Library/Application Support/Steam/steamapps/common/Baldur's Gate II Enhanced Edition/characters
2026-09-04 14:05:46.869 BaldursGateIIEnhancedEdition[85223:118479367] INFO: scanning:(6) $HOME/Library/Application Support/Steam/steamapps/common/Baldur's Gate II Enhanced Edition/movies
2026-09-04 14:05:46.869 BaldursGateIIEnhancedEdition[85223:118479367] INFO: scanning:(7) $HOME/Library/Application Support/Steam/steamapps/common/Baldur's Gate II Enhanced Edition/lang/en_US/movies
2026-09-04 14:05:46.869 BaldursGateIIEnhancedEdition[85223:118479367] INFO: scanning:(8) $HOME/Documents/Baldur's Gate II - Enhanced Edition/override
2026-09-04 14:05:46.869 BaldursGateIIEnhancedEdition[85223:118479367] INFO: scanning:(9) $HOME/Documents/Baldur's Gate II - Enhanced Edition/scripts
2026-09-04 14:05:46.869 BaldursGateIIEnhancedEdition[85223:118479367] INFO: scanning:(10) $HOME/Documents/Baldur's Gate II - Enhanced Edition/sounds
2026-09-04 14:05:46.869 BaldursGateIIEnhancedEdition[85223:118479367] INFO: scanning:(11) $HOME/Documents/Baldur's Gate II - Enhanced Edition/portraits
2026-09-04 14:05:46.869 BaldursGateIIEnhancedEdition[85223:118479367] INFO: scanning:(12) $HOME/Documents/Baldur's Gate II - Enhanced Edition/characters
2026-09-04 14:05:46.869 BaldursGateIIEnhancedEdition[85223:118479367] INFO: scanning:(13) $HOME/Documents/Baldur's Gate II - Enhanced Edition/movies
2026-09-04 14:05:46.871 BaldursGateIIEnhancedEdition[85223:118479367] INFO: scanning:(0) $HOME/Library/Application Support/Steam/steamapps/common/Baldur's Gate II Enhanced Edition/override
2026-09-04 14:05:46.872 BaldursGateIIEnhancedEdition[85223:118479367] INFO: scanning:(1) $HOME/Library/Application Support/Steam/steamapps/common/Baldur's Gate II Enhanced Edition/scripts
2026-09-04 14:05:46.872 BaldursGateIIEnhancedEdition[85223:118479367] INFO: scanning:(2) $HOME/Library/Application Support/Steam/steamapps/common/Baldur's Gate II Enhanced Edition/sounds
2026-09-04 14:05:46.872 BaldursGateIIEnhancedEdition[85223:118479367] INFO: scanning:(3) $HOME/Library/Application Support/Steam/steamapps/common/Baldur's Gate II Enhanced Edition/lang/en_US/sounds
2026-09-04 14:05:46.872 BaldursGateIIEnhancedEdition[85223:118479367] INFO: scanning:(4) $HOME/Library/Application Support/Steam/steamapps/common/Baldur's Gate II Enhanced Edition/portraits
2026-09-04 14:05:46.872 BaldursGateIIEnhancedEdition[85223:118479367] INFO: scanning:(5) $HOME/Library/Application Support/Steam/steamapps/common/Baldur's Gate II Enhanced Edition/characters
2026-09-04 14:05:46.872 BaldursGateIIEnhancedEdition[85223:118479367] INFO: scanning:(6) $HOME/Library/Application Support/Steam/steamapps/common/Baldur's Gate II Enhanced Edition/movies
2026-09-04 14:05:46.873 BaldursGateIIEnhancedEdition[85223:118479367] INFO: scanning:(7) $HOME/Library/Application Support/Steam/steamapps/common/Baldur's Gate II Enhanced Edition/lang/en_US/movies
2026-09-04 14:05:46.873 BaldursGateIIEnhancedEdition[85223:118479367] INFO: scanning:(8) $HOME/Documents/Baldur's Gate II - Enhanced Edition/override
2026-09-04 14:05:46.873 BaldursGateIIEnhancedEdition[85223:118479367] INFO: scanning:(9) $HOME/Documents/Baldur's Gate II - Enhanced Edition/scripts
2026-09-04 14:05:46.873 BaldursGateIIEnhancedEdition[85223:118479367] INFO: scanning:(10) $HOME/Documents/Baldur's Gate II - Enhanced Edition/sounds
2026-09-04 14:05:46.873 BaldursGateIIEnhancedEdition[85223:118479367] INFO: scanning:(11) $HOME/Documents/Baldur's Gate II - Enhanced Edition/portraits
2026-09-04 14:05:46.873 BaldursGateIIEnhancedEdition[85223:118479367] INFO: scanning:(12) $HOME/Documents/Baldur's Gate II - Enhanced Edition/characters
2026-09-04 14:05:46.873 BaldursGateIIEnhancedEdition[85223:118479367] INFO: scanning:(13) $HOME/Documents/Baldur's Gate II - Enhanced Edition/movies
2026-09-04 14:05:46.874 BaldursGateIIEnhancedEdition[85223:118479367] INFO: scanning:(0) $HOME/Library/Application Support/Steam/steamapps/common/Baldur's Gate II Enhanced Edition/override
2026-09-04 14:05:46.875 BaldursGateIIEnhancedEdition[85223:118479367] INFO: scanning:(1) $HOME/Library/Application Support/Steam/steamapps/common/Baldur's Gate II Enhanced Edition/scripts
2026-09-04 14:05:46.875 BaldursGateIIEnhancedEdition[85223:118479367] INFO: scanning:(2) $HOME/Library/Application Support/Steam/steamapps/common/Baldur's Gate II Enhanced Edition/sounds
2026-09-04 14:05:46.875 BaldursGateIIEnhancedEdition[85223:118479367] INFO: scanning:(3) $HOME/Library/Application Support/Steam/steamapps/common/Baldur's Gate II Enhanced Edition/lang/en_US/sounds
2026-09-04 14:05:46.875 BaldursGateIIEnhancedEdition[85223:118479367] INFO: scanning:(4) $HOME/Library/Application Support/Steam/steamapps/common/Baldur's Gate II Enhanced Edition/portraits
2026-09-04 14:05:46.875 BaldursGateIIEnhancedEdition[85223:118479367] INFO: scanning:(5) $HOME/Library/Application Support/Steam/steamapps/common/Baldur's Gate II Enhanced Edition/characters
2026-09-04 14:05:46.876 BaldursGateIIEnhancedEdition[85223:118479367] INFO: scanning:(6) $HOME/Library/Application Support/Steam/steamapps/common/Baldur's Gate II Enhanced Edition/movies
2026-09-04 14:05:46.876 BaldursGateIIEnhancedEdition[85223:118479367] INFO: scanning:(7) $HOME/Library/Application Support/Steam/steamapps/common/Baldur's Gate II Enhanced Edition/lang/en_US/movies
2026-09-04 14:05:46.876 BaldursGateIIEnhancedEdition[85223:118479367] INFO: scanning:(8) $HOME/Documents/Baldur's Gate II - Enhanced Edition/override
2026-09-04 14:05:46.876 BaldursGateIIEnhancedEdition[85223:118479367] INFO: scanning:(9) $HOME/Documents/Baldur's Gate II - Enhanced Edition/scripts
2026-09-04 14:05:46.876 BaldursGateIIEnhancedEdition[85223:118479367] INFO: scanning:(10) $HOME/Documents/Baldur's Gate II - Enhanced Edition/sounds
2026-09-04 14:05:46.876 BaldursGateIIEnhancedEdition[85223:118479367] INFO: scanning:(11) $HOME/Documents/Baldur's Gate II - Enhanced Edition/portraits
2026-09-04 14:05:46.876 BaldursGateIIEnhancedEdition[85223:118479367] INFO: scanning:(12) $HOME/Documents/Baldur's Gate II - Enhanced Edition/characters
2026-09-04 14:05:46.876 BaldursGateIIEnhancedEdition[85223:118479367] INFO: scanning:(13) $HOME/Documents/Baldur's Gate II - Enhanced Edition/movies
2026-09-04 14:05:46.877 BaldursGateIIEnhancedEdition[85223:118479367] INFO: scanning:(0) $HOME/Library/Application Support/Steam/steamapps/common/Baldur's Gate II Enhanced Edition/override
2026-09-04 14:05:46.878 BaldursGateIIEnhancedEdition[85223:118479367] INFO: scanning:(1) $HOME/Library/Application Support/Steam/steamapps/common/Baldur's Gate II Enhanced Edition/scripts
2026-09-04 14:05:46.878 BaldursGateIIEnhancedEdition[85223:118479367] INFO: scanning:(2) $HOME/Library/Application Support/Steam/steamapps/common/Baldur's Gate II Enhanced Edition/sounds
2026-09-04 14:05:46.878 BaldursGateIIEnhancedEdition[85223:118479367] INFO: scanning:(3) $HOME/Library/Application Support/Steam/steamapps/common/Baldur's Gate II Enhanced Edition/lang/en_US/sounds
2026-09-04 14:05:46.878 BaldursGateIIEnhancedEdition[85223:118479367] INFO: scanning:(4) $HOME/Library/Application Support/Steam/steamapps/common/Baldur's Gate II Enhanced Edition/portraits
2026-09-04 14:05:46.878 BaldursGateIIEnhancedEdition[85223:118479367] INFO: scanning:(5) $HOME/Library/Application Support/Steam/steamapps/common/Baldur's Gate II Enhanced Edition/characters
2026-09-04 14:05:46.878 BaldursGateIIEnhancedEdition[85223:118479367] INFO: scanning:(6) $HOME/Library/Application Support/Steam/steamapps/common/Baldur's Gate II Enhanced Edition/movies
2026-09-04 14:05:46.878 BaldursGateIIEnhancedEdition[85223:118479367] INFO: scanning:(7) $HOME/Library/Application Support/Steam/steamapps/common/Baldur's Gate II Enhanced Edition/lang/en_US/movies
2026-09-04 14:05:46.878 BaldursGateIIEnhancedEdition[85223:118479367] INFO: scanning:(8) $HOME/Documents/Baldur's Gate II - Enhanced Edition/override
2026-09-04 14:05:46.878 BaldursGateIIEnhancedEdition[85223:118479367] INFO: scanning:(9) $HOME/Documents/Baldur's Gate II - Enhanced Edition/scripts
2026-09-04 14:05:46.878 BaldursGateIIEnhancedEdition[85223:118479367] INFO: scanning:(10) $HOME/Documents/Baldur's Gate II - Enhanced Edition/sounds
2026-09-04 14:05:46.878 BaldursGateIIEnhancedEdition[85223:118479367] INFO: scanning:(11) $HOME/Documents/Baldur's Gate II - Enhanced Edition/portraits
2026-09-04 14:05:46.879 BaldursGateIIEnhancedEdition[85223:118479367] INFO: scanning:(12) $HOME/Documents/Baldur's Gate II - Enhanced Edition/characters
2026-09-04 14:05:46.879 BaldursGateIIEnhancedEdition[85223:118479367] INFO: scanning:(13) $HOME/Documents/Baldur's Gate II - Enhanced Edition/movies
2026-09-04 14:05:46.880 BaldursGateIIEnhancedEdition[85223:118479367] INFO: scanning:(0) $HOME/Library/Application Support/Steam/steamapps/common/Baldur's Gate II Enhanced Edition/override
2026-09-04 14:05:46.881 BaldursGateIIEnhancedEdition[85223:118479367] INFO: scanning:(1) $HOME/Library/Application Support/Steam/steamapps/common/Baldur's Gate II Enhanced Edition/scripts
2026-09-04 14:05:46.881 BaldursGateIIEnhancedEdition[85223:118479367] INFO: scanning:(2) $HOME/Library/Application Support/Steam/steamapps/common/Baldur's Gate II Enhanced Edition/sounds
2026-09-04 14:05:46.881 BaldursGateIIEnhancedEdition[85223:118479367] INFO: scanning:(3) $HOME/Library/Application Support/Steam/steamapps/common/Baldur's Gate II Enhanced Edition/lang/en_US/sounds
2026-09-04 14:05:46.881 BaldursGateIIEnhancedEdition[85223:118479367] INFO: scanning:(4) $HOME/Library/Application Support/Steam/steamapps/common/Baldur's Gate II Enhanced Edition/portraits
2026-09-04 14:05:46.881 BaldursGateIIEnhancedEdition[85223:118479367] INFO: scanning:(5) $HOME/Library/Application Support/Steam/steamapps/common/Baldur's Gate II Enhanced Edition/characters
2026-09-04 14:05:46.881 BaldursGateIIEnhancedEdition[85223:118479367] INFO: scanning:(6) $HOME/Library/Application Support/Steam/steamapps/common/Baldur's Gate II Enhanced Edition/movies
2026-09-04 14:05:46.881 BaldursGateIIEnhancedEdition[85223:118479367] INFO: scanning:(7) $HOME/Library/Application Support/Steam/steamapps/common/Baldur's Gate II Enhanced Edition/lang/en_US/movies
2026-09-04 14:05:46.881 BaldursGateIIEnhancedEdition[85223:118479367] INFO: scanning:(8) $HOME/Documents/Baldur's Gate II - Enhanced Edition/override
2026-09-04 14:05:46.881 BaldursGateIIEnhancedEdition[85223:118479367] INFO: scanning:(9) $HOME/Documents/Baldur's Gate II - Enhanced Edition/scripts
2026-09-04 14:05:46.881 BaldursGateIIEnhancedEdition[85223:118479367] INFO: scanning:(10) $HOME/Documents/Baldur's Gate II - Enhanced Edition/sounds
2026-09-04 14:05:46.881 BaldursGateIIEnhancedEdition[85223:118479367] INFO: scanning:(11) $HOME/Documents/Baldur's Gate II - Enhanced Edition/portraits
2026-09-04 14:05:46.882 BaldursGateIIEnhancedEdition[85223:118479367] INFO: scanning:(12) $HOME/Documents/Baldur's Gate II - Enhanced Edition/characters
2026-09-04 14:05:46.882 BaldursGateIIEnhancedEdition[85223:118479367] INFO: scanning:(13) $HOME/Documents/Baldur's Gate II - Enhanced Edition/movies
2026-09-04 14:05:46.883 BaldursGateIIEnhancedEdition[85223:118479367] INFO: LUA: A7LOG	223	10028760	272200	Day 1, Hour 13 (3 Mirtul, 1369)	WORLD_QUICKLOOT	^0xff0cff3fQuick save successful.^-
2026-09-04 14:05:55.565 BaldursGateIIEnhancedEdition[85223:118479367] INFO: LUA: A7LOG	224	10036320	280883	Day 1, Hour 13 (3 Mirtul, 1369)	WORLD_QUICKLOOT	^0xff9aa2d5Goblin^-: ^0xffbed7d7Attacks Skeleton Warrior^-
2026-09-04 14:05:55.599 BaldursGateIIEnhancedEdition[85223:118479367] INFO: LUA: A7LOG	225	10036380	280916	Day 1, Hour 13 (3 Mirtul, 1369)	WORLD_QUICKLOOT	^0xffc0a1aaGoblin^-: ^0xffbed7d7Attacks Skeleton Warrior^-
2026-09-04 14:05:56.389 BaldursGateIIEnhancedEdition[85223:118479367] INFO: LUA: A7LOG	226	10037040	281706	Day 1, Hour 13 (3 Mirtul, 1369)	WORLD_QUICKLOOT	^0xffa9a1b8Goblin^-: ^0xffbed7d7Attacks Skeleton Warrior^-
2026-09-04 14:05:56.427 BaldursGateIIEnhancedEdition[85223:118479367] INFO: LUA: A7LOG	227	10037100	281744	Day 1, Hour 13 (3 Mirtul, 1369)	WORLD_QUICKLOOT	^0xffd595caGoblin^-: ^0xffbed7d7Attacks Skeleton Warrior^-
2026-09-04 14:05:56.530 BaldursGateIIEnhancedEdition[85223:118479367] INFO: LUA: A7LOG	228	10037160	281847	Day 1, Hour 13 (3 Mirtul, 1369)	WORLD_QUICKLOOT	^0xff9aa2d5Goblin^-: ^0xffbed7d7Attacks Skeleton Warrior^-
2026-09-04 14:05:56.564 BaldursGateIIEnhancedEdition[85223:118479367] INFO: LUA: A7LOG	229	10037220	281881	Day 1, Hour 13 (3 Mirtul, 1369)	WORLD_QUICKLOOT	^0xff445e97Goblin^-: ^0xffbed7d7Attacks Skeleton Warrior^-
2026-09-04 14:05:57.008 BaldursGateIIEnhancedEdition[85223:118479367] INFO: LUA: A7LOG	230	10037580	282326	Day 1, Hour 13 (3 Mirtul, 1369)	WORLD_QUICKLOOT	^0xffc0a1aaMinsc^-: ^0xffbed7d7Attacks Goblin^-
2026-09-04 14:05:57.285 BaldursGateIIEnhancedEdition[85223:118479367] INFO: LUA: A7LOG	231	10037760	282602	Day 1, Hour 13 (3 Mirtul, 1369)	WORLD_QUICKLOOT	^0xff0000ffPAUSED^-
2026-09-04 14:05:57.318 BaldursGateIIEnhancedEdition[85223:118479367] INFO: LUA: A7LOG	232	10037760	282636	Day 1, Hour 13 (3 Mirtul, 1369)	WORLD_QUICKLOOT	^0xffffb3f3Imoen^-: ^0xffbed7d7Auto-Paused: Enemy Sighted^-
2026-09-04 14:05:58.323 BaldursGateIIEnhancedEdition[85223:118479367] INFO: LUA: A7LOG	233	10037760	283640	Day 1, Hour 13 (3 Mirtul, 1369)	WORLD_QUICKLOOT	^0xff0000ffUNPAUSED^-
2026-09-04 14:05:58.566 BaldursGateIIEnhancedEdition[85223:118479367] INFO: LUA: A7LOG	234	10037940	283883	Day 1, Hour 13 (3 Mirtul, 1369)	WORLD_QUICKLOOT	^0xffbed7d7Goblin^-: ^0xffbed7d7Roll:18 +Luck:0 +SpecialAC:0  +HitMod:0  +Attack of Opportunity:0  +Berserk:0  +Right:1 (+Weapon Bonus 0+Launcher 0+Proficiency 1+Dex 0+Missile 0+Racial 0+Effects 0) +Invisible:0  +Invisible Target:0  +Range:0  +Hated Race:0  +Special Target:0  +Protections:0 ^-
2026-09-04 14:05:58.566 BaldursGateIIEnhancedEdition[85223:118479367] INFO: LUA: A7LOG	235	10037940	283883	Day 1, Hour 13 (3 Mirtul, 1369)	WORLD_QUICKLOOT	^0xffd595caGoblin^-: ^0xffbed7d7Attack Roll 18 + 1 = 19 : Hit^-
2026-09-04 14:05:58.566 BaldursGateIIEnhancedEdition[85223:118479367] INFO: LUA: A7LOG	236	10037940	283883	Day 1, Hour 13 (3 Mirtul, 1369)	WORLD_QUICKLOOT	^0xffbed7d7Goblin^-: ^0xffbed7d7Roll:6  +DamageMod:0  +Hand bonus:0 (+Proficiency 2+Missile 0+Effects 0) +Attack of Opportunity:0  *Backstab:0  +Berserk:0  +Strength:0  +Hated Race:0  +Special Bonus:0 ^-
2026-09-04 14:05:58.566 BaldursGateIIEnhancedEdition[85223:118479367] INFO: LUA: A7LOG	237	10037940	283883	Day 1, Hour 13 (3 Mirtul, 1369)	WORLD_QUICKLOOT	^0xff0000ffPAUSED^-
2026-09-04 14:05:58.596 BaldursGateIIEnhancedEdition[85223:118479367] INFO: LUA: A7LOG	238	10037940	283913	Day 1, Hour 13 (3 Mirtul, 1369)	WORLD_QUICKLOOT	^0xffbed7d7Goblin^-: ^0xffbed7d7Roll:2 +Luck:0 +SpecialAC:0  +HitMod:0  +Attack of Opportunity:0  +Berserk:0  +Right:1 (+Weapon Bonus 0+Launcher 0+Proficiency 1+Dex 0+Missile 0+Racial 0+Effects 0) +Invisible:0  +Invisible Target:0  +Range:0  +Hated Race:0  +Special Target:0  +Protections:0 ^-
2026-09-04 14:05:58.596 BaldursGateIIEnhancedEdition[85223:118479367] INFO: LUA: A7LOG	239	10037940	283913	Day 1, Hour 13 (3 Mirtul, 1369)	WORLD_QUICKLOOT	^0xffa9a1b8Goblin^-: ^0xffbed7d7Attack Roll 2 + 1 = 3 : Miss^-
2026-09-04 14:05:58.596 BaldursGateIIEnhancedEdition[85223:118479367] INFO: LUA: A7LOG	240	10037940	283913	Day 1, Hour 13 (3 Mirtul, 1369)	WORLD_QUICKLOOT	^0xff018bffSkeleton Warrior^-: ^0xffbed7d7Auto-Paused: Attacked^-
2026-09-04 14:05:58.630 BaldursGateIIEnhancedEdition[85223:118479367] INFO: LUA: A7LOG	241	10037940	283948	Day 1, Hour 13 (3 Mirtul, 1369)	WORLD_QUICKLOOT	^0xff018bffSkeleton Warrior^-: ^0xffbed7d7Auto-Paused: Attacked^-
2026-09-04 14:05:59.010 BaldursGateIIEnhancedEdition[85223:118479367] INFO: LUA: A7LOG	242	10037940	284327	Day 1, Hour 13 (3 Mirtul, 1369)	WORLD_QUICKLOOT	^0xff0000ffUNPAUSED^-
2026-09-04 14:05:59.147 BaldursGateIIEnhancedEdition[85223:118479367] INFO: LUA: A7LOG	243	10038060	284465	Day 1, Hour 13 (3 Mirtul, 1369)	WORLD_QUICKLOOT	^0xffe6e6e6Dust Mephit^-: ^0xffbed7d7 Glass Dust : Skeleton Warrior^-
2026-09-04 14:05:59.317 BaldursGateIIEnhancedEdition[85223:118479367] INFO: LUA: A7LOG	244	10038180	284635	Day 1, Hour 13 (3 Mirtul, 1369)	WORLD_QUICKLOOT	^0xff018bffSkeleton Warrior^-: ^0xffbed7d7Takes 4 missile damage from Goblin (4 damage resisted)^-
2026-09-04 14:05:59.317 BaldursGateIIEnhancedEdition[85223:118479367] INFO: LUA: A7LOG	245	10038180	284635	Day 1, Hour 13 (3 Mirtul, 1369)	WORLD_QUICKLOOT	^0xff0000ffPAUSED^-
2026-09-04 14:05:59.349 BaldursGateIIEnhancedEdition[85223:118479367] INFO: LUA: A7LOG	246	10038180	284667	Day 1, Hour 13 (3 Mirtul, 1369)	WORLD_QUICKLOOT	^0xff018bffSkeleton Warrior^-: ^0xffbed7d7Auto-Paused: Attacked^-
2026-09-04 14:05:59.384 BaldursGateIIEnhancedEdition[85223:118479367] INFO: LUA: A7LOG	247	10038240	284702	Day 1, Hour 13 (3 Mirtul, 1369)	WORLD_QUICKLOOT	^0xff0000ffUNPAUSED^-
2026-09-04 14:05:59.727 BaldursGateIIEnhancedEdition[85223:118479367] INFO: LUA: A7LOG	248	10038420	285044	Day 1, Hour 13 (3 Mirtul, 1369)	WORLD_QUICKLOOT	^0xff0000ffPAUSED^-
2026-09-04 14:05:59.835 BaldursGateIIEnhancedEdition[85223:118479367] INFO: LUA: A7LOG	249	10038420	285152	Day 1, Hour 13 (3 Mirtul, 1369)	WORLD_QUICKLOOT	^0xff0000ffUNPAUSED^-
2026-09-04 14:05:59.971 BaldursGateIIEnhancedEdition[85223:118479367] INFO: LUA: A7LOG	250	10038540	285288	Day 1, Hour 13 (3 Mirtul, 1369)	WORLD_QUICKLOOT	^0xffbed7d7Skeleton Warrior^-: ^0xffbed7d7Save vs. Breath Weapon : 7^-
2026-09-04 14:06:00.247 BaldursGateIIEnhancedEdition[85223:118479367] INFO: LUA: A7LOG	251	10038720	285565	Day 1, Hour 13 (3 Mirtul, 1369)	WORLD_QUICKLOOT	^0xff0000ffPAUSED^-
2026-09-04 14:06:01.152 BaldursGateIIEnhancedEdition[85223:118479367] INFO: LUA: A7LOG	252	10038720	286469	Day 1, Hour 13 (3 Mirtul, 1369)	WORLD_QUICKLOOT	^0xffc0a1aaMinsc^-: ^0xffd7c8a0Minsc and Boo stand ready.^-
2026-09-04 14:06:02.571 BaldursGateIIEnhancedEdition[85223:118479367] INFO: LUA: A7LOG	253	10038720	287888	Day 1, Hour 13 (3 Mirtul, 1369)	WORLD_QUICKLOOT	^0xffc0a1aaMinsc^-: ^0xffd7c8a0Jump on my sword while you can, evil. I won't be as gentle!^-
2026-09-04 14:06:06.365 BaldursGateIIEnhancedEdition[85223:118479367] INFO: LUA: A7LOG	254	10038780	291682	Day 1, Hour 13 (3 Mirtul, 1369)	WORLD_QUICKLOOT	^0xff0000ffUNPAUSED^-
2026-09-04 14:06:06.500 BaldursGateIIEnhancedEdition[85223:118479367] INFO: LUA: A7LOG	255	10038900	291818	Day 1, Hour 13 (3 Mirtul, 1369)	WORLD_QUICKLOOT	^0xffbed7d7Minsc^-: ^0xffbed7d7Save vs. Breath Weapon : 13^-
2026-09-04 14:06:07.536 BaldursGateIIEnhancedEdition[85223:118479367] INFO: LUA: A7LOG	256	10039680	292853	Day 1, Hour 13 (3 Mirtul, 1369)	WORLD_QUICKLOOT	^0xff0000ffPAUSED^-
2026-09-04 14:06:08.359 BaldursGateIIEnhancedEdition[85223:118479367] INFO: LUA: A7LOG	257	10039680	293676	Day 1, Hour 13 (3 Mirtul, 1369)	WORLD_QUICKLOOT	^0xffd6bd9fJaheira^-: ^0xffd7c8a0Speak your mind.^-
2026-09-04 14:06:17.045 BaldursGateIIEnhancedEdition[85223:118479367] INFO: LUA: A7LOG	258	10039680	302362	Day 1, Hour 13 (3 Mirtul, 1369)	WORLD_QUICKLOOT	^0xff0000ffUNPAUSED^-
2026-09-04 14:06:17.491 BaldursGateIIEnhancedEdition[85223:118479367] INFO: LUA: A7LOG	259	10040040	302809	Day 1, Hour 13 (3 Mirtul, 1369)	WORLD_QUICKLOOT	^0xffbed7d7Goblin^-: ^0xffbed7d7Roll:7 +Luck:0 +SpecialAC:0  +HitMod:0  +Attack of Opportunity:0  +Berserk:0  +Right:1 (+Weapon Bonus 0+Launcher 0+Proficiency 1+Dex 0+Missile 0+Racial 0+Effects 0) +Invisible:0  +Invisible Target:0  +Range:0  +Hated Race:0  +Special Target:0  +Protections:0 ^-
2026-09-04 14:06:17.491 BaldursGateIIEnhancedEdition[85223:118479367] INFO: LUA: A7LOG	260	10040040	302809	Day 1, Hour 13 (3 Mirtul, 1369)	WORLD_QUICKLOOT	^0xffd595caGoblin^-: ^0xffbed7d7Attack Roll 7 + 1 = 8 : Miss^-
2026-09-04 14:06:17.491 BaldursGateIIEnhancedEdition[85223:118479367] INFO: LUA: A7LOG	261	10040040	302809	Day 1, Hour 13 (3 Mirtul, 1369)	WORLD_QUICKLOOT	^0xff0000ffPAUSED^-
2026-09-04 14:06:17.521 BaldursGateIIEnhancedEdition[85223:118479367] INFO: LUA: A7LOG	262	10040040	302838	Day 1, Hour 13 (3 Mirtul, 1369)	WORLD_QUICKLOOT	^0xffbed7d7Goblin^-: ^0xffbed7d7Roll:14 +Luck:0 +SpecialAC:0  +HitMod:0  +Attack of Opportunity:0  +Berserk:0  +Right:1 (+Weapon Bonus 0+Launcher 0+Proficiency 1+Dex 0+Missile 0+Racial 0+Effects 0) +Invisible:0  +Invisible Target:0  +Range:0  +Hated Race:0  +Special Target:0  +Protections:0 ^-
2026-09-04 14:06:17.521 BaldursGateIIEnhancedEdition[85223:118479367] INFO: LUA: A7LOG	263	10040040	302838	Day 1, Hour 13 (3 Mirtul, 1369)	WORLD_QUICKLOOT	^0xffa9a1b8Goblin^-: ^0xffbed7d7Attack Roll 14 + 1 = 15 : Hit^-
2026-09-04 14:06:17.521 BaldursGateIIEnhancedEdition[85223:118479367] INFO: LUA: A7LOG	264	10040040	302838	Day 1, Hour 13 (3 Mirtul, 1369)	WORLD_QUICKLOOT	^0xffbed7d7Goblin^-: ^0xffbed7d7Roll:3  +DamageMod:0  +Hand bonus:0 (+Proficiency 2+Missile 0+Effects 0) +Attack of Opportunity:0  *Backstab:0  +Berserk:0  +Strength:0  +Hated Race:0  +Special Bonus:0 ^-
2026-09-04 14:06:17.521 BaldursGateIIEnhancedEdition[85223:118479367] INFO: LUA: A7LOG	265	10040040	302838	Day 1, Hour 13 (3 Mirtul, 1369)	WORLD_QUICKLOOT	^0xff018bffSkeleton Warrior^-: ^0xffbed7d7Auto-Paused: Attacked^-
2026-09-04 14:06:17.555 BaldursGateIIEnhancedEdition[85223:118479367] INFO: LUA: A7LOG	266	10040040	302873	Day 1, Hour 13 (3 Mirtul, 1369)	WORLD_QUICKLOOT	^0xff018bffSkeleton Warrior^-: ^0xffbed7d7Auto-Paused: Attacked^-
2026-09-04 14:06:20.087 BaldursGateIIEnhancedEdition[85223:118479367] INFO: LUA: A7LOG	267	10040040	305404	Day 1, Hour 13 (3 Mirtul, 1369)	WORLD_QUICKLOOT	^0xffffb3f3Imoen^-: ^0xffd7c8a0Whatchu want?^-
2026-09-04 14:06:21.342 BaldursGateIIEnhancedEdition[85223:118479367] INFO: LUA: A7LOG	268	10040040	306659	Day 1, Hour 13 (3 Mirtul, 1369)	WORLD_QUICKLOOT	^0xffffb3f3Imoen^-: ^0xffbed7d7Stopped Detecting Traps / Illusions^-
2026-09-04 14:06:24.830 BaldursGateIIEnhancedEdition[85223:118479367] INFO: LUA: A7LOG	269	10040040	310147	Day 1, Hour 13 (3 Mirtul, 1369)	WORLD_QUICKLOOT	^0xff0000ffUNPAUSED^-
2026-09-04 14:06:24.858 BaldursGateIIEnhancedEdition[85223:118479367] INFO: sAchieveID=NONE,m_sGlobalName=MGAREA1,m_nValue=1
2026-09-04 14:06:25.001 BaldursGateIIEnhancedEdition[85223:118479367] INFO: sAchieveID=NONE,m_sGlobalName=SPRITE_IS_DEADNone,m_nValue=1
2026-09-04 14:06:25.002 BaldursGateIIEnhancedEdition[85223:118479367] INFO: LUA: A7LOG	270	10040220	310320	Day 1, Hour 13 (3 Mirtul, 1369)	WORLD_QUICKLOOT	^0xff018bffSkeleton Warrior^-: ^0xffbed7d7Takes 2 missile damage from Goblin (3 damage resisted)^-
2026-09-04 14:06:25.002 BaldursGateIIEnhancedEdition[85223:118479367] INFO: LUA: A7LOG	271	10040220	310320	Day 1, Hour 13 (3 Mirtul, 1369)	WORLD_QUICKLOOT	^0xff018bffSkeleton Warrior^-: ^0xffbed7d7Death^-
2026-09-04 14:06:25.407 BaldursGateIIEnhancedEdition[85223:118479367] INFO: LUA: A7LOG	272	10040580	310724	Day 1, Hour 13 (3 Mirtul, 1369)	WORLD_QUICKLOOT	^0xff445e97Goblin^-: ^0xffbed7d7Attacks Minsc^-
2026-09-04 14:06:25.542 BaldursGateIIEnhancedEdition[85223:118479367] INFO: LUA: A7LOG	273	10040700	310859	Day 1, Hour 13 (3 Mirtul, 1369)	WORLD_QUICKLOOT	^0xffc0a1aaGoblin^-: ^0xffbed7d7Attacks Minsc^-
2026-09-04 14:06:25.575 BaldursGateIIEnhancedEdition[85223:118479367] INFO: LUA: A7LOG	274	10040700	310892	Day 1, Hour 13 (3 Mirtul, 1369)	WORLD_QUICKLOOT	^0xff9aa2d5Goblin^-: ^0xffbed7d7Attacks Minsc^-
2026-09-04 14:06:26.535 BaldursGateIIEnhancedEdition[85223:118479367] INFO: LUA: A7LOG	275	10041540	311852	Day 1, Hour 13 (3 Mirtul, 1369)	WORLD_QUICKLOOT	^0xff9aa2d5Goblin^-: ^0xffbed7d7Attacks Jaheira^-
2026-09-04 14:06:26.880 BaldursGateIIEnhancedEdition[85223:118479367] INFO: LUA: A7LOG	276	10041780	312197	Day 1, Hour 13 (3 Mirtul, 1369)	WORLD_QUICKLOOT	^0xff0000ffPAUSED^-
2026-09-04 14:06:26.904 BaldursGateIIEnhancedEdition[85223:118479367] INFO: LUA: A7LOG	277	10041780	312221	Day 1, Hour 13 (3 Mirtul, 1369)	WORLD_QUICKLOOT	^0xffffb3f3Imoen^-: ^0xffbed7d7Casts Fireball^-
2026-09-04 14:06:26.904 BaldursGateIIEnhancedEdition[85223:118479367] INFO: LUA: A7LOG	278	10041780	312221	Day 1, Hour 13 (3 Mirtul, 1369)	WORLD_QUICKLOOT	^0xffffb3f3Imoen^-: ^0xffbed7d7Auto-Paused: Spell Cast^-
2026-09-04 14:06:27.857 BaldursGateIIEnhancedEdition[85223:118479367] INFO: LUA: A7LOG	279	10041840	313175	Day 1, Hour 13 (3 Mirtul, 1369)	WORLD_QUICKLOOT	^0xff0000ffUNPAUSED^-
2026-09-04 14:06:28.453 BaldursGateIIEnhancedEdition[85223:118479367] INFO: LUA: A7LOG	280	10042260	313770	Day 1, Hour 13 (3 Mirtul, 1369)	WORLD_QUICKLOOT	^0xff0000ffPAUSED^-
2026-09-04 14:06:28.475 BaldursGateIIEnhancedEdition[85223:118479367] INFO: LUA: A7LOG	281	10042260	313793	Day 1, Hour 13 (3 Mirtul, 1369)	WORLD_QUICKLOOT	^0xffd6bd9fJaheira^-: ^0xffbed7d7Casts Entangle^-
2026-09-04 14:06:28.475 BaldursGateIIEnhancedEdition[85223:118479367] INFO: LUA: A7LOG	282	10042260	313793	Day 1, Hour 13 (3 Mirtul, 1369)	WORLD_QUICKLOOT	^0xffd6bd9fJaheira^-: ^0xffbed7d7Auto-Paused: Spell Cast^-
2026-09-04 14:06:29.293 BaldursGateIIEnhancedEdition[85223:118479367] INFO: LUA: A7LOG	283	10042320	314610	Day 1, Hour 13 (3 Mirtul, 1369)	WORLD_QUICKLOOT	^0xff0000ffUNPAUSED^-
2026-09-04 14:06:29.450 BaldursGateIIEnhancedEdition[85223:118479367] INFO: sAchieveID=NONE,m_sGlobalName=SPRITE_IS_DEADNone,m_nValue=1
2026-09-04 14:06:29.450 BaldursGateIIEnhancedEdition[85223:118479367] INFO: sAchieveID=NONE,m_sGlobalName=SPRITE_IS_DEADNone,m_nValue=1
2026-09-04 14:06:29.450 BaldursGateIIEnhancedEdition[85223:118479367] INFO: sAchieveID=NONE,m_sGlobalName=SPRITE_IS_DEADNone,m_nValue=1
2026-09-04 14:06:29.450 BaldursGateIIEnhancedEdition[85223:118479367] INFO: sAchieveID=NONE,m_sGlobalName=SPRITE_IS_DEADNone,m_nValue=1
2026-09-04 14:06:29.450 BaldursGateIIEnhancedEdition[85223:118479367] INFO: sAchieveID=NONE,m_sGlobalName=SPRITE_IS_DEADNone,m_nValue=1
2026-09-04 14:06:29.457 BaldursGateIIEnhancedEdition[85223:118479367] INFO: LUA: A7LOG	284	10042440	314774	Day 1, Hour 13 (3 Mirtul, 1369)	WORLD_QUICKLOOT	^0xff9aa2d5Goblin^-: ^0xff002a9cTakes 25 fire damage from Imoen^-
2026-09-04 14:06:29.457 BaldursGateIIEnhancedEdition[85223:118479367] INFO: LUA: A7LOG	285	10042440	314774	Day 1, Hour 13 (3 Mirtul, 1369)	WORLD_QUICKLOOT	^0xff9aa2d5Goblin^-: ^0xffbed7d7Death^-
2026-09-04 14:06:29.457 BaldursGateIIEnhancedEdition[85223:118479367] INFO: LUA: A7LOG	286	10042440	314774	Day 1, Hour 13 (3 Mirtul, 1369)	WORLD_QUICKLOOT	^0xff445e97Goblin^-: ^0xff002a9cTakes 34 fire damage from Imoen^-
2026-09-04 14:06:29.457 BaldursGateIIEnhancedEdition[85223:118479367] INFO: LUA: A7LOG	287	10042440	314774	Day 1, Hour 13 (3 Mirtul, 1369)	WORLD_QUICKLOOT	^0xff445e97Goblin^-: ^0xffbed7d7Death^-
2026-09-04 14:06:29.457 BaldursGateIIEnhancedEdition[85223:118479367] INFO: LUA: A7LOG	288	10042440	314774	Day 1, Hour 13 (3 Mirtul, 1369)	WORLD_QUICKLOOT	^0xffa9a1b8Goblin^-: ^0xff002a9cTakes 23 fire damage from Imoen^-
2026-09-04 14:06:29.457 BaldursGateIIEnhancedEdition[85223:118479367] INFO: LUA: A7LOG	289	10042440	314774	Day 1, Hour 13 (3 Mirtul, 1369)	WORLD_QUICKLOOT	^0xffa9a1b8Goblin^-: ^0xffbed7d7Death^-
2026-09-04 14:06:29.457 BaldursGateIIEnhancedEdition[85223:118479367] INFO: LUA: A7LOG	290	10042440	314774	Day 1, Hour 13 (3 Mirtul, 1369)	WORLD_QUICKLOOT	^0xff9aa2d5Goblin^-: ^0xff002a9cTakes 24 fire damage from Imoen^-
2026-09-04 14:06:29.457 BaldursGateIIEnhancedEdition[85223:118479367] INFO: LUA: A7LOG	291	10042440	314774	Day 1, Hour 13 (3 Mirtul, 1369)	WORLD_QUICKLOOT	^0xff9aa2d5Goblin^-: ^0xffbed7d7Death^-
2026-09-04 14:06:29.457 BaldursGateIIEnhancedEdition[85223:118479367] INFO: LUA: A7LOG	292	10042440	314774	Day 1, Hour 13 (3 Mirtul, 1369)	WORLD_QUICKLOOT	^0xffc0a1aaGoblin^-: ^0xff002a9cTakes 22 fire damage from Imoen^-
2026-09-04 14:06:29.457 BaldursGateIIEnhancedEdition[85223:118479367] INFO: LUA: A7LOG	293	10042440	314774	Day 1, Hour 13 (3 Mirtul, 1369)	WORLD_QUICKLOOT	^0xffc0a1aaGoblin^-: ^0xffbed7d7Death^-
2026-09-04 14:06:30.113 BaldursGateIIEnhancedEdition[85223:118479367] INFO: LUA: A7LOG	294	10043040	315430	Day 1, Hour 13 (3 Mirtul, 1369)	WORLD_QUICKLOOT	^0xffc8ffc8The Party Has Gained Experience: 20^-
2026-09-04 14:06:30.113 BaldursGateIIEnhancedEdition[85223:118479367] INFO: LUA: A7LOG	295	10043040	315430	Day 1, Hour 13 (3 Mirtul, 1369)	WORLD_QUICKLOOT	^0xffc8ffc8The Party Has Gained Experience: 20^-
2026-09-04 14:06:30.113 BaldursGateIIEnhancedEdition[85223:118479367] INFO: LUA: A7LOG	296	10043040	315430	Day 1, Hour 13 (3 Mirtul, 1369)	WORLD_QUICKLOOT	^0xffc8ffc8The Party Has Gained Experience: 20^-
2026-09-04 14:06:30.113 BaldursGateIIEnhancedEdition[85223:118479367] INFO: LUA: A7LOG	297	10043040	315430	Day 1, Hour 13 (3 Mirtul, 1369)	WORLD_QUICKLOOT	^0xffc8ffc8The Party Has Gained Experience: 20^-
2026-09-04 14:06:30.113 BaldursGateIIEnhancedEdition[85223:118479367] INFO: LUA: A7LOG	298	10043040	315430	Day 1, Hour 13 (3 Mirtul, 1369)	WORLD_QUICKLOOT	^0xffc8ffc8The Party Has Gained Experience: 20^-
2026-09-04 14:06:30.856 BaldursGateIIEnhancedEdition[85223:118479367] INFO: sAchieveID=NONE,m_sGlobalName=MGAREA1,m_nValue=0
2026-09-04 14:06:32.674 BaldursGateIIEnhancedEdition[85223:118479367] INFO: LUA: A7LOG	299	10045260	317991	Day 1, Hour 13 (3 Mirtul, 1369)	WORLD_QUICKLOOT	^0xffcb967dBooprikt^-: ^0xffd7c8a0Yes?^-
2026-09-04 14:06:33.536 BaldursGateIIEnhancedEdition[85223:118479367] INFO: LUA: A7LOG	300	10046040	318853	Day 1, Hour 13 (3 Mirtul, 1369)	WORLD_QUICKLOOT	^0xffffb3f3Imoen^-: ^0xffd7c8a0Name it.^-
2026-09-04 14:08:18.757 BaldursGateIIEnhancedEdition[85223:118479367] INFO: LUA: A7LOG	301	10138500	424073	Day 1, Hour 13 (3 Mirtul, 1369)	WORLD_QUICKLOOT	^0xffd6bd9fJaheira^-: ^0xffd7c8a0Nature's servant awaits.^-
2026-09-04 14:08:22.198 BaldursGateIIEnhancedEdition[85223:118479367] INFO: scanning:(0) $HOME/Library/Application Support/Steam/steamapps/common/Baldur's Gate II Enhanced Edition/override
2026-09-04 14:08:22.210 BaldursGateIIEnhancedEdition[85223:118479367] INFO: scanning:(1) $HOME/Library/Application Support/Steam/steamapps/common/Baldur's Gate II Enhanced Edition/scripts
2026-09-04 14:08:22.211 BaldursGateIIEnhancedEdition[85223:118479367] INFO: scanning:(2) $HOME/Library/Application Support/Steam/steamapps/common/Baldur's Gate II Enhanced Edition/sounds
2026-09-04 14:08:22.211 BaldursGateIIEnhancedEdition[85223:118479367] INFO: scanning:(3) $HOME/Library/Application Support/Steam/steamapps/common/Baldur's Gate II Enhanced Edition/lang/en_US/sounds
2026-09-04 14:08:22.214 BaldursGateIIEnhancedEdition[85223:118479367] INFO: scanning:(4) $HOME/Library/Application Support/Steam/steamapps/common/Baldur's Gate II Enhanced Edition/portraits
2026-09-04 14:08:22.214 BaldursGateIIEnhancedEdition[85223:118479367] INFO: scanning:(5) $HOME/Library/Application Support/Steam/steamapps/common/Baldur's Gate II Enhanced Edition/characters
2026-09-04 14:08:22.214 BaldursGateIIEnhancedEdition[85223:118479367] INFO: scanning:(6) $HOME/Library/Application Support/Steam/steamapps/common/Baldur's Gate II Enhanced Edition/movies
2026-09-04 14:08:22.214 BaldursGateIIEnhancedEdition[85223:118479367] INFO: scanning:(7) $HOME/Library/Application Support/Steam/steamapps/common/Baldur's Gate II Enhanced Edition/lang/en_US/movies
2026-09-04 14:08:22.214 BaldursGateIIEnhancedEdition[85223:118479367] INFO: scanning:(8) $HOME/Documents/Baldur's Gate II - Enhanced Edition/override
2026-09-04 14:08:22.214 BaldursGateIIEnhancedEdition[85223:118479367] INFO: scanning:(9) $HOME/Documents/Baldur's Gate II - Enhanced Edition/scripts
2026-09-04 14:08:22.214 BaldursGateIIEnhancedEdition[85223:118479367] INFO: scanning:(10) $HOME/Documents/Baldur's Gate II - Enhanced Edition/sounds
2026-09-04 14:08:22.214 BaldursGateIIEnhancedEdition[85223:118479367] INFO: scanning:(11) $HOME/Documents/Baldur's Gate II - Enhanced Edition/portraits
2026-09-04 14:08:22.214 BaldursGateIIEnhancedEdition[85223:118479367] INFO: scanning:(12) $HOME/Documents/Baldur's Gate II - Enhanced Edition/characters
2026-09-04 14:08:22.214 BaldursGateIIEnhancedEdition[85223:118479367] INFO: scanning:(13) $HOME/Documents/Baldur's Gate II - Enhanced Edition/movies
2026-09-04 14:08:22.246 BaldursGateIIEnhancedEdition[85223:118479367] INFO: scanning:(0) $HOME/Library/Application Support/Steam/steamapps/common/Baldur's Gate II Enhanced Edition/override
2026-09-04 14:08:22.248 BaldursGateIIEnhancedEdition[85223:118479367] INFO: scanning:(1) $HOME/Library/Application Support/Steam/steamapps/common/Baldur's Gate II Enhanced Edition/scripts
2026-09-04 14:08:22.248 BaldursGateIIEnhancedEdition[85223:118479367] INFO: scanning:(2) $HOME/Library/Application Support/Steam/steamapps/common/Baldur's Gate II Enhanced Edition/sounds
2026-09-04 14:08:22.248 BaldursGateIIEnhancedEdition[85223:118479367] INFO: scanning:(3) $HOME/Library/Application Support/Steam/steamapps/common/Baldur's Gate II Enhanced Edition/lang/en_US/sounds
2026-09-04 14:08:22.248 BaldursGateIIEnhancedEdition[85223:118479367] INFO: scanning:(4) $HOME/Library/Application Support/Steam/steamapps/common/Baldur's Gate II Enhanced Edition/portraits
2026-09-04 14:08:22.248 BaldursGateIIEnhancedEdition[85223:118479367] INFO: scanning:(5) $HOME/Library/Application Support/Steam/steamapps/common/Baldur's Gate II Enhanced Edition/characters
2026-09-04 14:08:22.248 BaldursGateIIEnhancedEdition[85223:118479367] INFO: scanning:(6) $HOME/Library/Application Support/Steam/steamapps/common/Baldur's Gate II Enhanced Edition/movies
2026-09-04 14:08:22.248 BaldursGateIIEnhancedEdition[85223:118479367] INFO: scanning:(7) $HOME/Library/Application Support/Steam/steamapps/common/Baldur's Gate II Enhanced Edition/lang/en_US/movies
2026-09-04 14:08:22.248 BaldursGateIIEnhancedEdition[85223:118479367] INFO: scanning:(8) $HOME/Documents/Baldur's Gate II - Enhanced Edition/override
2026-09-04 14:08:22.248 BaldursGateIIEnhancedEdition[85223:118479367] INFO: scanning:(9) $HOME/Documents/Baldur's Gate II - Enhanced Edition/scripts
2026-09-04 14:08:22.248 BaldursGateIIEnhancedEdition[85223:118479367] INFO: scanning:(10) $HOME/Documents/Baldur's Gate II - Enhanced Edition/sounds
2026-09-04 14:08:22.248 BaldursGateIIEnhancedEdition[85223:118479367] INFO: scanning:(11) $HOME/Documents/Baldur's Gate II - Enhanced Edition/portraits
2026-09-04 14:08:22.248 BaldursGateIIEnhancedEdition[85223:118479367] INFO: scanning:(12) $HOME/Documents/Baldur's Gate II - Enhanced Edition/characters
2026-09-04 14:08:22.248 BaldursGateIIEnhancedEdition[85223:118479367] INFO: scanning:(13) $HOME/Documents/Baldur's Gate II - Enhanced Edition/movies
2026-09-04 14:08:22.250 BaldursGateIIEnhancedEdition[85223:118479367] INFO: scanning:(0) $HOME/Library/Application Support/Steam/steamapps/common/Baldur's Gate II Enhanced Edition/override
2026-09-04 14:08:22.251 BaldursGateIIEnhancedEdition[85223:118479367] INFO: scanning:(1) $HOME/Library/Application Support/Steam/steamapps/common/Baldur's Gate II Enhanced Edition/scripts
2026-09-04 14:08:22.251 BaldursGateIIEnhancedEdition[85223:118479367] INFO: scanning:(2) $HOME/Library/Application Support/Steam/steamapps/common/Baldur's Gate II Enhanced Edition/sounds
2026-09-04 14:08:22.251 BaldursGateIIEnhancedEdition[85223:118479367] INFO: scanning:(3) $HOME/Library/Application Support/Steam/steamapps/common/Baldur's Gate II Enhanced Edition/lang/en_US/sounds
2026-09-04 14:08:22.251 BaldursGateIIEnhancedEdition[85223:118479367] INFO: scanning:(4) $HOME/Library/Application Support/Steam/steamapps/common/Baldur's Gate II Enhanced Edition/portraits
2026-09-04 14:08:22.251 BaldursGateIIEnhancedEdition[85223:118479367] INFO: scanning:(5) $HOME/Library/Application Support/Steam/steamapps/common/Baldur's Gate II Enhanced Edition/characters
2026-09-04 14:08:22.251 BaldursGateIIEnhancedEdition[85223:118479367] INFO: scanning:(6) $HOME/Library/Application Support/Steam/steamapps/common/Baldur's Gate II Enhanced Edition/movies
2026-09-04 14:08:22.251 BaldursGateIIEnhancedEdition[85223:118479367] INFO: scanning:(7) $HOME/Library/Application Support/Steam/steamapps/common/Baldur's Gate II Enhanced Edition/lang/en_US/movies
2026-09-04 14:08:22.251 BaldursGateIIEnhancedEdition[85223:118479367] INFO: scanning:(8) $HOME/Documents/Baldur's Gate II - Enhanced Edition/override
2026-09-04 14:08:22.251 BaldursGateIIEnhancedEdition[85223:118479367] INFO: scanning:(9) $HOME/Documents/Baldur's Gate II - Enhanced Edition/scripts
2026-09-04 14:08:22.251 BaldursGateIIEnhancedEdition[85223:118479367] INFO: scanning:(10) $HOME/Documents/Baldur's Gate II - Enhanced Edition/sounds
2026-09-04 14:08:22.251 BaldursGateIIEnhancedEdition[85223:118479367] INFO: scanning:(11) $HOME/Documents/Baldur's Gate II - Enhanced Edition/portraits
2026-09-04 14:08:22.252 BaldursGateIIEnhancedEdition[85223:118479367] INFO: scanning:(12) $HOME/Documents/Baldur's Gate II - Enhanced Edition/characters
2026-09-04 14:08:22.252 BaldursGateIIEnhancedEdition[85223:118479367] INFO: scanning:(13) $HOME/Documents/Baldur's Gate II - Enhanced Edition/movies
2026-09-04 14:08:22.253 BaldursGateIIEnhancedEdition[85223:118479367] INFO: scanning:(0) $HOME/Library/Application Support/Steam/steamapps/common/Baldur's Gate II Enhanced Edition/override
2026-09-04 14:08:22.254 BaldursGateIIEnhancedEdition[85223:118479367] INFO: scanning:(1) $HOME/Library/Application Support/Steam/steamapps/common/Baldur's Gate II Enhanced Edition/scripts
2026-09-04 14:08:22.254 BaldursGateIIEnhancedEdition[85223:118479367] INFO: scanning:(2) $HOME/Library/Application Support/Steam/steamapps/common/Baldur's Gate II Enhanced Edition/sounds
2026-09-04 14:08:22.255 BaldursGateIIEnhancedEdition[85223:118479367] INFO: scanning:(3) $HOME/Library/Application Support/Steam/steamapps/common/Baldur's Gate II Enhanced Edition/lang/en_US/sounds
2026-09-04 14:08:22.255 BaldursGateIIEnhancedEdition[85223:118479367] INFO: scanning:(4) $HOME/Library/Application Support/Steam/steamapps/common/Baldur's Gate II Enhanced Edition/portraits
2026-09-04 14:08:22.255 BaldursGateIIEnhancedEdition[85223:118479367] INFO: scanning:(5) $HOME/Library/Application Support/Steam/steamapps/common/Baldur's Gate II Enhanced Edition/characters
2026-09-04 14:08:22.255 BaldursGateIIEnhancedEdition[85223:118479367] INFO: scanning:(6) $HOME/Library/Application Support/Steam/steamapps/common/Baldur's Gate II Enhanced Edition/movies
2026-09-04 14:08:22.255 BaldursGateIIEnhancedEdition[85223:118479367] INFO: scanning:(7) $HOME/Library/Application Support/Steam/steamapps/common/Baldur's Gate II Enhanced Edition/lang/en_US/movies
2026-09-04 14:08:22.255 BaldursGateIIEnhancedEdition[85223:118479367] INFO: scanning:(8) $HOME/Documents/Baldur's Gate II - Enhanced Edition/override
2026-09-04 14:08:22.255 BaldursGateIIEnhancedEdition[85223:118479367] INFO: scanning:(9) $HOME/Documents/Baldur's Gate II - Enhanced Edition/scripts
2026-09-04 14:08:22.255 BaldursGateIIEnhancedEdition[85223:118479367] INFO: scanning:(10) $HOME/Documents/Baldur's Gate II - Enhanced Edition/sounds
2026-09-04 14:08:22.255 BaldursGateIIEnhancedEdition[85223:118479367] INFO: scanning:(11) $HOME/Documents/Baldur's Gate II - Enhanced Edition/portraits
2026-09-04 14:08:22.255 BaldursGateIIEnhancedEdition[85223:118479367] INFO: scanning:(12) $HOME/Documents/Baldur's Gate II - Enhanced Edition/characters
2026-09-04 14:08:22.255 BaldursGateIIEnhancedEdition[85223:118479367] INFO: scanning:(13) $HOME/Documents/Baldur's Gate II - Enhanced Edition/movies
2026-09-04 14:08:22.256 BaldursGateIIEnhancedEdition[85223:118479367] INFO: scanning:(0) $HOME/Library/Application Support/Steam/steamapps/common/Baldur's Gate II Enhanced Edition/override
2026-09-04 14:08:22.258 BaldursGateIIEnhancedEdition[85223:118479367] INFO: scanning:(1) $HOME/Library/Application Support/Steam/steamapps/common/Baldur's Gate II Enhanced Edition/scripts
2026-09-04 14:08:22.258 BaldursGateIIEnhancedEdition[85223:118479367] INFO: scanning:(2) $HOME/Library/Application Support/Steam/steamapps/common/Baldur's Gate II Enhanced Edition/sounds
2026-09-04 14:08:22.258 BaldursGateIIEnhancedEdition[85223:118479367] INFO: scanning:(3) $HOME/Library/Application Support/Steam/steamapps/common/Baldur's Gate II Enhanced Edition/lang/en_US/sounds
2026-09-04 14:08:22.258 BaldursGateIIEnhancedEdition[85223:118479367] INFO: scanning:(4) $HOME/Library/Application Support/Steam/steamapps/common/Baldur's Gate II Enhanced Edition/portraits
2026-09-04 14:08:22.258 BaldursGateIIEnhancedEdition[85223:118479367] INFO: scanning:(5) $HOME/Library/Application Support/Steam/steamapps/common/Baldur's Gate II Enhanced Edition/characters
2026-09-04 14:08:22.258 BaldursGateIIEnhancedEdition[85223:118479367] INFO: scanning:(6) $HOME/Library/Application Support/Steam/steamapps/common/Baldur's Gate II Enhanced Edition/movies
2026-09-04 14:08:22.258 BaldursGateIIEnhancedEdition[85223:118479367] INFO: scanning:(7) $HOME/Library/Application Support/Steam/steamapps/common/Baldur's Gate II Enhanced Edition/lang/en_US/movies
2026-09-04 14:08:22.258 BaldursGateIIEnhancedEdition[85223:118479367] INFO: scanning:(8) $HOME/Documents/Baldur's Gate II - Enhanced Edition/override
2026-09-04 14:08:22.258 BaldursGateIIEnhancedEdition[85223:118479367] INFO: scanning:(9) $HOME/Documents/Baldur's Gate II - Enhanced Edition/scripts
2026-09-04 14:08:22.258 BaldursGateIIEnhancedEdition[85223:118479367] INFO: scanning:(10) $HOME/Documents/Baldur's Gate II - Enhanced Edition/sounds
2026-09-04 14:08:22.258 BaldursGateIIEnhancedEdition[85223:118479367] INFO: scanning:(11) $HOME/Documents/Baldur's Gate II - Enhanced Edition/portraits
2026-09-04 14:08:22.258 BaldursGateIIEnhancedEdition[85223:118479367] INFO: scanning:(12) $HOME/Documents/Baldur's Gate II - Enhanced Edition/characters
2026-09-04 14:08:22.258 BaldursGateIIEnhancedEdition[85223:118479367] INFO: scanning:(13) $HOME/Documents/Baldur's Gate II - Enhanced Edition/movies
2026-09-04 14:08:22.269 BaldursGateIIEnhancedEdition[85223:118479367] INFO: scanning:(0) $HOME/Library/Application Support/Steam/steamapps/common/Baldur's Gate II Enhanced Edition/override
2026-09-04 14:08:22.270 BaldursGateIIEnhancedEdition[85223:118479367] INFO: scanning:(1) $HOME/Library/Application Support/Steam/steamapps/common/Baldur's Gate II Enhanced Edition/scripts
2026-09-04 14:08:22.271 BaldursGateIIEnhancedEdition[85223:118479367] INFO: scanning:(2) $HOME/Library/Application Support/Steam/steamapps/common/Baldur's Gate II Enhanced Edition/sounds
2026-09-04 14:08:22.271 BaldursGateIIEnhancedEdition[85223:118479367] INFO: scanning:(3) $HOME/Library/Application Support/Steam/steamapps/common/Baldur's Gate II Enhanced Edition/lang/en_US/sounds
2026-09-04 14:08:22.271 BaldursGateIIEnhancedEdition[85223:118479367] INFO: scanning:(4) $HOME/Library/Application Support/Steam/steamapps/common/Baldur's Gate II Enhanced Edition/portraits
2026-09-04 14:08:22.271 BaldursGateIIEnhancedEdition[85223:118479367] INFO: scanning:(5) $HOME/Library/Application Support/Steam/steamapps/common/Baldur's Gate II Enhanced Edition/characters
2026-09-04 14:08:22.271 BaldursGateIIEnhancedEdition[85223:118479367] INFO: scanning:(6) $HOME/Library/Application Support/Steam/steamapps/common/Baldur's Gate II Enhanced Edition/movies
2026-09-04 14:08:22.271 BaldursGateIIEnhancedEdition[85223:118479367] INFO: scanning:(7) $HOME/Library/Application Support/Steam/steamapps/common/Baldur's Gate II Enhanced Edition/lang/en_US/movies
2026-09-04 14:08:22.271 BaldursGateIIEnhancedEdition[85223:118479367] INFO: scanning:(8) $HOME/Documents/Baldur's Gate II - Enhanced Edition/override
2026-09-04 14:08:22.271 BaldursGateIIEnhancedEdition[85223:118479367] INFO: scanning:(9) $HOME/Documents/Baldur's Gate II - Enhanced Edition/scripts
2026-09-04 14:08:22.271 BaldursGateIIEnhancedEdition[85223:118479367] INFO: scanning:(10) $HOME/Documents/Baldur's Gate II - Enhanced Edition/sounds
2026-09-04 14:08:22.271 BaldursGateIIEnhancedEdition[85223:118479367] INFO: scanning:(11) $HOME/Documents/Baldur's Gate II - Enhanced Edition/portraits
2026-09-04 14:08:22.271 BaldursGateIIEnhancedEdition[85223:118479367] INFO: scanning:(12) $HOME/Documents/Baldur's Gate II - Enhanced Edition/characters
2026-09-04 14:08:22.271 BaldursGateIIEnhancedEdition[85223:118479367] INFO: scanning:(13) $HOME/Documents/Baldur's Gate II - Enhanced Edition/movies
2026-09-04 14:08:22.272 BaldursGateIIEnhancedEdition[85223:118479367] INFO: scanning:(0) $HOME/Library/Application Support/Steam/steamapps/common/Baldur's Gate II Enhanced Edition/override
2026-09-04 14:08:22.274 BaldursGateIIEnhancedEdition[85223:118479367] INFO: scanning:(1) $HOME/Library/Application Support/Steam/steamapps/common/Baldur's Gate II Enhanced Edition/scripts
2026-09-04 14:08:22.274 BaldursGateIIEnhancedEdition[85223:118479367] INFO: scanning:(2) $HOME/Library/Application Support/Steam/steamapps/common/Baldur's Gate II Enhanced Edition/sounds
2026-09-04 14:08:22.274 BaldursGateIIEnhancedEdition[85223:118479367] INFO: scanning:(3) $HOME/Library/Application Support/Steam/steamapps/common/Baldur's Gate II Enhanced Edition/lang/en_US/sounds
2026-09-04 14:08:22.274 BaldursGateIIEnhancedEdition[85223:118479367] INFO: scanning:(4) $HOME/Library/Application Support/Steam/steamapps/common/Baldur's Gate II Enhanced Edition/portraits
2026-09-04 14:08:22.274 BaldursGateIIEnhancedEdition[85223:118479367] INFO: scanning:(5) $HOME/Library/Application Support/Steam/steamapps/common/Baldur's Gate II Enhanced Edition/characters
2026-09-04 14:08:22.274 BaldursGateIIEnhancedEdition[85223:118479367] INFO: scanning:(6) $HOME/Library/Application Support/Steam/steamapps/common/Baldur's Gate II Enhanced Edition/movies
2026-09-04 14:08:22.274 BaldursGateIIEnhancedEdition[85223:118479367] INFO: scanning:(7) $HOME/Library/Application Support/Steam/steamapps/common/Baldur's Gate II Enhanced Edition/lang/en_US/movies
2026-09-04 14:08:22.274 BaldursGateIIEnhancedEdition[85223:118479367] INFO: scanning:(8) $HOME/Documents/Baldur's Gate II - Enhanced Edition/override
2026-09-04 14:08:22.274 BaldursGateIIEnhancedEdition[85223:118479367] INFO: scanning:(9) $HOME/Documents/Baldur's Gate II - Enhanced Edition/scripts
2026-09-04 14:08:22.274 BaldursGateIIEnhancedEdition[85223:118479367] INFO: scanning:(10) $HOME/Documents/Baldur's Gate II - Enhanced Edition/sounds
2026-09-04 14:08:22.274 BaldursGateIIEnhancedEdition[85223:118479367] INFO: scanning:(11) $HOME/Documents/Baldur's Gate II - Enhanced Edition/portraits
2026-09-04 14:08:22.274 BaldursGateIIEnhancedEdition[85223:118479367] INFO: scanning:(12) $HOME/Documents/Baldur's Gate II - Enhanced Edition/characters
2026-09-04 14:08:22.274 BaldursGateIIEnhancedEdition[85223:118479367] INFO: scanning:(13) $HOME/Documents/Baldur's Gate II - Enhanced Edition/movies
2026-09-04 14:08:22.275 BaldursGateIIEnhancedEdition[85223:118479367] INFO: scanning:(0) $HOME/Library/Application Support/Steam/steamapps/common/Baldur's Gate II Enhanced Edition/override
2026-09-04 14:08:22.277 BaldursGateIIEnhancedEdition[85223:118479367] INFO: scanning:(1) $HOME/Library/Application Support/Steam/steamapps/common/Baldur's Gate II Enhanced Edition/scripts
2026-09-04 14:08:22.277 BaldursGateIIEnhancedEdition[85223:118479367] INFO: scanning:(2) $HOME/Library/Application Support/Steam/steamapps/common/Baldur's Gate II Enhanced Edition/sounds
2026-09-04 14:08:22.277 BaldursGateIIEnhancedEdition[85223:118479367] INFO: scanning:(3) $HOME/Library/Application Support/Steam/steamapps/common/Baldur's Gate II Enhanced Edition/lang/en_US/sounds
2026-09-04 14:08:22.277 BaldursGateIIEnhancedEdition[85223:118479367] INFO: scanning:(4) $HOME/Library/Application Support/Steam/steamapps/common/Baldur's Gate II Enhanced Edition/portraits
2026-09-04 14:08:22.277 BaldursGateIIEnhancedEdition[85223:118479367] INFO: scanning:(5) $HOME/Library/Application Support/Steam/steamapps/common/Baldur's Gate II Enhanced Edition/characters
2026-09-04 14:08:22.277 BaldursGateIIEnhancedEdition[85223:118479367] INFO: scanning:(6) $HOME/Library/Application Support/Steam/steamapps/common/Baldur's Gate II Enhanced Edition/movies
2026-09-04 14:08:22.277 BaldursGateIIEnhancedEdition[85223:118479367] INFO: scanning:(7) $HOME/Library/Application Support/Steam/steamapps/common/Baldur's Gate II Enhanced Edition/lang/en_US/movies
2026-09-04 14:08:22.277 BaldursGateIIEnhancedEdition[85223:118479367] INFO: scanning:(8) $HOME/Documents/Baldur's Gate II - Enhanced Edition/override
2026-09-04 14:08:22.277 BaldursGateIIEnhancedEdition[85223:118479367] INFO: scanning:(9) $HOME/Documents/Baldur's Gate II - Enhanced Edition/scripts
2026-09-04 14:08:22.277 BaldursGateIIEnhancedEdition[85223:118479367] INFO: scanning:(10) $HOME/Documents/Baldur's Gate II - Enhanced Edition/sounds
2026-09-04 14:08:22.277 BaldursGateIIEnhancedEdition[85223:118479367] INFO: scanning:(11) $HOME/Documents/Baldur's Gate II - Enhanced Edition/portraits
2026-09-04 14:08:22.277 BaldursGateIIEnhancedEdition[85223:118479367] INFO: scanning:(12) $HOME/Documents/Baldur's Gate II - Enhanced Edition/characters
2026-09-04 14:08:22.277 BaldursGateIIEnhancedEdition[85223:118479367] INFO: scanning:(13) $HOME/Documents/Baldur's Gate II - Enhanced Edition/movies
2026-09-04 14:08:22.278 BaldursGateIIEnhancedEdition[85223:118479367] INFO: scanning:(0) $HOME/Library/Application Support/Steam/steamapps/common/Baldur's Gate II Enhanced Edition/override
2026-09-04 14:08:22.280 BaldursGateIIEnhancedEdition[85223:118479367] INFO: scanning:(1) $HOME/Library/Application Support/Steam/steamapps/common/Baldur's Gate II Enhanced Edition/scripts
2026-09-04 14:08:22.280 BaldursGateIIEnhancedEdition[85223:118479367] INFO: scanning:(2) $HOME/Library/Application Support/Steam/steamapps/common/Baldur's Gate II Enhanced Edition/sounds
2026-09-04 14:08:22.280 BaldursGateIIEnhancedEdition[85223:118479367] INFO: scanning:(3) $HOME/Library/Application Support/Steam/steamapps/common/Baldur's Gate II Enhanced Edition/lang/en_US/sounds
2026-09-04 14:08:22.280 BaldursGateIIEnhancedEdition[85223:118479367] INFO: scanning:(4) $HOME/Library/Application Support/Steam/steamapps/common/Baldur's Gate II Enhanced Edition/portraits
2026-09-04 14:08:22.280 BaldursGateIIEnhancedEdition[85223:118479367] INFO: scanning:(5) $HOME/Library/Application Support/Steam/steamapps/common/Baldur's Gate II Enhanced Edition/characters
2026-09-04 14:08:22.280 BaldursGateIIEnhancedEdition[85223:118479367] INFO: scanning:(6) $HOME/Library/Application Support/Steam/steamapps/common/Baldur's Gate II Enhanced Edition/movies
2026-09-04 14:08:22.280 BaldursGateIIEnhancedEdition[85223:118479367] INFO: scanning:(7) $HOME/Library/Application Support/Steam/steamapps/common/Baldur's Gate II Enhanced Edition/lang/en_US/movies
2026-09-04 14:08:22.280 BaldursGateIIEnhancedEdition[85223:118479367] INFO: scanning:(8) $HOME/Documents/Baldur's Gate II - Enhanced Edition/override
2026-09-04 14:08:22.280 BaldursGateIIEnhancedEdition[85223:118479367] INFO: scanning:(9) $HOME/Documents/Baldur's Gate II - Enhanced Edition/scripts
2026-09-04 14:08:22.280 BaldursGateIIEnhancedEdition[85223:118479367] INFO: scanning:(10) $HOME/Documents/Baldur's Gate II - Enhanced Edition/sounds
2026-09-04 14:08:22.280 BaldursGateIIEnhancedEdition[85223:118479367] INFO: scanning:(11) $HOME/Documents/Baldur's Gate II - Enhanced Edition/portraits
2026-09-04 14:08:22.280 BaldursGateIIEnhancedEdition[85223:118479367] INFO: scanning:(12) $HOME/Documents/Baldur's Gate II - Enhanced Edition/characters
2026-09-04 14:08:22.280 BaldursGateIIEnhancedEdition[85223:118479367] INFO: scanning:(13) $HOME/Documents/Baldur's Gate II - Enhanced Edition/movies
2026-09-04 14:08:22.281 BaldursGateIIEnhancedEdition[85223:118479367] INFO: scanning:(0) $HOME/Library/Application Support/Steam/steamapps/common/Baldur's Gate II Enhanced Edition/override
2026-09-04 14:08:22.283 BaldursGateIIEnhancedEdition[85223:118479367] INFO: scanning:(1) $HOME/Library/Application Support/Steam/steamapps/common/Baldur's Gate II Enhanced Edition/scripts
2026-09-04 14:08:22.283 BaldursGateIIEnhancedEdition[85223:118479367] INFO: scanning:(2) $HOME/Library/Application Support/Steam/steamapps/common/Baldur's Gate II Enhanced Edition/sounds
2026-09-04 14:08:22.283 BaldursGateIIEnhancedEdition[85223:118479367] INFO: scanning:(3) $HOME/Library/Application Support/Steam/steamapps/common/Baldur's Gate II Enhanced Edition/lang/en_US/sounds
2026-09-04 14:08:22.283 BaldursGateIIEnhancedEdition[85223:118479367] INFO: scanning:(4) $HOME/Library/Application Support/Steam/steamapps/common/Baldur's Gate II Enhanced Edition/portraits
2026-09-04 14:08:22.283 BaldursGateIIEnhancedEdition[85223:118479367] INFO: scanning:(5) $HOME/Library/Application Support/Steam/steamapps/common/Baldur's Gate II Enhanced Edition/characters
2026-09-04 14:08:22.283 BaldursGateIIEnhancedEdition[85223:118479367] INFO: scanning:(6) $HOME/Library/Application Support/Steam/steamapps/common/Baldur's Gate II Enhanced Edition/movies
2026-09-04 14:08:22.283 BaldursGateIIEnhancedEdition[85223:118479367] INFO: scanning:(7) $HOME/Library/Application Support/Steam/steamapps/common/Baldur's Gate II Enhanced Edition/lang/en_US/movies
2026-09-04 14:08:22.283 BaldursGateIIEnhancedEdition[85223:118479367] INFO: scanning:(8) $HOME/Documents/Baldur's Gate II - Enhanced Edition/override
2026-09-04 14:08:22.283 BaldursGateIIEnhancedEdition[85223:118479367] INFO: scanning:(9) $HOME/Documents/Baldur's Gate II - Enhanced Edition/scripts
2026-09-04 14:08:22.283 BaldursGateIIEnhancedEdition[85223:118479367] INFO: scanning:(10) $HOME/Documents/Baldur's Gate II - Enhanced Edition/sounds
2026-09-04 14:08:22.283 BaldursGateIIEnhancedEdition[85223:118479367] INFO: scanning:(11) $HOME/Documents/Baldur's Gate II - Enhanced Edition/portraits
2026-09-04 14:08:22.283 BaldursGateIIEnhancedEdition[85223:118479367] INFO: scanning:(12) $HOME/Documents/Baldur's Gate II - Enhanced Edition/characters
2026-09-04 14:08:22.283 BaldursGateIIEnhancedEdition[85223:118479367] INFO: scanning:(13) $HOME/Documents/Baldur's Gate II - Enhanced Edition/movies
2026-09-04 14:08:22.284 BaldursGateIIEnhancedEdition[85223:118479367] INFO: LUA: A7LOG	302	10141500	427600	Day 1, Hour 13 (3 Mirtul, 1369)	WORLD_QUICKLOOT	^0xff0cff3fQuick save successful.^-
2026-09-04 14:08:23.600 BaldursGateIIEnhancedEdition[85223:118479367] INFO: LUA: A7LOG	303	10142640	428916	Day 1, Hour 13 (3 Mirtul, 1369)	WORLD_QUICKLOOT	^0xffd6bd9fJaheira^-: ^0xffd7c8a0As I would have done.^-
2026-09-04 14:08:25.725 BaldursGateIIEnhancedEdition[85223:118479367] INFO: LUA: A7LOG	304	10144440	431041	Day 1, Hour 13 (3 Mirtul, 1369)	WORLD_QUICKLOOT	^0xff0000ffPAUSED^-
2026-09-04 14:08:25.759 BaldursGateIIEnhancedEdition[85223:118479367] INFO: LUA: A7LOG	305	10144440	431075	Day 1, Hour 13 (3 Mirtul, 1369)	WORLD_QUICKLOOT	^0xffd6bd9fJaheira^-: ^0xffbed7d7Auto-Paused: Enemy Sighted^-
2026-09-04 14:08:32.587 BaldursGateIIEnhancedEdition[85223:118479367] INFO: LUA: A7LOG	306	10144500	437903	Day 1, Hour 13 (3 Mirtul, 1369)	WORLD_QUICKLOOT	^0xff0000ffUNPAUSED^-
2026-09-04 14:08:33.062 BaldursGateIIEnhancedEdition[85223:118479367] INFO: LUA: A7LOG	307	10144920	438378	Day 1, Hour 13 (3 Mirtul, 1369)	WORLD_QUICKLOOT	^0xffd595caGoblin^-: ^0xffbed7d7Attacks Jaheira^-
2026-09-04 14:08:34.220 BaldursGateIIEnhancedEdition[85223:118479367] INFO: LUA: A7LOG	308	10145880	439535	Day 1, Hour 13 (3 Mirtul, 1369)	WORLD_QUICKLOOT	^0xffbed7d7Goblin^-: ^0xffbed7d7Roll:20 +Luck:0 +SpecialAC:0  +HitMod:0  +Attack of Opportunity:0  +Berserk:0  +Right:1 (+Weapon Bonus 0+Launcher 0+Proficiency 1+Dex 0+Missile 0+Racial 0+Effects 0) +Invisible:0  +Invisible Target:0  +Range:0  +Hated Race:0  +Special Target:0  +Protections:0 ^-
2026-09-04 14:08:34.220 BaldursGateIIEnhancedEdition[85223:118479367] INFO: LUA: A7LOG	309	10145880	439535	Day 1, Hour 13 (3 Mirtul, 1369)	WORLD_QUICKLOOT	^0xffd595caGoblin^-: ^0xffbed7d7Attack Roll 20 + 1 = 21 : Hit^-
2026-09-04 14:08:34.220 BaldursGateIIEnhancedEdition[85223:118479367] INFO: LUA: A7LOG	310	10145880	439536	Day 1, Hour 13 (3 Mirtul, 1369)	WORLD_QUICKLOOT	^0xffd595caGoblin^-: ^0xffbed7d7Critical Hit^-
2026-09-04 14:08:34.220 BaldursGateIIEnhancedEdition[85223:118479367] INFO: LUA: A7LOG	311	10145880	439536	Day 1, Hour 13 (3 Mirtul, 1369)	WORLD_QUICKLOOT	^0xffbed7d7Goblin^-: ^0xffbed7d7Roll:5  +DamageMod:0  +Hand bonus:0 (+Proficiency 2+Missile 0+Effects 0) +Attack of Opportunity:0  *Backstab:0  +Berserk:0  +Strength:0  +Hated Race:0  +Special Bonus:0 ^-
2026-09-04 14:08:34.220 BaldursGateIIEnhancedEdition[85223:118479367] INFO: LUA: A7LOG	312	10145880	439536	Day 1, Hour 13 (3 Mirtul, 1369)	WORLD_QUICKLOOT	^0xff0000ffPAUSED^-
2026-09-04 14:08:34.252 BaldursGateIIEnhancedEdition[85223:118479367] INFO: LUA: A7LOG	313	10145880	439568	Day 1, Hour 13 (3 Mirtul, 1369)	WORLD_QUICKLOOT	^0xffd6bd9fJaheira^-: ^0xffbed7d7Auto-Paused: Attacked^-
2026-09-04 14:08:35.515 BaldursGateIIEnhancedEdition[85223:118479367] INFO: LUA: A7LOG	314	10145940	440831	Day 1, Hour 13 (3 Mirtul, 1369)	WORLD_QUICKLOOT	^0xff0000ffUNPAUSED^-
2026-09-04 14:08:36.000 BaldursGateIIEnhancedEdition[85223:118479367] INFO: LUA: A7LOG	315	10146300	441316	Day 1, Hour 13 (3 Mirtul, 1369)	WORLD_QUICKLOOT	^0xffd6bd9fJaheira^-: ^0xffbed7d7Takes 28 missile damage from Goblin (14 damage bonus)^-
2026-09-04 14:08:36.001 BaldursGateIIEnhancedEdition[85223:118479367] INFO: LUA: A7LOG	316	10146300	441316	Day 1, Hour 13 (3 Mirtul, 1369)	WORLD_QUICKLOOT	^0xff0000ffPAUSED^-
2026-09-04 14:08:36.025 BaldursGateIIEnhancedEdition[85223:118479367] INFO: LUA: A7LOG	317	10146300	441340	Day 1, Hour 13 (3 Mirtul, 1369)	WORLD_QUICKLOOT	^0xffd6bd9fJaheira^-: ^0xffbed7d7Auto-Paused: Attacked^-
2026-09-04 14:08:37.052 BaldursGateIIEnhancedEdition[85223:118479367] INFO: LUA: A7LOG	318	10146300	442367	Day 1, Hour 13 (3 Mirtul, 1369)	WORLD_QUICKLOOT	^0xff0000ffUNPAUSED^-
2026-09-04 14:08:37.090 BaldursGateIIEnhancedEdition[85223:118479367] INFO: LUA: A7LOG	319	10146360	442406	Day 1, Hour 13 (3 Mirtul, 1369)	WORLD_QUICKLOOT	^0xffd6bd9fJaheira^-: ^0xffbed7d7Spell Failed: Casting Failure^-
2026-09-04 14:08:37.090 BaldursGateIIEnhancedEdition[85223:118479367] INFO: LUA: A7LOG	320	10146360	442406	Day 1, Hour 13 (3 Mirtul, 1369)	WORLD_QUICKLOOT	^0xffd6bd9fJaheira^-: ^0xffd7c8a0My concentration is undone. My spell has failed!^-
2026-09-04 14:08:38.585 BaldursGateIIEnhancedEdition[85223:118479367] INFO: LUA: A7LOG	321	10147560	443900	Day 1, Hour 13 (3 Mirtul, 1369)	WORLD_QUICKLOOT	^0xff0000ffPAUSED^-
2026-09-04 14:08:40.189 BaldursGateIIEnhancedEdition[85223:118479367] INFO: LUA: A7LOG	322	10147560	445505	Day 1, Hour 13 (3 Mirtul, 1369)	WORLD_QUICKLOOT	^0xffc0a1aaMinsc^-: ^0xffd7c8a0Every hamster has his day.^-
2026-09-04 14:08:42.644 BaldursGateIIEnhancedEdition[85223:118479367] INFO: LUA: A7LOG	323	10147560	447960	Day 1, Hour 13 (3 Mirtul, 1369)	WORLD_QUICKLOOT	^0xffd6bd9fJaheira^-: ^0xffd7c8a0I await your need.^-
2026-09-04 14:08:43.311 BaldursGateIIEnhancedEdition[85223:118479367] INFO: LUA: A7LOG	324	10147560	448627	Day 1, Hour 13 (3 Mirtul, 1369)	WORLD_QUICKLOOT	^0xffd6bd9fJaheira^-: ^0xffd7c8a0If it will help.^-
2026-09-04 14:08:43.865 BaldursGateIIEnhancedEdition[85223:118479367] INFO: LUA: A7LOG	325	10147620	449180	Day 1, Hour 13 (3 Mirtul, 1369)	WORLD_QUICKLOOT	^0xff0000ffUNPAUSED^-
2026-09-04 14:08:45.338 BaldursGateIIEnhancedEdition[85223:118479367] INFO: LUA: A7LOG	326	10148820	450654	Day 1, Hour 13 (3 Mirtul, 1369)	WORLD_QUICKLOOT	^0xff0000ffPAUSED^-
2026-09-04 14:08:45.951 BaldursGateIIEnhancedEdition[85223:118479367] INFO: LUA: A7LOG	327	10148820	451267	Day 1, Hour 13 (3 Mirtul, 1369)	WORLD_QUICKLOOT	^0xffcb967dBooprikt^-: ^0xffd7c8a0Hmm?^-
2026-09-04 14:08:46.852 BaldursGateIIEnhancedEdition[85223:118479367] INFO: LUA: A7LOG	328	10148820	452167	Day 1, Hour 13 (3 Mirtul, 1369)	WORLD_QUICKLOOT	^0xffcb967dBooprikt^-: ^0xffbed7d7Stopped Detecting Traps / Illusions^-
2026-09-04 14:08:50.263 BaldursGateIIEnhancedEdition[85223:118479367] INFO: LUA: A7LOG	329	10148880	455578	Day 1, Hour 13 (3 Mirtul, 1369)	WORLD_QUICKLOOT	^0xff0000ffUNPAUSED^-
2026-09-04 14:08:53.230 BaldursGateIIEnhancedEdition[85223:118479367] INFO: LUA: A7LOG	330	10151400	458545	Day 1, Hour 13 (3 Mirtul, 1369)	WORLD_QUICKLOOT	^0xff0000ffPAUSED^-
2026-09-04 14:08:53.261 BaldursGateIIEnhancedEdition[85223:118479367] INFO: LUA: A7LOG	331	10151400	458577	Day 1, Hour 13 (3 Mirtul, 1369)	WORLD_QUICKLOOT	^0xffffb3f3Imoen^-: ^0xffbed7d7Auto-Paused: Enemy Sighted^-
2026-09-04 14:08:59.891 BaldursGateIIEnhancedEdition[85223:118479367] INFO: LUA: A7LOG	332	10151400	465207	Day 1, Hour 13 (3 Mirtul, 1369)	WORLD_QUICKLOOT	^0xff0000ffUNPAUSED^-
2026-09-04 14:09:00.879 BaldursGateIIEnhancedEdition[85223:118479367] INFO: LUA: A7LOG	333	10152180	466194	Day 1, Hour 13 (3 Mirtul, 1369)	WORLD_QUICKLOOT	^0xff0000ffPAUSED^-
2026-09-04 14:09:02.981 BaldursGateIIEnhancedEdition[85223:118479367] INFO: LUA: A7LOG	334	10152180	468297	Day 1, Hour 13 (3 Mirtul, 1369)	WORLD_QUICKLOOT	^0xff0000ffUNPAUSED^-
2026-09-04 14:09:03.672 BaldursGateIIEnhancedEdition[85223:118479367] INFO: LUA: A7LOG	335	10152780	468988	Day 1, Hour 13 (3 Mirtul, 1369)	WORLD_QUICKLOOT	^0xffc0a1aaMinsc^-: ^0xffbed7d7Attacks Goblin^-
2026-09-04 14:09:03.878 BaldursGateIIEnhancedEdition[85223:118479367] INFO: LUA: A7LOG	336	10152960	469194	Day 1, Hour 13 (3 Mirtul, 1369)	WORLD_QUICKLOOT	^0xffffb3f3Imoen^-: ^0xffbed7d7Detecting Traps / Illusions^-
2026-09-04 14:09:04.116 BaldursGateIIEnhancedEdition[85223:118479367] INFO: LUA: A7LOG	337	10153140	469432	Day 1, Hour 13 (3 Mirtul, 1369)	WORLD_QUICKLOOT	^0xffbed7d7Goblin^-: ^0xffbed7d7Roll:2 +Luck:0 +SpecialAC:-1  +HitMod:0  +Attack of Opportunity:0  +Berserk:0  +Right:1 (+Weapon Bonus 0+Launcher 0+Proficiency 1+Dex 0+Missile 0+Racial 0+Effects 0) +Invisible:0  +Invisible Target:0  +Range:0  +Hated Race:0  +Special Target:0  +Protections:0 ^-
2026-09-04 14:09:04.116 BaldursGateIIEnhancedEdition[85223:118479367] INFO: LUA: A7LOG	338	10153140	469432	Day 1, Hour 13 (3 Mirtul, 1369)	WORLD_QUICKLOOT	^0xffd595caGoblin^-: ^0xffbed7d7Attack Roll 2 + 0 = 2 : Miss^-
2026-09-04 14:09:04.116 BaldursGateIIEnhancedEdition[85223:118479367] INFO: LUA: A7LOG	339	10153140	469432	Day 1, Hour 13 (3 Mirtul, 1369)	WORLD_QUICKLOOT	^0xff0000ffPAUSED^-
2026-09-04 14:09:04.148 BaldursGateIIEnhancedEdition[85223:118479367] INFO: LUA: A7LOG	340	10153140	469463	Day 1, Hour 13 (3 Mirtul, 1369)	WORLD_QUICKLOOT	^0xffc0a1aaMinsc^-: ^0xffbed7d7Auto-Paused: Attacked^-
2026-09-04 14:09:04.693 BaldursGateIIEnhancedEdition[85223:118479367] INFO: LUA: A7LOG	341	10153140	470008	Day 1, Hour 13 (3 Mirtul, 1369)	WORLD_QUICKLOOT	^0xff0000ffUNPAUSED^-
2026-09-04 14:09:06.433 BaldursGateIIEnhancedEdition[85223:118479367] INFO: LUA: A7LOG	342	10154640	471749	Day 1, Hour 13 (3 Mirtul, 1369)	WORLD_QUICKLOOT	^0xff0000ffPAUSED^-
2026-09-04 14:09:06.483 BaldursGateIIEnhancedEdition[85223:118479367] INFO: LUA: A7LOG	343	10154640	471798	Day 1, Hour 13 (3 Mirtul, 1369)	WORLD_QUICKLOOT	^0xffcb967dBooprikt^-: ^0xffbed7d7Casts Animate Dead^-
2026-09-04 14:09:06.483 BaldursGateIIEnhancedEdition[85223:118479367] INFO: LUA: A7LOG	344	10154640	471799	Day 1, Hour 13 (3 Mirtul, 1369)	WORLD_QUICKLOOT	^0xffcb967dBooprikt^-: ^0xffbed7d7Auto-Paused: Spell Cast^-
2026-09-04 14:09:07.385 BaldursGateIIEnhancedEdition[85223:118479367] INFO: LUA: A7LOG	345	10154700	472701	Day 1, Hour 13 (3 Mirtul, 1369)	WORLD_QUICKLOOT	^0xff0000ffUNPAUSED^-
2026-09-04 14:09:08.201 BaldursGateIIEnhancedEdition[85223:118479367] INFO: LUA: A7LOG	346	10155420	473516	Day 1, Hour 13 (3 Mirtul, 1369)	WORLD_QUICKLOOT	^0xffcb967dBooprikt^-: ^0xffbed7d7Detecting Traps / Illusions^-
2026-09-04 14:09:08.308 BaldursGateIIEnhancedEdition[85223:118479367] INFO: sAchieveID=NONE,m_sGlobalName=SPRITE_IS_DEADNone,m_nValue=1
2026-09-04 14:09:08.310 BaldursGateIIEnhancedEdition[85223:118479367] INFO: LUA: A7LOG	347	10155480	473626	Day 1, Hour 13 (3 Mirtul, 1369)	WORLD_QUICKLOOT	^0xffbed7d7Minsc^-: ^0xffbed7d7Roll:16 +Luck:0 +SpecialAC:0  +HitMod:0  +Attack of Opportunity:4  +Berserk:0  +Right:3 (+Weapon Bonus 0+Proficiency 1+STR 1+STREX 1+Melee bonus 0+Racial 0+Effects 0) +Invisible:0  +Invisible Target:0  +Range:0  +Hated Race:0  +Special Target:0  +Protections:0 ^-
2026-09-04 14:09:08.310 BaldursGateIIEnhancedEdition[85223:118479367] INFO: LUA: A7LOG	348	10155480	473626	Day 1, Hour 13 (3 Mirtul, 1369)	WORLD_QUICKLOOT	^0xffc0a1aaMinsc^-: ^0xffbed7d7Attack Roll 16 + 7 = 23 : Hit^-
2026-09-04 14:09:08.310 BaldursGateIIEnhancedEdition[85223:118479367] INFO: LUA: A7LOG	349	10155480	473626	Day 1, Hour 13 (3 Mirtul, 1369)	WORLD_QUICKLOOT	^0xffbed7d7Minsc^-: ^0xffbed7d7Roll:7  +DamageMod:0  +Hand bonus:0 (+Proficiency 2+Melee bonus 0+Effects 0) +Attack of Opportunity:4  *Backstab:0  +Berserk:0  +Strength:5  +Hated Race:0  +Special Bonus:0 ^-
2026-09-04 14:09:08.310 BaldursGateIIEnhancedEdition[85223:118479367] INFO: LUA: A7LOG	350	10155480	473626	Day 1, Hour 13 (3 Mirtul, 1369)	WORLD_QUICKLOOT	^0xffd595caGoblin^-: ^0xffbed7d7Takes 18 slashing damage from Minsc^-
2026-09-04 14:09:08.310 BaldursGateIIEnhancedEdition[85223:118479367] INFO: LUA: A7LOG	351	10155480	473626	Day 1, Hour 13 (3 Mirtul, 1369)	WORLD_QUICKLOOT	^0xffd595caGoblin^-: ^0xffbed7d7Death^-
2026-09-04 14:09:09.464 BaldursGateIIEnhancedEdition[85223:118479367] INFO: LUA: A7LOG	352	10156500	474779	Day 1, Hour 13 (3 Mirtul, 1369)	WORLD_QUICKLOOT	^0xffc8ffc8The Party Has Gained Experience: 20^-
2026-09-04 14:09:12.249 BaldursGateIIEnhancedEdition[85223:118479367] INFO: LUA: A7LOG	353	10158840	477564	Day 1, Hour 13 (3 Mirtul, 1369)	WORLD_QUICKLOOT	^0xff0000ffPAUSED^-
2026-09-04 14:09:18.297 BaldursGateIIEnhancedEdition[85223:118479367] INFO: LUA: A7LOG	354	10158840	483613	Day 1, Hour 13 (3 Mirtul, 1369)	WORLD_QUICKLOOT	^0xffd6bd9fJaheira^-: ^0xffd7c8a0Yes?^-
2026-09-04 14:09:23.400 BaldursGateIIEnhancedEdition[85223:118479367] INFO: LUA: A7LOG	355	10158900	488716	Day 1, Hour 13 (3 Mirtul, 1369)	WORLD_QUICKLOOT	^0xff0000ffUNPAUSED^-
2026-09-04 14:09:24.538 BaldursGateIIEnhancedEdition[85223:118479367] INFO: LUA: A7LOG	356	10159800	489853	Day 1, Hour 13 (3 Mirtul, 1369)	WORLD_QUICKLOOT	^0xff0000ffPAUSED^-
2026-09-04 14:09:25.599 BaldursGateIIEnhancedEdition[85223:118479367] INFO: LUA: A7LOG	357	10159800	490914	Day 1, Hour 13 (3 Mirtul, 1369)	WORLD_QUICKLOOT	^0xffd6bd9fJaheira^-: ^0xffd7c8a0I am ready.^-
2026-09-04 14:09:30.906 BaldursGateIIEnhancedEdition[85223:118479367] INFO: LUA: A7LOG	358	10159800	496222	Day 1, Hour 13 (3 Mirtul, 1369)	WORLD_QUICKLOOT	^0xffd6bd9fJaheira^-: ^0xffbed7d7is Casting Cure Serious Wounds : Jaheira^-
2026-09-04 14:09:32.695 BaldursGateIIEnhancedEdition[85223:118479367] INFO: LUA: A7LOG	359	10159860	498010	Day 1, Hour 13 (3 Mirtul, 1369)	WORLD_QUICKLOOT	^0xff0000ffUNPAUSED^-
2026-09-04 14:09:33.210 BaldursGateIIEnhancedEdition[85223:118479367] INFO: LUA: A7LOG	360	10160280	498525	Day 1, Hour 13 (3 Mirtul, 1369)	WORLD_QUICKLOOT	^0xffe6e6e6Dust Mephit^-: ^0xffbed7d7Attacks Skeleton Warrior^-
2026-09-04 14:09:33.723 BaldursGateIIEnhancedEdition[85223:118479367] INFO: LUA: A7LOG	361	10160700	499038	Day 1, Hour 13 (3 Mirtul, 1369)	WORLD_QUICKLOOT	^0xff0000ffPAUSED^-
2026-09-04 14:09:33.755 BaldursGateIIEnhancedEdition[85223:118479367] INFO: LUA: A7LOG	362	10160700	499070	Day 1, Hour 13 (3 Mirtul, 1369)	WORLD_QUICKLOOT	^0xffc0a1aaMinsc^-: ^0xffbed7d7Auto-Paused: Enemy Sighted^-
2026-09-04 14:09:37.243 BaldursGateIIEnhancedEdition[85223:118479367] INFO: LUA: A7LOG	363	10160700	502559	Day 1, Hour 13 (3 Mirtul, 1369)	WORLD_QUICKLOOT	^0xff0000ffUNPAUSED^-
2026-09-04 14:09:37.963 BaldursGateIIEnhancedEdition[85223:118479367] INFO: LUA: A7LOG	364	10161300	503279	Day 1, Hour 13 (3 Mirtul, 1369)	WORLD_QUICKLOOT	^0xff0000ffPAUSED^-
2026-09-04 14:09:37.998 BaldursGateIIEnhancedEdition[85223:118479367] INFO: LUA: A7LOG	365	10161300	503313	Day 1, Hour 13 (3 Mirtul, 1369)	WORLD_QUICKLOOT	^0xffc0a1aaMinsc^-: ^0xffbed7d7Auto-Paused: Enemy Sighted^-
2026-09-04 14:09:39.467 BaldursGateIIEnhancedEdition[85223:118479367] INFO: LUA: A7LOG	366	10161360	504782	Day 1, Hour 13 (3 Mirtul, 1369)	WORLD_QUICKLOOT	^0xff0000ffUNPAUSED^-
2026-09-04 14:09:39.499 BaldursGateIIEnhancedEdition[85223:118479367] INFO: LUA: A7LOG	367	10161360	504814	Day 1, Hour 13 (3 Mirtul, 1369)	WORLD_QUICKLOOT	^0xff018bffSkeleton Warrior^-: ^0xffbed7d7Attacks Dust Mephit^-
2026-09-04 14:09:40.249 BaldursGateIIEnhancedEdition[85223:118479367] INFO: LUA: A7LOG	368	10162020	505565	Day 1, Hour 13 (3 Mirtul, 1369)	WORLD_QUICKLOOT	^0xffc0a1aaMinsc^-: ^0xffbed7d7Attacks Dust Mephit^-
2026-09-04 14:09:41.208 BaldursGateIIEnhancedEdition[85223:118479367] INFO: LUA: A7LOG	369	10162800	506523	Day 1, Hour 13 (3 Mirtul, 1369)	WORLD_QUICKLOOT	^0xff0000ffPAUSED^-
2026-09-04 14:09:42.385 BaldursGateIIEnhancedEdition[85223:118479367] INFO: LUA: A7LOG	370	10162800	507701	Day 1, Hour 13 (3 Mirtul, 1369)	WORLD_QUICKLOOT	^0xffc0a1aaMinsc^-: ^0xffd7c8a0Armored, sharpened, and raring to go.^-
2026-09-04 14:09:42.984 BaldursGateIIEnhancedEdition[85223:118479367] INFO: LUA: A7LOG	371	10162800	508299	Day 1, Hour 13 (3 Mirtul, 1369)	WORLD_QUICKLOOT	^0xffc0a1aaMinsc^-: ^0xffd7c8a0Live by the sword, live a good long time!^-
2026-09-04 14:09:43.262 BaldursGateIIEnhancedEdition[85223:118479367] INFO: LUA: A7LOG	372	10162860	508577	Day 1, Hour 13 (3 Mirtul, 1369)	WORLD_QUICKLOOT	^0xff0000ffUNPAUSED^-
2026-09-04 14:09:43.434 BaldursGateIIEnhancedEdition[85223:118479367] INFO: LUA: A7LOG	373	10162980	508749	Day 1, Hour 13 (3 Mirtul, 1369)	WORLD_QUICKLOOT	^0xffe6e6e6Dust Mephit^-: ^0xffbed7d7Attacks Skeleton Warrior^-
2026-09-04 14:09:43.841 BaldursGateIIEnhancedEdition[85223:118479367] INFO: LUA: A7LOG	374	10163280	509156	Day 1, Hour 13 (3 Mirtul, 1369)	WORLD_QUICKLOOT	^0xffbed7d7Dust Mephit^-: ^0xffbed7d7Roll:11 +Luck:0 +SpecialAC:0  +HitMod:0  +Attack of Opportunity:0  +Berserk:0  +Right:0 (+Weapon Bonus 0+Proficiency 0+STR 0+STREX 0+Melee bonus 0+Racial 0+Effects 0) +Invisible:0  +Invisible Target:0  +Range:0  +Hated Race:0  +Special Target:0  +Protections:0 ^-
2026-09-04 14:09:43.841 BaldursGateIIEnhancedEdition[85223:118479367] INFO: LUA: A7LOG	375	10163280	509156	Day 1, Hour 13 (3 Mirtul, 1369)	WORLD_QUICKLOOT	^0xffe6e6e6Dust Mephit^-: ^0xffbed7d7Attack Roll 11 + 0 = 11 : Hit^-
2026-09-04 14:09:43.841 BaldursGateIIEnhancedEdition[85223:118479367] INFO: LUA: A7LOG	376	10163280	509156	Day 1, Hour 13 (3 Mirtul, 1369)	WORLD_QUICKLOOT	^0xffbed7d7Dust Mephit^-: ^0xffbed7d7Roll:1  +DamageMod:0  +Hand bonus:0 (+Proficiency 0+Melee bonus 0+Effects 0) +Attack of Opportunity:0  *Backstab:0  +Berserk:0  +Strength:1  +Hated Race:0  +Special Bonus:0 ^-
2026-09-04 14:09:43.841 BaldursGateIIEnhancedEdition[85223:118479367] INFO: LUA: A7LOG	377	10163280	509156	Day 1, Hour 13 (3 Mirtul, 1369)	WORLD_QUICKLOOT	^0xff018bffSkeleton Warrior^-: ^0xffbed7d7Takes 2 slashing damage from Dust Mephit^-
2026-09-04 14:09:43.841 BaldursGateIIEnhancedEdition[85223:118479367] INFO: LUA: A7LOG	378	10163280	509156	Day 1, Hour 13 (3 Mirtul, 1369)	WORLD_QUICKLOOT	^0xff0000ffPAUSED^-
2026-09-04 14:09:43.877 BaldursGateIIEnhancedEdition[85223:118479367] INFO: LUA: A7LOG	379	10163280	509192	Day 1, Hour 13 (3 Mirtul, 1369)	WORLD_QUICKLOOT	^0xff018bffSkeleton Warrior^-: ^0xffbed7d7Auto-Paused: Attacked^-
2026-09-04 14:09:44.595 BaldursGateIIEnhancedEdition[85223:118479367] INFO: LUA: A7LOG	380	10163280	509910	Day 1, Hour 13 (3 Mirtul, 1369)	WORLD_QUICKLOOT	^0xff0000ffUNPAUSED^-
2026-09-04 14:09:45.212 BaldursGateIIEnhancedEdition[85223:118479367] INFO: LUA: A7LOG	381	10163820	510527	Day 1, Hour 13 (3 Mirtul, 1369)	WORLD_QUICKLOOT	^0xffc0a1aaMinsc^-: ^0xffbed7d7Attacks Dust Mephit^-
2026-09-04 14:09:45.284 BaldursGateIIEnhancedEdition[85223:118479367] INFO: LUA: A7LOG	382	10163820	510599	Day 1, Hour 13 (3 Mirtul, 1369)	WORLD_QUICKLOOT	^0xff0000ffPAUSED^-
2026-09-04 14:09:45.328 BaldursGateIIEnhancedEdition[85223:118479367] INFO: LUA: A7LOG	383	10163820	510643	Day 1, Hour 13 (3 Mirtul, 1369)	WORLD_QUICKLOOT	^0xffd6bd9fJaheira^-: ^0xffbed7d7Casts Cure Serious Wounds : Jaheira^-
2026-09-04 14:09:45.328 BaldursGateIIEnhancedEdition[85223:118479367] INFO: LUA: A7LOG	384	10163820	510643	Day 1, Hour 13 (3 Mirtul, 1369)	WORLD_QUICKLOOT	^0xffd6bd9fJaheira^-: ^0xffbed7d7Auto-Paused: Spell Cast^-
2026-09-04 14:09:45.328 BaldursGateIIEnhancedEdition[85223:118479367] INFO: LUA: A7LOG	385	10163820	510643	Day 1, Hour 13 (3 Mirtul, 1369)	WORLD_QUICKLOOT	^0xffd6bd9fJaheira^-: ^0xffbed7d7Healed^-
2026-09-04 14:09:46.566 BaldursGateIIEnhancedEdition[85223:118479367] INFO: LUA: A7LOG	386	10163820	511881	Day 1, Hour 13 (3 Mirtul, 1369)	WORLD_QUICKLOOT	^0xffd6bd9fJaheira^-: ^0xffd7c8a0It is about time.^-
2026-09-04 14:09:47.952 BaldursGateIIEnhancedEdition[85223:118479367] INFO: LUA: A7LOG	387	10163820	513267	Day 1, Hour 13 (3 Mirtul, 1369)	WORLD_QUICKLOOT	^0xffd6bd9fJaheira^-: ^0xffd7c8a0I thought as much.^-
2026-09-04 14:09:48.364 BaldursGateIIEnhancedEdition[85223:118479367] INFO: LUA: A7LOG	388	10163880	513679	Day 1, Hour 13 (3 Mirtul, 1369)	WORLD_QUICKLOOT	^0xff0000ffUNPAUSED^-
2026-09-04 14:09:50.405 BaldursGateIIEnhancedEdition[85223:118479367] INFO: LUA: A7LOG	389	10165560	515720	Day 1, Hour 13 (3 Mirtul, 1369)	WORLD_QUICKLOOT	^0xffbed7d7Dust Mephit^-: ^0xffbed7d7Roll:17 +Luck:0 +SpecialAC:0  +HitMod:0  +Attack of Opportunity:0  +Berserk:0  +Right:0 (+Weapon Bonus 0+Proficiency 0+STR 0+STREX 0+Melee bonus 0+Racial 0+Effects 0) +Invisible:0  +Invisible Target:0  +Range:0  +Hated Race:0  +Special Target:0  +Protections:0 ^-
2026-09-04 14:09:50.405 BaldursGateIIEnhancedEdition[85223:118479367] INFO: LUA: A7LOG	390	10165560	515720	Day 1, Hour 13 (3 Mirtul, 1369)	WORLD_QUICKLOOT	^0xffe6e6e6Dust Mephit^-: ^0xffbed7d7Attack Roll 17 + 0 = 17 : Hit^-
2026-09-04 14:09:50.405 BaldursGateIIEnhancedEdition[85223:118479367] INFO: LUA: A7LOG	391	10165560	515720	Day 1, Hour 13 (3 Mirtul, 1369)	WORLD_QUICKLOOT	^0xffbed7d7Dust Mephit^-: ^0xffbed7d7Roll:2  +DamageMod:0  +Hand bonus:0 (+Proficiency 0+Melee bonus 0+Effects 0) +Attack of Opportunity:0  *Backstab:0  +Berserk:0  +Strength:1  +Hated Race:0  +Special Bonus:0 ^-
2026-09-04 14:09:50.405 BaldursGateIIEnhancedEdition[85223:118479367] INFO: LUA: A7LOG	392	10165560	515720	Day 1, Hour 13 (3 Mirtul, 1369)	WORLD_QUICKLOOT	^0xff018bffSkeleton Warrior^-: ^0xffbed7d7Takes 2 slashing damage from Dust Mephit (1 damage resisted)^-
2026-09-04 14:09:50.405 BaldursGateIIEnhancedEdition[85223:118479367] INFO: LUA: A7LOG	393	10165560	515720	Day 1, Hour 13 (3 Mirtul, 1369)	WORLD_QUICKLOOT	^0xff0000ffPAUSED^-
2026-09-04 14:09:50.439 BaldursGateIIEnhancedEdition[85223:118479367] INFO: LUA: A7LOG	394	10165560	515754	Day 1, Hour 13 (3 Mirtul, 1369)	WORLD_QUICKLOOT	^0xff018bffSkeleton Warrior^-: ^0xffbed7d7Auto-Paused: Attacked^-
2026-09-04 14:09:51.057 BaldursGateIIEnhancedEdition[85223:118479367] INFO: LUA: A7LOG	395	10165620	516373	Day 1, Hour 13 (3 Mirtul, 1369)	WORLD_QUICKLOOT	^0xff0000ffUNPAUSED^-
2026-09-04 14:09:51.088 BaldursGateIIEnhancedEdition[85223:118479367] INFO: LUA: A7LOG	396	10165620	516403	Day 1, Hour 13 (3 Mirtul, 1369)	WORLD_QUICKLOOT	^0xffc0a1aaMinsc^-: ^0xffbed7d7Attacks Dust Mephit^-
2026-09-04 14:09:52.757 BaldursGateIIEnhancedEdition[85223:118479367] INFO: LUA: A7LOG	397	10167120	518072	Day 1, Hour 13 (3 Mirtul, 1369)	WORLD_QUICKLOOT	^0xffd6bd9fJaheira^-: ^0xffbed7d7Attacks Dust Mephit^-
2026-09-04 14:09:53.604 BaldursGateIIEnhancedEdition[85223:118479367] INFO: LUA: A7LOG	398	10167840	518919	Day 1, Hour 13 (3 Mirtul, 1369)	WORLD_QUICKLOOT	^0xff018bffSkeleton Warrior^-: ^0xffbed7d7Attacks Dust Mephit^-
2026-09-04 14:09:54.293 BaldursGateIIEnhancedEdition[85223:118479367] INFO: LUA: A7LOG	399	10168440	519608	Day 1, Hour 13 (3 Mirtul, 1369)	WORLD_QUICKLOOT	^0xffbed7d7Minsc^-: ^0xffbed7d7Roll:8 +Luck:0 +SpecialAC:0  +HitMod:0  +Attack of Opportunity:0  +Berserk:0  +Right:3 (+Weapon Bonus 0+Proficiency 1+STR 1+STREX 1+Melee bonus 0+Racial 0+Effects 0) +Invisible:0  +Invisible Target:0  +Range:0  +Hated Race:0  +Special Target:0  +Protections:0 ^-
2026-09-04 14:09:54.293 BaldursGateIIEnhancedEdition[85223:118479367] INFO: LUA: A7LOG	400	10168440	519608	Day 1, Hour 13 (3 Mirtul, 1369)	WORLD_QUICKLOOT	^0xffc0a1aaMinsc^-: ^0xffbed7d7Attack Roll 8 + 3 = 11 : Hit^-
2026-09-04 14:09:54.293 BaldursGateIIEnhancedEdition[85223:118479367] INFO: LUA: A7LOG	401	10168440	519608	Day 1, Hour 13 (3 Mirtul, 1369)	WORLD_QUICKLOOT	^0xffbed7d7Minsc^-: ^0xffbed7d7Roll:2  +DamageMod:0  +Hand bonus:0 (+Proficiency 2+Melee bonus 0+Effects 0) +Attack of Opportunity:0  *Backstab:0  +Berserk:0  +Strength:5  +Hated Race:0  +Special Bonus:0 ^-
2026-09-04 14:09:54.293 BaldursGateIIEnhancedEdition[85223:118479367] INFO: LUA: A7LOG	402	10168440	519608	Day 1, Hour 13 (3 Mirtul, 1369)	WORLD_QUICKLOOT	^0xffe6e6e6Dust Mephit^-: ^0xffbed7d7Takes 5 slashing damage from Minsc (4 damage resisted)^-
2026-09-04 14:09:54.492 BaldursGateIIEnhancedEdition[85223:118479367] INFO: LUA: A7LOG	403	10168620	519807	Day 1, Hour 13 (3 Mirtul, 1369)	WORLD_QUICKLOOT	^0xffe6e6e6Dust Mephit^-: ^0xffbed7d7Attacks Skeleton Warrior^-
2026-09-04 14:09:54.664 BaldursGateIIEnhancedEdition[85223:118479367] INFO: LUA: A7LOG	404	10168800	519979	Day 1, Hour 13 (3 Mirtul, 1369)	WORLD_QUICKLOOT	^0xffbed7d7Jaheira^-: ^0xffbed7d7Roll:13 +Luck:0 +SpecialAC:0  +HitMod:0  +Attack of Opportunity:0  +Berserk:0  +Right:2 (+Weapon Bonus 2+Proficiency 0+STR 0+STREX 0+Melee bonus 0+Racial 0+Effects 0) +Invisible:0  +Invisible Target:0  +Range:0  +Hated Race:0  +Special Target:0  +Protections:0 ^-
2026-09-04 14:09:54.664 BaldursGateIIEnhancedEdition[85223:118479367] INFO: LUA: A7LOG	405	10168800	519979	Day 1, Hour 13 (3 Mirtul, 1369)	WORLD_QUICKLOOT	^0xffd6bd9fJaheira^-: ^0xffbed7d7Attack Roll 13 + 2 = 15 : Hit^-
2026-09-04 14:09:54.664 BaldursGateIIEnhancedEdition[85223:118479367] INFO: LUA: A7LOG	406	10168800	519979	Day 1, Hour 13 (3 Mirtul, 1369)	WORLD_QUICKLOOT	^0xffbed7d7Jaheira^-: ^0xffbed7d7Roll:11  +DamageMod:0  +Hand bonus:0 (+Proficiency 0+Melee bonus 0+Effects 0) +Attack of Opportunity:0  *Backstab:0  +Berserk:0  +Strength:0  +Hated Race:0  +Special Bonus:0 ^-
2026-09-04 14:09:54.664 BaldursGateIIEnhancedEdition[85223:118479367] INFO: LUA: A7LOG	407	10168800	519979	Day 1, Hour 13 (3 Mirtul, 1369)	WORLD_QUICKLOOT	^0xffe6e6e6Dust Mephit^-: ^0xffbed7d7Takes 6 piercing damage from Jaheira (5 damage resisted)^-
2026-09-04 14:09:54.969 BaldursGateIIEnhancedEdition[85223:118479367] INFO: LUA: A7LOG	408	10168980	520284	Day 1, Hour 13 (3 Mirtul, 1369)	WORLD_QUICKLOOT	^0xffbed7d7Dust Mephit^-: ^0xffbed7d7Roll:18 +Luck:0 +SpecialAC:0  +HitMod:0  +Attack of Opportunity:0  +Berserk:0  +Right:0 (+Weapon Bonus 0+Proficiency 0+STR 0+STREX 0+Melee bonus 0+Racial 0+Effects 0) +Invisible:0  +Invisible Target:0  +Range:0  +Hated Race:0  +Special Target:0  +Protections:0 ^-
2026-09-04 14:09:54.969 BaldursGateIIEnhancedEdition[85223:118479367] INFO: LUA: A7LOG	409	10168980	520284	Day 1, Hour 13 (3 Mirtul, 1369)	WORLD_QUICKLOOT	^0xffe6e6e6Dust Mephit^-: ^0xffbed7d7Attack Roll 18 + 0 = 18 : Hit^-
2026-09-04 14:09:54.969 BaldursGateIIEnhancedEdition[85223:118479367] INFO: LUA: A7LOG	410	10168980	520284	Day 1, Hour 13 (3 Mirtul, 1369)	WORLD_QUICKLOOT	^0xffbed7d7Dust Mephit^-: ^0xffbed7d7Roll:2  +DamageMod:0  +Hand bonus:0 (+Proficiency 0+Melee bonus 0+Effects 0) +Attack of Opportunity:0  *Backstab:0  +Berserk:0  +Strength:1  +Hated Race:0  +Special Bonus:0 ^-
2026-09-04 14:09:54.969 BaldursGateIIEnhancedEdition[85223:118479367] INFO: LUA: A7LOG	411	10168980	520284	Day 1, Hour 13 (3 Mirtul, 1369)	WORLD_QUICKLOOT	^0xff018bffSkeleton Warrior^-: ^0xffbed7d7Takes 2 slashing damage from Dust Mephit (1 damage resisted)^-
2026-09-04 14:09:54.969 BaldursGateIIEnhancedEdition[85223:118479367] INFO: LUA: A7LOG	412	10168980	520284	Day 1, Hour 13 (3 Mirtul, 1369)	WORLD_QUICKLOOT	^0xff0000ffPAUSED^-
2026-09-04 14:09:55.000 BaldursGateIIEnhancedEdition[85223:118479367] INFO: LUA: A7LOG	413	10168980	520315	Day 1, Hour 13 (3 Mirtul, 1369)	WORLD_QUICKLOOT	^0xff018bffSkeleton Warrior^-: ^0xffbed7d7Auto-Paused: Attacked^-
2026-09-04 14:09:55.816 BaldursGateIIEnhancedEdition[85223:118479367] INFO: LUA: A7LOG	414	10169040	521131	Day 1, Hour 13 (3 Mirtul, 1369)	WORLD_QUICKLOOT	^0xff0000ffUNPAUSED^-
2026-09-04 14:09:57.831 BaldursGateIIEnhancedEdition[85223:118479367] INFO: LUA: A7LOG	415	10170780	523146	Day 1, Hour 13 (3 Mirtul, 1369)	WORLD_QUICKLOOT	^0xffbed7d7Minsc^-: ^0xffbed7d7Roll:12 +Luck:0 +SpecialAC:0  +HitMod:0  +Attack of Opportunity:0  +Berserk:0  +Right:3 (+Weapon Bonus 0+Proficiency 1+STR 1+STREX 1+Melee bonus 0+Racial 0+Effects 0) +Invisible:0  +Invisible Target:0  +Range:0  +Hated Race:0  +Special Target:0  +Protections:0 ^-
2026-09-04 14:09:57.831 BaldursGateIIEnhancedEdition[85223:118479367] INFO: LUA: A7LOG	416	10170780	523146	Day 1, Hour 13 (3 Mirtul, 1369)	WORLD_QUICKLOOT	^0xffc0a1aaMinsc^-: ^0xffbed7d7Attack Roll 12 + 3 = 15 : Hit^-
2026-09-04 14:09:57.831 BaldursGateIIEnhancedEdition[85223:118479367] INFO: LUA: A7LOG	417	10170780	523146	Day 1, Hour 13 (3 Mirtul, 1369)	WORLD_QUICKLOOT	^0xffbed7d7Minsc^-: ^0xffbed7d7Roll:1  +DamageMod:0  +Hand bonus:0 (+Proficiency 2+Melee bonus 0+Effects 0) +Attack of Opportunity:0  *Backstab:0  +Berserk:0  +Strength:5  +Hated Race:0  +Special Bonus:0 ^-
2026-09-04 14:09:57.831 BaldursGateIIEnhancedEdition[85223:118479367] INFO: LUA: A7LOG	418	10170780	523146	Day 1, Hour 13 (3 Mirtul, 1369)	WORLD_QUICKLOOT	^0xffe6e6e6Dust Mephit^-: ^0xffbed7d7Takes 4 slashing damage from Minsc (4 damage resisted)^-
2026-09-04 14:09:58.514 BaldursGateIIEnhancedEdition[85223:118479367] INFO: LUA: A7LOG	419	10171320	523829	Day 1, Hour 13 (3 Mirtul, 1369)	WORLD_QUICKLOOT	^0xffbed7d7Dust Mephit^-: ^0xffbed7d7Roll:7 +Luck:0 +SpecialAC:0  +HitMod:0  +Attack of Opportunity:0  +Berserk:0  +Right:0 (+Weapon Bonus 0+Proficiency 0+STR 0+STREX 0+Melee bonus 0+Racial 0+Effects 0) +Invisible:0  +Invisible Target:0  +Range:0  +Hated Race:0  +Special Target:0  +Protections:0 ^-
2026-09-04 14:09:58.514 BaldursGateIIEnhancedEdition[85223:118479367] INFO: LUA: A7LOG	420	10171320	523829	Day 1, Hour 13 (3 Mirtul, 1369)	WORLD_QUICKLOOT	^0xffe6e6e6Dust Mephit^-: ^0xffbed7d7Attack Roll 7 + 0 = 7 : Miss^-
2026-09-04 14:09:58.514 BaldursGateIIEnhancedEdition[85223:118479367] INFO: LUA: A7LOG	421	10171320	523829	Day 1, Hour 13 (3 Mirtul, 1369)	WORLD_QUICKLOOT	^0xffbed7d7Skeleton Warrior^-: ^0xffbed7d7Roll:7 +Luck:0 +SpecialAC:0  +HitMod:0  +Attack of Opportunity:0  +Berserk:0  +Right:3 (+Weapon Bonus 0+Proficiency 3+STR 0+STREX 0+Melee bonus 0+Racial 0+Effects 0) +Invisible:0  +Invisible Target:0  +Range:0  +Hated Race:0  +Special Target:0  +Protections:0 ^-
2026-09-04 14:09:58.514 BaldursGateIIEnhancedEdition[85223:118479367] INFO: LUA: A7LOG	422	10171320	523829	Day 1, Hour 13 (3 Mirtul, 1369)	WORLD_QUICKLOOT	^0xff018bffSkeleton Warrior^-: ^0xffbed7d7Attack Roll 7 + 3 = 10 : Miss^-
2026-09-04 14:09:58.514 BaldursGateIIEnhancedEdition[85223:118479367] INFO: LUA: A7LOG	423	10171320	523829	Day 1, Hour 13 (3 Mirtul, 1369)	WORLD_QUICKLOOT	^0xff0000ffPAUSED^-
2026-09-04 14:09:58.547 BaldursGateIIEnhancedEdition[85223:118479367] INFO: LUA: A7LOG	424	10171320	523862	Day 1, Hour 13 (3 Mirtul, 1369)	WORLD_QUICKLOOT	^0xff018bffSkeleton Warrior^-: ^0xffbed7d7Auto-Paused: Attacked^-
2026-09-04 14:09:59.329 BaldursGateIIEnhancedEdition[85223:118479367] INFO: LUA: A7LOG	425	10171320	524644	Day 1, Hour 13 (3 Mirtul, 1369)	WORLD_QUICKLOOT	^0xff0000ffUNPAUSED^-
2026-09-04 14:10:00.370 BaldursGateIIEnhancedEdition[85223:118479367] INFO: LUA: A7LOG	426	10172220	525685	Day 1, Hour 13 (3 Mirtul, 1369)	WORLD_QUICKLOOT	^0xffc0a1aaMinsc^-: ^0xffbed7d7Attacks Dust Mephit^-
2026-09-04 14:10:02.891 BaldursGateIIEnhancedEdition[85223:118479367] INFO: LUA: A7LOG	427	10174440	528204	Day 1, Hour 13 (3 Mirtul, 1369)	WORLD_QUICKLOOT	^0xff018bffSkeleton Warrior^-: ^0xffbed7d7Attacks Dust Mephit^-
2026-09-04 14:10:03.432 BaldursGateIIEnhancedEdition[85223:118479367] INFO: LUA: A7LOG	428	10174860	528747	Day 1, Hour 13 (3 Mirtul, 1369)	WORLD_QUICKLOOT	^0xffbed7d7Dust Mephit^-: ^0xffbed7d7Roll:9 +Luck:0 +SpecialAC:0  +HitMod:0  +Attack of Opportunity:0  +Berserk:0  +Right:0 (+Weapon Bonus 0+Proficiency 0+STR 0+STREX 0+Melee bonus 0+Racial 0+Effects 0) +Invisible:0  +Invisible Target:0  +Range:0  +Hated Race:0  +Special Target:0  +Protections:0 ^-
2026-09-04 14:10:03.433 BaldursGateIIEnhancedEdition[85223:118479367] INFO: LUA: A7LOG	429	10174860	528748	Day 1, Hour 13 (3 Mirtul, 1369)	WORLD_QUICKLOOT	^0xffe6e6e6Dust Mephit^-: ^0xffbed7d7Attack Roll 9 + 0 = 9 : Miss^-
2026-09-04 14:10:03.433 BaldursGateIIEnhancedEdition[85223:118479367] INFO: LUA: A7LOG	430	10174860	528748	Day 1, Hour 13 (3 Mirtul, 1369)	WORLD_QUICKLOOT	^0xff0000ffPAUSED^-
2026-09-04 14:10:03.465 BaldursGateIIEnhancedEdition[85223:118479367] INFO: LUA: A7LOG	431	10174860	528780	Day 1, Hour 13 (3 Mirtul, 1369)	WORLD_QUICKLOOT	^0xff018bffSkeleton Warrior^-: ^0xffbed7d7Auto-Paused: Attacked^-
2026-09-04 14:10:06.631 BaldursGateIIEnhancedEdition[85223:118479367] INFO: LUA: A7LOG	432	10174860	531945	Day 1, Hour 13 (3 Mirtul, 1369)	WORLD_QUICKLOOT	^0xff0000ffUNPAUSED^-
2026-09-04 14:10:07.383 BaldursGateIIEnhancedEdition[85223:118479367] INFO: LUA: A7LOG	433	10175520	532697	Day 1, Hour 13 (3 Mirtul, 1369)	WORLD_QUICKLOOT	^0xffbed7d7Minsc^-: ^0xffbed7d7Roll:10 +Luck:0 +SpecialAC:0  +HitMod:0  +Attack of Opportunity:0  +Berserk:0  +Right:3 (+Weapon Bonus 0+Proficiency 1+STR 1+STREX 1+Melee bonus 0+Racial 0+Effects 0) +Invisible:0  +Invisible Target:0  +Range:0  +Hated Race:0  +Special Target:0  +Protections:0 ^-
2026-09-04 14:10:07.383 BaldursGateIIEnhancedEdition[85223:118479367] INFO: LUA: A7LOG	434	10175520	532698	Day 1, Hour 13 (3 Mirtul, 1369)	WORLD_QUICKLOOT	^0xffc0a1aaMinsc^-: ^0xffbed7d7Attack Roll 10 + 3 = 13 : Hit^-
2026-09-04 14:10:07.383 BaldursGateIIEnhancedEdition[85223:118479367] INFO: LUA: A7LOG	435	10175520	532698	Day 1, Hour 13 (3 Mirtul, 1369)	WORLD_QUICKLOOT	^0xffbed7d7Minsc^-: ^0xffbed7d7Roll:6  +DamageMod:0  +Hand bonus:0 (+Proficiency 2+Melee bonus 0+Effects 0) +Attack of Opportunity:0  *Backstab:0  +Berserk:0  +Strength:5  +Hated Race:0  +Special Bonus:0 ^-
2026-09-04 14:10:07.383 BaldursGateIIEnhancedEdition[85223:118479367] INFO: LUA: A7LOG	436	10175520	532698	Day 1, Hour 13 (3 Mirtul, 1369)	WORLD_QUICKLOOT	^0xffe6e6e6Dust Mephit^-: ^0xffbed7d7Takes 7 slashing damage from Minsc (6 damage resisted)^-
2026-09-04 14:10:08.647 BaldursGateIIEnhancedEdition[85223:118479367] INFO: LUA: A7LOG	437	10176660	533962	Day 1, Hour 13 (3 Mirtul, 1369)	WORLD_QUICKLOOT	^0xffbed7d7Jaheira^-: ^0xffbed7d7Roll:8 +Luck:0 +SpecialAC:0  +HitMod:0  +Attack of Opportunity:0  +Berserk:0  +Right:2 (+Weapon Bonus 2+Proficiency 0+STR 0+STREX 0+Melee bonus 0+Racial 0+Effects 0) +Invisible:0  +Invisible Target:0  +Range:0  +Hated Race:0  +Special Target:0  +Protections:0 ^-
2026-09-04 14:10:08.647 BaldursGateIIEnhancedEdition[85223:118479367] INFO: LUA: A7LOG	438	10176660	533962	Day 1, Hour 13 (3 Mirtul, 1369)	WORLD_QUICKLOOT	^0xffd6bd9fJaheira^-: ^0xffbed7d7Attack Roll 8 + 2 = 10 : Hit^-
2026-09-04 14:10:08.647 BaldursGateIIEnhancedEdition[85223:118479367] INFO: LUA: A7LOG	439	10176660	533962	Day 1, Hour 13 (3 Mirtul, 1369)	WORLD_QUICKLOOT	^0xffbed7d7Jaheira^-: ^0xffbed7d7Roll:11  +DamageMod:0  +Hand bonus:0 (+Proficiency 0+Melee bonus 0+Effects 0) +Attack of Opportunity:0  *Backstab:0  +Berserk:0  +Strength:0  +Hated Race:0  +Special Bonus:0 ^-
2026-09-04 14:10:08.647 BaldursGateIIEnhancedEdition[85223:118479367] INFO: LUA: A7LOG	440	10176660	533962	Day 1, Hour 13 (3 Mirtul, 1369)	WORLD_QUICKLOOT	^0xffe6e6e6Dust Mephit^-: ^0xffbed7d7Takes 6 piercing damage from Jaheira (5 damage resisted)^-
2026-09-04 14:10:09.357 BaldursGateIIEnhancedEdition[85223:118479367] INFO: LUA: A7LOG	441	10177200	534672	Day 1, Hour 13 (3 Mirtul, 1369)	WORLD_QUICKLOOT	^0xffbed7d7Dust Mephit^-: ^0xffbed7d7Roll:15 +Luck:0 +SpecialAC:0  +HitMod:0  +Attack of Opportunity:0  +Berserk:0  +Right:0 (+Weapon Bonus 0+Proficiency 0+STR 0+STREX 0+Melee bonus 0+Racial 0+Effects 0) +Invisible:0  +Invisible Target:0  +Range:0  +Hated Race:0  +Special Target:0  +Protections:0 ^-
2026-09-04 14:10:09.358 BaldursGateIIEnhancedEdition[85223:118479367] INFO: LUA: A7LOG	442	10177200	534673	Day 1, Hour 13 (3 Mirtul, 1369)	WORLD_QUICKLOOT	^0xffe6e6e6Dust Mephit^-: ^0xffbed7d7Attack Roll 15 + 0 = 15 : Hit^-
2026-09-04 14:10:09.358 BaldursGateIIEnhancedEdition[85223:118479367] INFO: LUA: A7LOG	443	10177200	534673	Day 1, Hour 13 (3 Mirtul, 1369)	WORLD_QUICKLOOT	^0xffbed7d7Dust Mephit^-: ^0xffbed7d7Roll:2  +DamageMod:0  +Hand bonus:0 (+Proficiency 0+Melee bonus 0+Effects 0) +Attack of Opportunity:0  *Backstab:0  +Berserk:0  +Strength:1  +Hated Race:0  +Special Bonus:0 ^-
2026-09-04 14:10:09.358 BaldursGateIIEnhancedEdition[85223:118479367] INFO: LUA: A7LOG	444	10177200	534673	Day 1, Hour 13 (3 Mirtul, 1369)	WORLD_QUICKLOOT	^0xff018bffSkeleton Warrior^-: ^0xffbed7d7Takes 2 slashing damage from Dust Mephit (1 damage resisted)^-
2026-09-04 14:10:09.358 BaldursGateIIEnhancedEdition[85223:118479367] INFO: LUA: A7LOG	445	10177200	534673	Day 1, Hour 13 (3 Mirtul, 1369)	WORLD_QUICKLOOT	^0xff0000ffPAUSED^-
2026-09-04 14:10:09.386 BaldursGateIIEnhancedEdition[85223:118479367] INFO: LUA: A7LOG	446	10177200	534701	Day 1, Hour 13 (3 Mirtul, 1369)	WORLD_QUICKLOOT	^0xff018bffSkeleton Warrior^-: ^0xffbed7d7Auto-Paused: Attacked^-
2026-09-04 14:10:21.189 BaldursGateIIEnhancedEdition[85223:118479367] INFO: sAchieveID=NONE,m_sGlobalName=BD_STORY_MODE,m_nValue=0
2026-09-04 14:10:21.189 BaldursGateIIEnhancedEdition[85223:118479367] INFO: sAchieveID=NONE,m_sGlobalName=BD_NIGHTMARE_MODE,m_nValue=0
2026-09-04 14:10:21.189 BaldursGateIIEnhancedEdition[85223:118479367] INFO: sAchieveID=NONE,m_sGlobalName=GameDifficulty,m_nValue=6
2026-09-04 14:10:21.189 BaldursGateIIEnhancedEdition[85223:118479367] INFO: sAchieveID=NONE,m_sGlobalName=BD_STORY_MODE,m_nValue=0
2026-09-04 14:10:22.879 BaldursGateIIEnhancedEdition[85223:118479367] INFO: LUA: A7LOG	447	10177200	548194	Day 1, Hour 13 (3 Mirtul, 1369)	WORLD_QUICKLOOT	^0xff0000ffUNPAUSED^-
2026-09-04 14:10:23.090 BaldursGateIIEnhancedEdition[85223:118479367] INFO: sAchieveID=NONE,m_sGlobalName=SPRITE_IS_DEADNone,m_nValue=1
2026-09-04 14:10:23.095 BaldursGateIIEnhancedEdition[85223:118479367] INFO: LUA: A7LOG	448	10177380	548410	Day 1, Hour 13 (3 Mirtul, 1369)	WORLD_QUICKLOOT	^0xffbed7d7Skeleton Warrior^-: ^0xffbed7d7Roll:14 +Luck:0 +SpecialAC:0  +HitMod:0  +Attack of Opportunity:0  +Berserk:0  +Right:3 (+Weapon Bonus 0+Proficiency 3+STR 0+STREX 0+Melee bonus 0+Racial 0+Effects 0) +Invisible:0  +Invisible Target:0  +Range:0  +Hated Race:0  +Special Target:0  +Protections:0 ^-
2026-09-04 14:10:23.095 BaldursGateIIEnhancedEdition[85223:118479367] INFO: LUA: A7LOG	449	10177380	548410	Day 1, Hour 13 (3 Mirtul, 1369)	WORLD_QUICKLOOT	^0xff018bffSkeleton Warrior^-: ^0xffbed7d7Attack Roll 14 + 3 = 17 : Hit^-
2026-09-04 14:10:23.095 BaldursGateIIEnhancedEdition[85223:118479367] INFO: LUA: A7LOG	450	10177380	548410	Day 1, Hour 13 (3 Mirtul, 1369)	WORLD_QUICKLOOT	^0xffbed7d7Skeleton Warrior^-: ^0xffbed7d7Roll:7  +DamageMod:0  +Hand bonus:0 (+Proficiency 5+Melee bonus 0+Effects 0) +Attack of Opportunity:0  *Backstab:0  +Berserk:0  +Strength:1  +Hated Race:0  +Special Bonus:0 ^-
2026-09-04 14:10:23.095 BaldursGateIIEnhancedEdition[85223:118479367] INFO: LUA: A7LOG	451	10177380	548410	Day 1, Hour 13 (3 Mirtul, 1369)	WORLD_QUICKLOOT	^0xffe6e6e6Dust Mephit^-: ^0xffbed7d7Takes 7 slashing damage from Skeleton Warrior (6 damage resisted)^-
2026-09-04 14:10:23.095 BaldursGateIIEnhancedEdition[85223:118479367] INFO: LUA: A7LOG	452	10177380	548410	Day 1, Hour 13 (3 Mirtul, 1369)	WORLD_QUICKLOOT	^0xffe6e6e6Dust Mephit^-: ^0xffbed7d7Death^-
2026-09-04 14:10:23.985 BaldursGateIIEnhancedEdition[85223:118479367] INFO: LUA: A7LOG	453	10178160	549300	Day 1, Hour 13 (3 Mirtul, 1369)	WORLD_QUICKLOOT	^0xffc8ffc8The Party Has Gained Experience: 420^-
2026-09-04 14:10:32.686 BaldursGateIIEnhancedEdition[85223:118479367] INFO: LUA: A7LOG	454	10185720	558000	Day 1, Hour 13 (3 Mirtul, 1369)	WORLD_QUICKLOOT	^0xffc0a1aaMinsc^-: ^0xffd7c8a0Boo says, "What?!"^-
2026-09-04 14:10:33.346 BaldursGateIIEnhancedEdition[85223:118479367] INFO: LUA: A7LOG	455	10186320	558661	Day 1, Hour 13 (3 Mirtul, 1369)	WORLD_QUICKLOOT	^0xffc0a1aaMinsc^-: ^0xffd7c8a0Stand back for justice!^-
2026-09-04 14:10:37.175 BaldursGateIIEnhancedEdition[85223:118479367] INFO: LUA: A7LOG	456	10189620	562489	Day 1, Hour 13 (3 Mirtul, 1369)	WORLD_QUICKLOOT	^0xffc0a1aaMinsc^-: ^0xffd7c8a0You point, I punch.^-
2026-09-04 14:10:37.731 BaldursGateIIEnhancedEdition[85223:118479367] INFO: LUA: A7LOG	457	10190100	563045	Day 1, Hour 13 (3 Mirtul, 1369)	WORLD_QUICKLOOT	^0xffc0a1aaMinsc^-: ^0xffd7c8a0See battle, Boo? Run, Boo, run!^-
2026-09-04 14:10:44.094 BaldursGateIIEnhancedEdition[85223:118479367] INFO: LUA: A7LOG	458	10195620	569409	Day 1, Hour 13 (3 Mirtul, 1369)	WORLD_QUICKLOOT	^0xffc0a1aaMinsc^-: ^0xffd7c8a0Swords, not words!^-
2026-09-04 14:10:44.563 BaldursGateIIEnhancedEdition[85223:118479367] INFO: LUA: A7LOG	459	10196040	569877	Day 1, Hour 13 (3 Mirtul, 1369)	WORLD_QUICKLOOT	^0xffc0a1aaMinsc^-: ^0xffd7c8a0Make way, villainy! Hero coming through!^-
2026-09-04 14:11:19.010 BaldursGateIIEnhancedEdition[85223:118479367] INFO: LUA: A7LOG	460	10226040	604324	Day 1, Hour 13 (3 Mirtul, 1369)	WORLD_QUICKLOOT	^0xffffb3f3Imoen^-: ^0xffd7c8a0Ready and willing.^-
2026-09-04 14:11:19.976 BaldursGateIIEnhancedEdition[85223:118479367] INFO: LUA: A7LOG	461	10226880	605290	Day 1, Hour 13 (3 Mirtul, 1369)	WORLD_QUICKLOOT	^0xffffb3f3Imoen^-: ^0xffbed7d7Stopped Detecting Traps / Illusions^-
2026-09-04 14:11:20.147 BaldursGateIIEnhancedEdition[85223:118479367] INFO: LUA: A7LOG	462	10227000	605462	Day 1, Hour 13 (3 Mirtul, 1369)	WORLD_QUICKLOOT	^0xffffb3f3Imoen^-: ^0xffbed7d7Detecting Traps / Illusions^-
2026-09-04 14:11:20.670 BaldursGateIIEnhancedEdition[85223:118479367] INFO: LUA: A7LOG	463	10227480	605984	Day 1, Hour 13 (3 Mirtul, 1369)	WORLD_QUICKLOOT	^0xffffb3f3Imoen^-: ^0xffbed7d7Stopped Detecting Traps / Illusions^-
2026-09-04 14:11:21.288 BaldursGateIIEnhancedEdition[85223:118479367] INFO: LUA: A7LOG	464	10227960	606602	Day 1, Hour 13 (3 Mirtul, 1369)	WORLD_QUICKLOOT	^0xffffb3f3Imoen^-: ^0xffbed7d7Detecting Traps / Illusions^-
2026-09-04 14:11:22.186 BaldursGateIIEnhancedEdition[85223:118479367] INFO: LUA: A7LOG	465	10228740	607500	Day 1, Hour 13 (3 Mirtul, 1369)	WORLD_QUICKLOOT	^0xffffb3f3Imoen^-: ^0xffbed7d7Stopped Detecting Traps / Illusions^-
2026-09-04 14:11:22.409 BaldursGateIIEnhancedEdition[85223:118479367] INFO: LUA: A7LOG	466	10228920	607724	Day 1, Hour 13 (3 Mirtul, 1369)	WORLD_QUICKLOOT	^0xffffb3f3Imoen^-: ^0xffbed7d7Detecting Traps / Illusions^-
2026-09-04 14:11:22.552 BaldursGateIIEnhancedEdition[85223:118479367] INFO: LUA: A7LOG	467	10229040	607866	Day 1, Hour 13 (3 Mirtul, 1369)	WORLD_QUICKLOOT	^0xffffb3f3Imoen^-: ^0xffbed7d7Stopped Detecting Traps / Illusions^-
2026-09-04 14:11:23.518 BaldursGateIIEnhancedEdition[85223:118479367] INFO: LUA: A7LOG	468	10229880	608833	Day 1, Hour 13 (3 Mirtul, 1369)	WORLD_QUICKLOOT	^0xffffb3f3Imoen^-: ^0xffbed7d7Detecting Traps / Illusions^-
2026-09-04 14:11:23.947 BaldursGateIIEnhancedEdition[85223:118479367] INFO: LUA: A7LOG	469	10230240	609261	Day 1, Hour 13 (3 Mirtul, 1369)	WORLD_QUICKLOOT	^0xffd6bd9fJaheira^-: ^0xffd7c8a0Speak your mind.^-
2026-09-04 14:11:25.176 BaldursGateIIEnhancedEdition[85223:118479367] INFO: LUA: A7LOG	470	10231320	610490	Day 1, Hour 13 (3 Mirtul, 1369)	WORLD_QUICKLOOT	^0xffc0a1aaMinsc^-: ^0xffd7c8a0Minsc and Boo stand ready.^-
2026-09-04 14:11:25.981 BaldursGateIIEnhancedEdition[85223:118479367] INFO: LUA: A7LOG	471	10232040	611295	Day 1, Hour 13 (3 Mirtul, 1369)	WORLD_QUICKLOOT	^0xffc0a1aaMinsc^-: ^0xffd7c8a0Butt-kicking for goodness!^-
2026-09-04 14:11:44.824 BaldursGateIIEnhancedEdition[85223:118479367] INFO: LUA: A7LOG	472	10248420	630138	Day 1, Hour 13 (3 Mirtul, 1369)	WORLD_QUICKLOOT	^0xffd6bd9fJaheira^-: ^0xffd7c8a0Nature's servant awaits.^-
2026-09-04 14:11:45.513 BaldursGateIIEnhancedEdition[85223:118479367] INFO: LUA: A7LOG	473	10249020	630827	Day 1, Hour 13 (3 Mirtul, 1369)	WORLD_QUICKLOOT	^0xffd6bd9fJaheira^-: ^0xffd7c8a0As you would have it.^-
2026-09-04 14:11:46.239 BaldursGateIIEnhancedEdition[85223:118479367] INFO: scanning:(0) $HOME/Library/Application Support/Steam/steamapps/common/Baldur's Gate II Enhanced Edition/override
2026-09-04 14:11:46.254 BaldursGateIIEnhancedEdition[85223:118479367] INFO: scanning:(1) $HOME/Library/Application Support/Steam/steamapps/common/Baldur's Gate II Enhanced Edition/scripts
2026-09-04 14:11:46.254 BaldursGateIIEnhancedEdition[85223:118479367] INFO: scanning:(2) $HOME/Library/Application Support/Steam/steamapps/common/Baldur's Gate II Enhanced Edition/sounds
2026-09-04 14:11:46.254 BaldursGateIIEnhancedEdition[85223:118479367] INFO: scanning:(3) $HOME/Library/Application Support/Steam/steamapps/common/Baldur's Gate II Enhanced Edition/lang/en_US/sounds
2026-09-04 14:11:46.258 BaldursGateIIEnhancedEdition[85223:118479367] INFO: scanning:(4) $HOME/Library/Application Support/Steam/steamapps/common/Baldur's Gate II Enhanced Edition/portraits
2026-09-04 14:11:46.258 BaldursGateIIEnhancedEdition[85223:118479367] INFO: scanning:(5) $HOME/Library/Application Support/Steam/steamapps/common/Baldur's Gate II Enhanced Edition/characters
2026-09-04 14:11:46.258 BaldursGateIIEnhancedEdition[85223:118479367] INFO: scanning:(6) $HOME/Library/Application Support/Steam/steamapps/common/Baldur's Gate II Enhanced Edition/movies
2026-09-04 14:11:46.258 BaldursGateIIEnhancedEdition[85223:118479367] INFO: scanning:(7) $HOME/Library/Application Support/Steam/steamapps/common/Baldur's Gate II Enhanced Edition/lang/en_US/movies
2026-09-04 14:11:46.258 BaldursGateIIEnhancedEdition[85223:118479367] INFO: scanning:(8) $HOME/Documents/Baldur's Gate II - Enhanced Edition/override
2026-09-04 14:11:46.258 BaldursGateIIEnhancedEdition[85223:118479367] INFO: scanning:(9) $HOME/Documents/Baldur's Gate II - Enhanced Edition/scripts
2026-09-04 14:11:46.258 BaldursGateIIEnhancedEdition[85223:118479367] INFO: scanning:(10) $HOME/Documents/Baldur's Gate II - Enhanced Edition/sounds
2026-09-04 14:11:46.258 BaldursGateIIEnhancedEdition[85223:118479367] INFO: scanning:(11) $HOME/Documents/Baldur's Gate II - Enhanced Edition/portraits
2026-09-04 14:11:46.259 BaldursGateIIEnhancedEdition[85223:118479367] INFO: scanning:(12) $HOME/Documents/Baldur's Gate II - Enhanced Edition/characters
2026-09-04 14:11:46.259 BaldursGateIIEnhancedEdition[85223:118479367] INFO: scanning:(13) $HOME/Documents/Baldur's Gate II - Enhanced Edition/movies
2026-09-04 14:11:46.289 BaldursGateIIEnhancedEdition[85223:118479367] INFO: scanning:(0) $HOME/Library/Application Support/Steam/steamapps/common/Baldur's Gate II Enhanced Edition/override
2026-09-04 14:11:46.291 BaldursGateIIEnhancedEdition[85223:118479367] INFO: scanning:(1) $HOME/Library/Application Support/Steam/steamapps/common/Baldur's Gate II Enhanced Edition/scripts
2026-09-04 14:11:46.291 BaldursGateIIEnhancedEdition[85223:118479367] INFO: scanning:(2) $HOME/Library/Application Support/Steam/steamapps/common/Baldur's Gate II Enhanced Edition/sounds
2026-09-04 14:11:46.291 BaldursGateIIEnhancedEdition[85223:118479367] INFO: scanning:(3) $HOME/Library/Application Support/Steam/steamapps/common/Baldur's Gate II Enhanced Edition/lang/en_US/sounds
2026-09-04 14:11:46.291 BaldursGateIIEnhancedEdition[85223:118479367] INFO: scanning:(4) $HOME/Library/Application Support/Steam/steamapps/common/Baldur's Gate II Enhanced Edition/portraits
2026-09-04 14:11:46.291 BaldursGateIIEnhancedEdition[85223:118479367] INFO: scanning:(5) $HOME/Library/Application Support/Steam/steamapps/common/Baldur's Gate II Enhanced Edition/characters
2026-09-04 14:11:46.291 BaldursGateIIEnhancedEdition[85223:118479367] INFO: scanning:(6) $HOME/Library/Application Support/Steam/steamapps/common/Baldur's Gate II Enhanced Edition/movies
2026-09-04 14:11:46.291 BaldursGateIIEnhancedEdition[85223:118479367] INFO: scanning:(7) $HOME/Library/Application Support/Steam/steamapps/common/Baldur's Gate II Enhanced Edition/lang/en_US/movies
2026-09-04 14:11:46.291 BaldursGateIIEnhancedEdition[85223:118479367] INFO: scanning:(8) $HOME/Documents/Baldur's Gate II - Enhanced Edition/override
2026-09-04 14:11:46.291 BaldursGateIIEnhancedEdition[85223:118479367] INFO: scanning:(9) $HOME/Documents/Baldur's Gate II - Enhanced Edition/scripts
2026-09-04 14:11:46.291 BaldursGateIIEnhancedEdition[85223:118479367] INFO: scanning:(10) $HOME/Documents/Baldur's Gate II - Enhanced Edition/sounds
2026-09-04 14:11:46.291 BaldursGateIIEnhancedEdition[85223:118479367] INFO: scanning:(11) $HOME/Documents/Baldur's Gate II - Enhanced Edition/portraits
2026-09-04 14:11:46.291 BaldursGateIIEnhancedEdition[85223:118479367] INFO: scanning:(12) $HOME/Documents/Baldur's Gate II - Enhanced Edition/characters
2026-09-04 14:11:46.291 BaldursGateIIEnhancedEdition[85223:118479367] INFO: scanning:(13) $HOME/Documents/Baldur's Gate II - Enhanced Edition/movies
2026-09-04 14:11:46.292 BaldursGateIIEnhancedEdition[85223:118479367] INFO: scanning:(0) $HOME/Library/Application Support/Steam/steamapps/common/Baldur's Gate II Enhanced Edition/override
2026-09-04 14:11:46.294 BaldursGateIIEnhancedEdition[85223:118479367] INFO: scanning:(1) $HOME/Library/Application Support/Steam/steamapps/common/Baldur's Gate II Enhanced Edition/scripts
2026-09-04 14:11:46.294 BaldursGateIIEnhancedEdition[85223:118479367] INFO: scanning:(2) $HOME/Library/Application Support/Steam/steamapps/common/Baldur's Gate II Enhanced Edition/sounds
2026-09-04 14:11:46.294 BaldursGateIIEnhancedEdition[85223:118479367] INFO: scanning:(3) $HOME/Library/Application Support/Steam/steamapps/common/Baldur's Gate II Enhanced Edition/lang/en_US/sounds
2026-09-04 14:11:46.294 BaldursGateIIEnhancedEdition[85223:118479367] INFO: scanning:(4) $HOME/Library/Application Support/Steam/steamapps/common/Baldur's Gate II Enhanced Edition/portraits
2026-09-04 14:11:46.294 BaldursGateIIEnhancedEdition[85223:118479367] INFO: scanning:(5) $HOME/Library/Application Support/Steam/steamapps/common/Baldur's Gate II Enhanced Edition/characters
2026-09-04 14:11:46.294 BaldursGateIIEnhancedEdition[85223:118479367] INFO: scanning:(6) $HOME/Library/Application Support/Steam/steamapps/common/Baldur's Gate II Enhanced Edition/movies
2026-09-04 14:11:46.294 BaldursGateIIEnhancedEdition[85223:118479367] INFO: scanning:(7) $HOME/Library/Application Support/Steam/steamapps/common/Baldur's Gate II Enhanced Edition/lang/en_US/movies
2026-09-04 14:11:46.294 BaldursGateIIEnhancedEdition[85223:118479367] INFO: scanning:(8) $HOME/Documents/Baldur's Gate II - Enhanced Edition/override
2026-09-04 14:11:46.294 BaldursGateIIEnhancedEdition[85223:118479367] INFO: scanning:(9) $HOME/Documents/Baldur's Gate II - Enhanced Edition/scripts
2026-09-04 14:11:46.294 BaldursGateIIEnhancedEdition[85223:118479367] INFO: scanning:(10) $HOME/Documents/Baldur's Gate II - Enhanced Edition/sounds
2026-09-04 14:11:46.294 BaldursGateIIEnhancedEdition[85223:118479367] INFO: scanning:(11) $HOME/Documents/Baldur's Gate II - Enhanced Edition/portraits
2026-09-04 14:11:46.294 BaldursGateIIEnhancedEdition[85223:118479367] INFO: scanning:(12) $HOME/Documents/Baldur's Gate II - Enhanced Edition/characters
2026-09-04 14:11:46.294 BaldursGateIIEnhancedEdition[85223:118479367] INFO: scanning:(13) $HOME/Documents/Baldur's Gate II - Enhanced Edition/movies
2026-09-04 14:11:46.295 BaldursGateIIEnhancedEdition[85223:118479367] INFO: scanning:(0) $HOME/Library/Application Support/Steam/steamapps/common/Baldur's Gate II Enhanced Edition/override
2026-09-04 14:11:46.297 BaldursGateIIEnhancedEdition[85223:118479367] INFO: scanning:(1) $HOME/Library/Application Support/Steam/steamapps/common/Baldur's Gate II Enhanced Edition/scripts
2026-09-04 14:11:46.297 BaldursGateIIEnhancedEdition[85223:118479367] INFO: scanning:(2) $HOME/Library/Application Support/Steam/steamapps/common/Baldur's Gate II Enhanced Edition/sounds
2026-09-04 14:11:46.297 BaldursGateIIEnhancedEdition[85223:118479367] INFO: scanning:(3) $HOME/Library/Application Support/Steam/steamapps/common/Baldur's Gate II Enhanced Edition/lang/en_US/sounds
2026-09-04 14:11:46.297 BaldursGateIIEnhancedEdition[85223:118479367] INFO: scanning:(4) $HOME/Library/Application Support/Steam/steamapps/common/Baldur's Gate II Enhanced Edition/portraits
2026-09-04 14:11:46.297 BaldursGateIIEnhancedEdition[85223:118479367] INFO: scanning:(5) $HOME/Library/Application Support/Steam/steamapps/common/Baldur's Gate II Enhanced Edition/characters
2026-09-04 14:11:46.297 BaldursGateIIEnhancedEdition[85223:118479367] INFO: scanning:(6) $HOME/Library/Application Support/Steam/steamapps/common/Baldur's Gate II Enhanced Edition/movies
2026-09-04 14:11:46.297 BaldursGateIIEnhancedEdition[85223:118479367] INFO: scanning:(7) $HOME/Library/Application Support/Steam/steamapps/common/Baldur's Gate II Enhanced Edition/lang/en_US/movies
2026-09-04 14:11:46.297 BaldursGateIIEnhancedEdition[85223:118479367] INFO: scanning:(8) $HOME/Documents/Baldur's Gate II - Enhanced Edition/override
2026-09-04 14:11:46.297 BaldursGateIIEnhancedEdition[85223:118479367] INFO: scanning:(9) $HOME/Documents/Baldur's Gate II - Enhanced Edition/scripts
2026-09-04 14:11:46.297 BaldursGateIIEnhancedEdition[85223:118479367] INFO: scanning:(10) $HOME/Documents/Baldur's Gate II - Enhanced Edition/sounds
2026-09-04 14:11:46.297 BaldursGateIIEnhancedEdition[85223:118479367] INFO: scanning:(11) $HOME/Documents/Baldur's Gate II - Enhanced Edition/portraits
2026-09-04 14:11:46.297 BaldursGateIIEnhancedEdition[85223:118479367] INFO: scanning:(12) $HOME/Documents/Baldur's Gate II - Enhanced Edition/characters
2026-09-04 14:11:46.297 BaldursGateIIEnhancedEdition[85223:118479367] INFO: scanning:(13) $HOME/Documents/Baldur's Gate II - Enhanced Edition/movies
2026-09-04 14:11:46.298 BaldursGateIIEnhancedEdition[85223:118479367] INFO: scanning:(0) $HOME/Library/Application Support/Steam/steamapps/common/Baldur's Gate II Enhanced Edition/override
2026-09-04 14:11:46.300 BaldursGateIIEnhancedEdition[85223:118479367] INFO: scanning:(1) $HOME/Library/Application Support/Steam/steamapps/common/Baldur's Gate II Enhanced Edition/scripts
2026-09-04 14:11:46.300 BaldursGateIIEnhancedEdition[85223:118479367] INFO: scanning:(2) $HOME/Library/Application Support/Steam/steamapps/common/Baldur's Gate II Enhanced Edition/sounds
2026-09-04 14:11:46.300 BaldursGateIIEnhancedEdition[85223:118479367] INFO: scanning:(3) $HOME/Library/Application Support/Steam/steamapps/common/Baldur's Gate II Enhanced Edition/lang/en_US/sounds
2026-09-04 14:11:46.300 BaldursGateIIEnhancedEdition[85223:118479367] INFO: scanning:(4) $HOME/Library/Application Support/Steam/steamapps/common/Baldur's Gate II Enhanced Edition/portraits
2026-09-04 14:11:46.300 BaldursGateIIEnhancedEdition[85223:118479367] INFO: scanning:(5) $HOME/Library/Application Support/Steam/steamapps/common/Baldur's Gate II Enhanced Edition/characters
2026-09-04 14:11:46.300 BaldursGateIIEnhancedEdition[85223:118479367] INFO: scanning:(6) $HOME/Library/Application Support/Steam/steamapps/common/Baldur's Gate II Enhanced Edition/movies
2026-09-04 14:11:46.300 BaldursGateIIEnhancedEdition[85223:118479367] INFO: scanning:(7) $HOME/Library/Application Support/Steam/steamapps/common/Baldur's Gate II Enhanced Edition/lang/en_US/movies
2026-09-04 14:11:46.300 BaldursGateIIEnhancedEdition[85223:118479367] INFO: scanning:(8) $HOME/Documents/Baldur's Gate II - Enhanced Edition/override
2026-09-04 14:11:46.300 BaldursGateIIEnhancedEdition[85223:118479367] INFO: scanning:(9) $HOME/Documents/Baldur's Gate II - Enhanced Edition/scripts
2026-09-04 14:11:46.300 BaldursGateIIEnhancedEdition[85223:118479367] INFO: scanning:(10) $HOME/Documents/Baldur's Gate II - Enhanced Edition/sounds
2026-09-04 14:11:46.300 BaldursGateIIEnhancedEdition[85223:118479367] INFO: scanning:(11) $HOME/Documents/Baldur's Gate II - Enhanced Edition/portraits
2026-09-04 14:11:46.300 BaldursGateIIEnhancedEdition[85223:118479367] INFO: scanning:(12) $HOME/Documents/Baldur's Gate II - Enhanced Edition/characters
2026-09-04 14:11:46.300 BaldursGateIIEnhancedEdition[85223:118479367] INFO: scanning:(13) $HOME/Documents/Baldur's Gate II - Enhanced Edition/movies
2026-09-04 14:11:46.308 BaldursGateIIEnhancedEdition[85223:118479367] INFO: scanning:(0) $HOME/Library/Application Support/Steam/steamapps/common/Baldur's Gate II Enhanced Edition/override
2026-09-04 14:11:46.310 BaldursGateIIEnhancedEdition[85223:118479367] INFO: scanning:(1) $HOME/Library/Application Support/Steam/steamapps/common/Baldur's Gate II Enhanced Edition/scripts
2026-09-04 14:11:46.310 BaldursGateIIEnhancedEdition[85223:118479367] INFO: scanning:(2) $HOME/Library/Application Support/Steam/steamapps/common/Baldur's Gate II Enhanced Edition/sounds
2026-09-04 14:11:46.310 BaldursGateIIEnhancedEdition[85223:118479367] INFO: scanning:(3) $HOME/Library/Application Support/Steam/steamapps/common/Baldur's Gate II Enhanced Edition/lang/en_US/sounds
2026-09-04 14:11:46.310 BaldursGateIIEnhancedEdition[85223:118479367] INFO: scanning:(4) $HOME/Library/Application Support/Steam/steamapps/common/Baldur's Gate II Enhanced Edition/portraits
2026-09-04 14:11:46.310 BaldursGateIIEnhancedEdition[85223:118479367] INFO: scanning:(5) $HOME/Library/Application Support/Steam/steamapps/common/Baldur's Gate II Enhanced Edition/characters
2026-09-04 14:11:46.310 BaldursGateIIEnhancedEdition[85223:118479367] INFO: scanning:(6) $HOME/Library/Application Support/Steam/steamapps/common/Baldur's Gate II Enhanced Edition/movies
2026-09-04 14:11:46.310 BaldursGateIIEnhancedEdition[85223:118479367] INFO: scanning:(7) $HOME/Library/Application Support/Steam/steamapps/common/Baldur's Gate II Enhanced Edition/lang/en_US/movies
2026-09-04 14:11:46.310 BaldursGateIIEnhancedEdition[85223:118479367] INFO: scanning:(8) $HOME/Documents/Baldur's Gate II - Enhanced Edition/override
2026-09-04 14:11:46.310 BaldursGateIIEnhancedEdition[85223:118479367] INFO: scanning:(9) $HOME/Documents/Baldur's Gate II - Enhanced Edition/scripts
2026-09-04 14:11:46.310 BaldursGateIIEnhancedEdition[85223:118479367] INFO: scanning:(10) $HOME/Documents/Baldur's Gate II - Enhanced Edition/sounds
2026-09-04 14:11:46.310 BaldursGateIIEnhancedEdition[85223:118479367] INFO: scanning:(11) $HOME/Documents/Baldur's Gate II - Enhanced Edition/portraits
2026-09-04 14:11:46.310 BaldursGateIIEnhancedEdition[85223:118479367] INFO: scanning:(12) $HOME/Documents/Baldur's Gate II - Enhanced Edition/characters
2026-09-04 14:11:46.310 BaldursGateIIEnhancedEdition[85223:118479367] INFO: scanning:(13) $HOME/Documents/Baldur's Gate II - Enhanced Edition/movies
2026-09-04 14:11:46.311 BaldursGateIIEnhancedEdition[85223:118479367] INFO: scanning:(0) $HOME/Library/Application Support/Steam/steamapps/common/Baldur's Gate II Enhanced Edition/override
2026-09-04 14:11:46.313 BaldursGateIIEnhancedEdition[85223:118479367] INFO: scanning:(1) $HOME/Library/Application Support/Steam/steamapps/common/Baldur's Gate II Enhanced Edition/scripts
2026-09-04 14:11:46.313 BaldursGateIIEnhancedEdition[85223:118479367] INFO: scanning:(2) $HOME/Library/Application Support/Steam/steamapps/common/Baldur's Gate II Enhanced Edition/sounds
2026-09-04 14:11:46.313 BaldursGateIIEnhancedEdition[85223:118479367] INFO: scanning:(3) $HOME/Library/Application Support/Steam/steamapps/common/Baldur's Gate II Enhanced Edition/lang/en_US/sounds
2026-09-04 14:11:46.313 BaldursGateIIEnhancedEdition[85223:118479367] INFO: scanning:(4) $HOME/Library/Application Support/Steam/steamapps/common/Baldur's Gate II Enhanced Edition/portraits
2026-09-04 14:11:46.313 BaldursGateIIEnhancedEdition[85223:118479367] INFO: scanning:(5) $HOME/Library/Application Support/Steam/steamapps/common/Baldur's Gate II Enhanced Edition/characters
2026-09-04 14:11:46.313 BaldursGateIIEnhancedEdition[85223:118479367] INFO: scanning:(6) $HOME/Library/Application Support/Steam/steamapps/common/Baldur's Gate II Enhanced Edition/movies
2026-09-04 14:11:46.313 BaldursGateIIEnhancedEdition[85223:118479367] INFO: scanning:(7) $HOME/Library/Application Support/Steam/steamapps/common/Baldur's Gate II Enhanced Edition/lang/en_US/movies
2026-09-04 14:11:46.313 BaldursGateIIEnhancedEdition[85223:118479367] INFO: scanning:(8) $HOME/Documents/Baldur's Gate II - Enhanced Edition/override
2026-09-04 14:11:46.313 BaldursGateIIEnhancedEdition[85223:118479367] INFO: scanning:(9) $HOME/Documents/Baldur's Gate II - Enhanced Edition/scripts
2026-09-04 14:11:46.313 BaldursGateIIEnhancedEdition[85223:118479367] INFO: scanning:(10) $HOME/Documents/Baldur's Gate II - Enhanced Edition/sounds
2026-09-04 14:11:46.313 BaldursGateIIEnhancedEdition[85223:118479367] INFO: scanning:(11) $HOME/Documents/Baldur's Gate II - Enhanced Edition/portraits
2026-09-04 14:11:46.313 BaldursGateIIEnhancedEdition[85223:118479367] INFO: scanning:(12) $HOME/Documents/Baldur's Gate II - Enhanced Edition/characters
2026-09-04 14:11:46.313 BaldursGateIIEnhancedEdition[85223:118479367] INFO: scanning:(13) $HOME/Documents/Baldur's Gate II - Enhanced Edition/movies
2026-09-04 14:11:46.314 BaldursGateIIEnhancedEdition[85223:118479367] INFO: scanning:(0) $HOME/Library/Application Support/Steam/steamapps/common/Baldur's Gate II Enhanced Edition/override
2026-09-04 14:11:46.316 BaldursGateIIEnhancedEdition[85223:118479367] INFO: scanning:(1) $HOME/Library/Application Support/Steam/steamapps/common/Baldur's Gate II Enhanced Edition/scripts
2026-09-04 14:11:46.316 BaldursGateIIEnhancedEdition[85223:118479367] INFO: scanning:(2) $HOME/Library/Application Support/Steam/steamapps/common/Baldur's Gate II Enhanced Edition/sounds
2026-09-04 14:11:46.316 BaldursGateIIEnhancedEdition[85223:118479367] INFO: scanning:(3) $HOME/Library/Application Support/Steam/steamapps/common/Baldur's Gate II Enhanced Edition/lang/en_US/sounds
2026-09-04 14:11:46.316 BaldursGateIIEnhancedEdition[85223:118479367] INFO: scanning:(4) $HOME/Library/Application Support/Steam/steamapps/common/Baldur's Gate II Enhanced Edition/portraits
2026-09-04 14:11:46.316 BaldursGateIIEnhancedEdition[85223:118479367] INFO: scanning:(5) $HOME/Library/Application Support/Steam/steamapps/common/Baldur's Gate II Enhanced Edition/characters
2026-09-04 14:11:46.316 BaldursGateIIEnhancedEdition[85223:118479367] INFO: scanning:(6) $HOME/Library/Application Support/Steam/steamapps/common/Baldur's Gate II Enhanced Edition/movies
2026-09-04 14:11:46.316 BaldursGateIIEnhancedEdition[85223:118479367] INFO: scanning:(7) $HOME/Library/Application Support/Steam/steamapps/common/Baldur's Gate II Enhanced Edition/lang/en_US/movies
2026-09-04 14:11:46.316 BaldursGateIIEnhancedEdition[85223:118479367] INFO: scanning:(8) $HOME/Documents/Baldur's Gate II - Enhanced Edition/override
2026-09-04 14:11:46.316 BaldursGateIIEnhancedEdition[85223:118479367] INFO: scanning:(9) $HOME/Documents/Baldur's Gate II - Enhanced Edition/scripts
2026-09-04 14:11:46.316 BaldursGateIIEnhancedEdition[85223:118479367] INFO: scanning:(10) $HOME/Documents/Baldur's Gate II - Enhanced Edition/sounds
2026-09-04 14:11:46.316 BaldursGateIIEnhancedEdition[85223:118479367] INFO: scanning:(11) $HOME/Documents/Baldur's Gate II - Enhanced Edition/portraits
2026-09-04 14:11:46.316 BaldursGateIIEnhancedEdition[85223:118479367] INFO: scanning:(12) $HOME/Documents/Baldur's Gate II - Enhanced Edition/characters
2026-09-04 14:11:46.316 BaldursGateIIEnhancedEdition[85223:118479367] INFO: scanning:(13) $HOME/Documents/Baldur's Gate II - Enhanced Edition/movies
2026-09-04 14:11:46.317 BaldursGateIIEnhancedEdition[85223:118479367] INFO: scanning:(0) $HOME/Library/Application Support/Steam/steamapps/common/Baldur's Gate II Enhanced Edition/override
2026-09-04 14:11:46.318 BaldursGateIIEnhancedEdition[85223:118479367] INFO: scanning:(1) $HOME/Library/Application Support/Steam/steamapps/common/Baldur's Gate II Enhanced Edition/scripts
2026-09-04 14:11:46.318 BaldursGateIIEnhancedEdition[85223:118479367] INFO: scanning:(2) $HOME/Library/Application Support/Steam/steamapps/common/Baldur's Gate II Enhanced Edition/sounds
2026-09-04 14:11:46.318 BaldursGateIIEnhancedEdition[85223:118479367] INFO: scanning:(3) $HOME/Library/Application Support/Steam/steamapps/common/Baldur's Gate II Enhanced Edition/lang/en_US/sounds
2026-09-04 14:11:46.319 BaldursGateIIEnhancedEdition[85223:118479367] INFO: scanning:(4) $HOME/Library/Application Support/Steam/steamapps/common/Baldur's Gate II Enhanced Edition/portraits
2026-09-04 14:11:46.319 BaldursGateIIEnhancedEdition[85223:118479367] INFO: scanning:(5) $HOME/Library/Application Support/Steam/steamapps/common/Baldur's Gate II Enhanced Edition/characters
2026-09-04 14:11:46.319 BaldursGateIIEnhancedEdition[85223:118479367] INFO: scanning:(6) $HOME/Library/Application Support/Steam/steamapps/common/Baldur's Gate II Enhanced Edition/movies
2026-09-04 14:11:46.319 BaldursGateIIEnhancedEdition[85223:118479367] INFO: scanning:(7) $HOME/Library/Application Support/Steam/steamapps/common/Baldur's Gate II Enhanced Edition/lang/en_US/movies
2026-09-04 14:11:46.319 BaldursGateIIEnhancedEdition[85223:118479367] INFO: scanning:(8) $HOME/Documents/Baldur's Gate II - Enhanced Edition/override
2026-09-04 14:11:46.319 BaldursGateIIEnhancedEdition[85223:118479367] INFO: scanning:(9) $HOME/Documents/Baldur's Gate II - Enhanced Edition/scripts
2026-09-04 14:11:46.319 BaldursGateIIEnhancedEdition[85223:118479367] INFO: scanning:(10) $HOME/Documents/Baldur's Gate II - Enhanced Edition/sounds
2026-09-04 14:11:46.319 BaldursGateIIEnhancedEdition[85223:118479367] INFO: scanning:(11) $HOME/Documents/Baldur's Gate II - Enhanced Edition/portraits
2026-09-04 14:11:46.319 BaldursGateIIEnhancedEdition[85223:118479367] INFO: scanning:(12) $HOME/Documents/Baldur's Gate II - Enhanced Edition/characters
2026-09-04 14:11:46.319 BaldursGateIIEnhancedEdition[85223:118479367] INFO: scanning:(13) $HOME/Documents/Baldur's Gate II - Enhanced Edition/movies
2026-09-04 14:11:46.320 BaldursGateIIEnhancedEdition[85223:118479367] INFO: scanning:(0) $HOME/Library/Application Support/Steam/steamapps/common/Baldur's Gate II Enhanced Edition/override
2026-09-04 14:11:46.321 BaldursGateIIEnhancedEdition[85223:118479367] INFO: scanning:(1) $HOME/Library/Application Support/Steam/steamapps/common/Baldur's Gate II Enhanced Edition/scripts
2026-09-04 14:11:46.321 BaldursGateIIEnhancedEdition[85223:118479367] INFO: scanning:(2) $HOME/Library/Application Support/Steam/steamapps/common/Baldur's Gate II Enhanced Edition/sounds
2026-09-04 14:11:46.321 BaldursGateIIEnhancedEdition[85223:118479367] INFO: scanning:(3) $HOME/Library/Application Support/Steam/steamapps/common/Baldur's Gate II Enhanced Edition/lang/en_US/sounds
2026-09-04 14:11:46.321 BaldursGateIIEnhancedEdition[85223:118479367] INFO: scanning:(4) $HOME/Library/Application Support/Steam/steamapps/common/Baldur's Gate II Enhanced Edition/portraits
2026-09-04 14:11:46.321 BaldursGateIIEnhancedEdition[85223:118479367] INFO: scanning:(5) $HOME/Library/Application Support/Steam/steamapps/common/Baldur's Gate II Enhanced Edition/characters
2026-09-04 14:11:46.321 BaldursGateIIEnhancedEdition[85223:118479367] INFO: scanning:(6) $HOME/Library/Application Support/Steam/steamapps/common/Baldur's Gate II Enhanced Edition/movies
2026-09-04 14:11:46.321 BaldursGateIIEnhancedEdition[85223:118479367] INFO: scanning:(7) $HOME/Library/Application Support/Steam/steamapps/common/Baldur's Gate II Enhanced Edition/lang/en_US/movies
2026-09-04 14:11:46.321 BaldursGateIIEnhancedEdition[85223:118479367] INFO: scanning:(8) $HOME/Documents/Baldur's Gate II - Enhanced Edition/override
2026-09-04 14:11:46.321 BaldursGateIIEnhancedEdition[85223:118479367] INFO: scanning:(9) $HOME/Documents/Baldur's Gate II - Enhanced Edition/scripts
2026-09-04 14:11:46.322 BaldursGateIIEnhancedEdition[85223:118479367] INFO: scanning:(10) $HOME/Documents/Baldur's Gate II - Enhanced Edition/sounds
2026-09-04 14:11:46.322 BaldursGateIIEnhancedEdition[85223:118479367] INFO: scanning:(11) $HOME/Documents/Baldur's Gate II - Enhanced Edition/portraits
2026-09-04 14:11:46.322 BaldursGateIIEnhancedEdition[85223:118479367] INFO: scanning:(12) $HOME/Documents/Baldur's Gate II - Enhanced Edition/characters
2026-09-04 14:11:46.322 BaldursGateIIEnhancedEdition[85223:118479367] INFO: scanning:(13) $HOME/Documents/Baldur's Gate II - Enhanced Edition/movies
2026-09-04 14:11:46.325 BaldursGateIIEnhancedEdition[85223:118479367] INFO: LUA: A7LOG	474	10249620	631639	Day 1, Hour 13 (3 Mirtul, 1369)	WORLD_QUICKLOOT	^0xff0cff3fQuick save successful.^-
2026-09-04 14:11:46.580 BaldursGateIIEnhancedEdition[85223:118479367] INFO: LUA: A7LOG	475	10249860	631894	Day 1, Hour 13 (3 Mirtul, 1369)	WORLD_QUICKLOOT	^0xffffb3f3Imoen^-: ^0xffbed7d7Stopped Detecting Traps / Illusions^-
2026-09-04 14:11:46.700 BaldursGateIIEnhancedEdition[85223:118479367] INFO: LUA: A7LOG	476	10249860	632014	Day 1, Hour 13 (3 Mirtul, 1369)	WORLD_DIALOG_CONFIRM	^0xffffb3f3Imoen^-: ^0xffbed7d7Oh... this reminds me so much of Candlekeep. Dusty old tomes all over, bookcases nearly spilling. It's... like we never left...^-
2026-09-04 14:11:47.858 BaldursGateIIEnhancedEdition[85223:118479367] INFO: LUA: A7LOG	477	10249860	633172	Day 1, Hour 13 (3 Mirtul, 1369)	WORLD_DIALOG_CONFIRM	^0xffffb3f3Imoen^-: ^0xffbed7d7But we did, didn't we? Booprikt, I just want to go home again. It doesn't matter where it is, just so long as I can call it home.^-
2026-09-04 14:11:48.305 BaldursGateIIEnhancedEdition[85223:118479367] INFO: LUA: A7LOG	478	10249920	633619	Day 1, Hour 13 (3 Mirtul, 1369)	WORLD_QUICKLOOT	^0xffffb3f3Imoen^-: ^0xffbed7d7Detecting Traps / Illusions^-
2026-09-04 14:11:53.871 BaldursGateIIEnhancedEdition[85223:118479367] INFO: LUA: A7LOG	479	10254720	639185	Day 1, Hour 13 (3 Mirtul, 1369)	WORLD_QUICKLOOT	^0xffd6bd9fJaheira^-: ^0xffd7c8a0I await your need.^-
2026-09-04 14:11:54.804 BaldursGateIIEnhancedEdition[85223:118479367] INFO: LUA: A7LOG	480	10255560	640118	Day 1, Hour 13 (3 Mirtul, 1369)	WORLD_QUICKLOOT	^0xffd6bd9fJaheira^-: ^0xffd7c8a0It is done.^-
2026-09-04 14:11:58.175 BaldursGateIIEnhancedEdition[85223:118479367] INFO: scanning:(0) $HOME/Library/Application Support/Steam/steamapps/common/Baldur's Gate II Enhanced Edition/override
2026-09-04 14:11:58.179 BaldursGateIIEnhancedEdition[85223:118479367] INFO: scanning:(1) $HOME/Library/Application Support/Steam/steamapps/common/Baldur's Gate II Enhanced Edition/scripts
2026-09-04 14:11:58.179 BaldursGateIIEnhancedEdition[85223:118479367] INFO: scanning:(2) $HOME/Library/Application Support/Steam/steamapps/common/Baldur's Gate II Enhanced Edition/sounds
2026-09-04 14:11:58.179 BaldursGateIIEnhancedEdition[85223:118479367] INFO: scanning:(3) $HOME/Library/Application Support/Steam/steamapps/common/Baldur's Gate II Enhanced Edition/lang/en_US/sounds
2026-09-04 14:11:58.179 BaldursGateIIEnhancedEdition[85223:118479367] INFO: scanning:(4) $HOME/Library/Application Support/Steam/steamapps/common/Baldur's Gate II Enhanced Edition/portraits
2026-09-04 14:11:58.179 BaldursGateIIEnhancedEdition[85223:118479367] INFO: scanning:(5) $HOME/Library/Application Support/Steam/steamapps/common/Baldur's Gate II Enhanced Edition/characters
2026-09-04 14:11:58.179 BaldursGateIIEnhancedEdition[85223:118479367] INFO: scanning:(6) $HOME/Library/Application Support/Steam/steamapps/common/Baldur's Gate II Enhanced Edition/movies
2026-09-04 14:11:58.179 BaldursGateIIEnhancedEdition[85223:118479367] INFO: scanning:(7) $HOME/Library/Application Support/Steam/steamapps/common/Baldur's Gate II Enhanced Edition/lang/en_US/movies
2026-09-04 14:11:58.179 BaldursGateIIEnhancedEdition[85223:118479367] INFO: scanning:(8) $HOME/Documents/Baldur's Gate II - Enhanced Edition/override
2026-09-04 14:11:58.179 BaldursGateIIEnhancedEdition[85223:118479367] INFO: scanning:(9) $HOME/Documents/Baldur's Gate II - Enhanced Edition/scripts
2026-09-04 14:11:58.179 BaldursGateIIEnhancedEdition[85223:118479367] INFO: scanning:(10) $HOME/Documents/Baldur's Gate II - Enhanced Edition/sounds
2026-09-04 14:11:58.179 BaldursGateIIEnhancedEdition[85223:118479367] INFO: scanning:(11) $HOME/Documents/Baldur's Gate II - Enhanced Edition/portraits
2026-09-04 14:11:58.179 BaldursGateIIEnhancedEdition[85223:118479367] INFO: scanning:(12) $HOME/Documents/Baldur's Gate II - Enhanced Edition/characters
2026-09-04 14:11:58.179 BaldursGateIIEnhancedEdition[85223:118479367] INFO: scanning:(13) $HOME/Documents/Baldur's Gate II - Enhanced Edition/movies
2026-09-04 14:11:58.211 BaldursGateIIEnhancedEdition[85223:118479367] INFO: scanning:(0) $HOME/Library/Application Support/Steam/steamapps/common/Baldur's Gate II Enhanced Edition/override
2026-09-04 14:11:58.213 BaldursGateIIEnhancedEdition[85223:118479367] INFO: scanning:(1) $HOME/Library/Application Support/Steam/steamapps/common/Baldur's Gate II Enhanced Edition/scripts
2026-09-04 14:11:58.213 BaldursGateIIEnhancedEdition[85223:118479367] INFO: scanning:(2) $HOME/Library/Application Support/Steam/steamapps/common/Baldur's Gate II Enhanced Edition/sounds
2026-09-04 14:11:58.213 BaldursGateIIEnhancedEdition[85223:118479367] INFO: scanning:(3) $HOME/Library/Application Support/Steam/steamapps/common/Baldur's Gate II Enhanced Edition/lang/en_US/sounds
2026-09-04 14:11:58.213 BaldursGateIIEnhancedEdition[85223:118479367] INFO: scanning:(4) $HOME/Library/Application Support/Steam/steamapps/common/Baldur's Gate II Enhanced Edition/portraits
2026-09-04 14:11:58.213 BaldursGateIIEnhancedEdition[85223:118479367] INFO: scanning:(5) $HOME/Library/Application Support/Steam/steamapps/common/Baldur's Gate II Enhanced Edition/characters
2026-09-04 14:11:58.213 BaldursGateIIEnhancedEdition[85223:118479367] INFO: scanning:(6) $HOME/Library/Application Support/Steam/steamapps/common/Baldur's Gate II Enhanced Edition/movies
2026-09-04 14:11:58.213 BaldursGateIIEnhancedEdition[85223:118479367] INFO: scanning:(7) $HOME/Library/Application Support/Steam/steamapps/common/Baldur's Gate II Enhanced Edition/lang/en_US/movies
2026-09-04 14:11:58.213 BaldursGateIIEnhancedEdition[85223:118479367] INFO: scanning:(8) $HOME/Documents/Baldur's Gate II - Enhanced Edition/override
2026-09-04 14:11:58.213 BaldursGateIIEnhancedEdition[85223:118479367] INFO: scanning:(9) $HOME/Documents/Baldur's Gate II - Enhanced Edition/scripts
2026-09-04 14:11:58.213 BaldursGateIIEnhancedEdition[85223:118479367] INFO: scanning:(10) $HOME/Documents/Baldur's Gate II - Enhanced Edition/sounds
2026-09-04 14:11:58.213 BaldursGateIIEnhancedEdition[85223:118479367] INFO: scanning:(11) $HOME/Documents/Baldur's Gate II - Enhanced Edition/portraits
2026-09-04 14:11:58.213 BaldursGateIIEnhancedEdition[85223:118479367] INFO: scanning:(12) $HOME/Documents/Baldur's Gate II - Enhanced Edition/characters
2026-09-04 14:11:58.213 BaldursGateIIEnhancedEdition[85223:118479367] INFO: scanning:(13) $HOME/Documents/Baldur's Gate II - Enhanced Edition/movies
2026-09-04 14:11:58.215 BaldursGateIIEnhancedEdition[85223:118479367] INFO: scanning:(0) $HOME/Library/Application Support/Steam/steamapps/common/Baldur's Gate II Enhanced Edition/override
2026-09-04 14:11:58.216 BaldursGateIIEnhancedEdition[85223:118479367] INFO: scanning:(1) $HOME/Library/Application Support/Steam/steamapps/common/Baldur's Gate II Enhanced Edition/scripts
2026-09-04 14:11:58.216 BaldursGateIIEnhancedEdition[85223:118479367] INFO: scanning:(2) $HOME/Library/Application Support/Steam/steamapps/common/Baldur's Gate II Enhanced Edition/sounds
2026-09-04 14:11:58.216 BaldursGateIIEnhancedEdition[85223:118479367] INFO: scanning:(3) $HOME/Library/Application Support/Steam/steamapps/common/Baldur's Gate II Enhanced Edition/lang/en_US/sounds
2026-09-04 14:11:58.216 BaldursGateIIEnhancedEdition[85223:118479367] INFO: scanning:(4) $HOME/Library/Application Support/Steam/steamapps/common/Baldur's Gate II Enhanced Edition/portraits
2026-09-04 14:11:58.217 BaldursGateIIEnhancedEdition[85223:118479367] INFO: scanning:(5) $HOME/Library/Application Support/Steam/steamapps/common/Baldur's Gate II Enhanced Edition/characters
2026-09-04 14:11:58.217 BaldursGateIIEnhancedEdition[85223:118479367] INFO: scanning:(6) $HOME/Library/Application Support/Steam/steamapps/common/Baldur's Gate II Enhanced Edition/movies
2026-09-04 14:11:58.217 BaldursGateIIEnhancedEdition[85223:118479367] INFO: scanning:(7) $HOME/Library/Application Support/Steam/steamapps/common/Baldur's Gate II Enhanced Edition/lang/en_US/movies
2026-09-04 14:11:58.217 BaldursGateIIEnhancedEdition[85223:118479367] INFO: scanning:(8) $HOME/Documents/Baldur's Gate II - Enhanced Edition/override
2026-09-04 14:11:58.217 BaldursGateIIEnhancedEdition[85223:118479367] INFO: scanning:(9) $HOME/Documents/Baldur's Gate II - Enhanced Edition/scripts
2026-09-04 14:11:58.217 BaldursGateIIEnhancedEdition[85223:118479367] INFO: scanning:(10) $HOME/Documents/Baldur's Gate II - Enhanced Edition/sounds
2026-09-04 14:11:58.217 BaldursGateIIEnhancedEdition[85223:118479367] INFO: scanning:(11) $HOME/Documents/Baldur's Gate II - Enhanced Edition/portraits
2026-09-04 14:11:58.217 BaldursGateIIEnhancedEdition[85223:118479367] INFO: scanning:(12) $HOME/Documents/Baldur's Gate II - Enhanced Edition/characters
2026-09-04 14:11:58.217 BaldursGateIIEnhancedEdition[85223:118479367] INFO: scanning:(13) $HOME/Documents/Baldur's Gate II - Enhanced Edition/movies
2026-09-04 14:11:58.218 BaldursGateIIEnhancedEdition[85223:118479367] INFO: scanning:(0) $HOME/Library/Application Support/Steam/steamapps/common/Baldur's Gate II Enhanced Edition/override
2026-09-04 14:11:58.219 BaldursGateIIEnhancedEdition[85223:118479367] INFO: scanning:(1) $HOME/Library/Application Support/Steam/steamapps/common/Baldur's Gate II Enhanced Edition/scripts
2026-09-04 14:11:58.220 BaldursGateIIEnhancedEdition[85223:118479367] INFO: scanning:(2) $HOME/Library/Application Support/Steam/steamapps/common/Baldur's Gate II Enhanced Edition/sounds
2026-09-04 14:11:58.220 BaldursGateIIEnhancedEdition[85223:118479367] INFO: scanning:(3) $HOME/Library/Application Support/Steam/steamapps/common/Baldur's Gate II Enhanced Edition/lang/en_US/sounds
2026-09-04 14:11:58.220 BaldursGateIIEnhancedEdition[85223:118479367] INFO: scanning:(4) $HOME/Library/Application Support/Steam/steamapps/common/Baldur's Gate II Enhanced Edition/portraits
2026-09-04 14:11:58.220 BaldursGateIIEnhancedEdition[85223:118479367] INFO: scanning:(5) $HOME/Library/Application Support/Steam/steamapps/common/Baldur's Gate II Enhanced Edition/characters
2026-09-04 14:11:58.220 BaldursGateIIEnhancedEdition[85223:118479367] INFO: scanning:(6) $HOME/Library/Application Support/Steam/steamapps/common/Baldur's Gate II Enhanced Edition/movies
2026-09-04 14:11:58.220 BaldursGateIIEnhancedEdition[85223:118479367] INFO: scanning:(7) $HOME/Library/Application Support/Steam/steamapps/common/Baldur's Gate II Enhanced Edition/lang/en_US/movies
2026-09-04 14:11:58.220 BaldursGateIIEnhancedEdition[85223:118479367] INFO: scanning:(8) $HOME/Documents/Baldur's Gate II - Enhanced Edition/override
2026-09-04 14:11:58.220 BaldursGateIIEnhancedEdition[85223:118479367] INFO: scanning:(9) $HOME/Documents/Baldur's Gate II - Enhanced Edition/scripts
2026-09-04 14:11:58.220 BaldursGateIIEnhancedEdition[85223:118479367] INFO: scanning:(10) $HOME/Documents/Baldur's Gate II - Enhanced Edition/sounds
2026-09-04 14:11:58.220 BaldursGateIIEnhancedEdition[85223:118479367] INFO: scanning:(11) $HOME/Documents/Baldur's Gate II - Enhanced Edition/portraits
2026-09-04 14:11:58.220 BaldursGateIIEnhancedEdition[85223:118479367] INFO: scanning:(12) $HOME/Documents/Baldur's Gate II - Enhanced Edition/characters
2026-09-04 14:11:58.220 BaldursGateIIEnhancedEdition[85223:118479367] INFO: scanning:(13) $HOME/Documents/Baldur's Gate II - Enhanced Edition/movies
2026-09-04 14:11:58.221 BaldursGateIIEnhancedEdition[85223:118479367] INFO: scanning:(0) $HOME/Library/Application Support/Steam/steamapps/common/Baldur's Gate II Enhanced Edition/override
2026-09-04 14:11:58.223 BaldursGateIIEnhancedEdition[85223:118479367] INFO: scanning:(1) $HOME/Library/Application Support/Steam/steamapps/common/Baldur's Gate II Enhanced Edition/scripts
2026-09-04 14:11:58.223 BaldursGateIIEnhancedEdition[85223:118479367] INFO: scanning:(2) $HOME/Library/Application Support/Steam/steamapps/common/Baldur's Gate II Enhanced Edition/sounds
2026-09-04 14:11:58.223 BaldursGateIIEnhancedEdition[85223:118479367] INFO: scanning:(3) $HOME/Library/Application Support/Steam/steamapps/common/Baldur's Gate II Enhanced Edition/lang/en_US/sounds
2026-09-04 14:11:58.223 BaldursGateIIEnhancedEdition[85223:118479367] INFO: scanning:(4) $HOME/Library/Application Support/Steam/steamapps/common/Baldur's Gate II Enhanced Edition/portraits
2026-09-04 14:11:58.223 BaldursGateIIEnhancedEdition[85223:118479367] INFO: scanning:(5) $HOME/Library/Application Support/Steam/steamapps/common/Baldur's Gate II Enhanced Edition/characters
2026-09-04 14:11:58.223 BaldursGateIIEnhancedEdition[85223:118479367] INFO: scanning:(6) $HOME/Library/Application Support/Steam/steamapps/common/Baldur's Gate II Enhanced Edition/movies
2026-09-04 14:11:58.223 BaldursGateIIEnhancedEdition[85223:118479367] INFO: scanning:(7) $HOME/Library/Application Support/Steam/steamapps/common/Baldur's Gate II Enhanced Edition/lang/en_US/movies
2026-09-04 14:11:58.223 BaldursGateIIEnhancedEdition[85223:118479367] INFO: scanning:(8) $HOME/Documents/Baldur's Gate II - Enhanced Edition/override
2026-09-04 14:11:58.223 BaldursGateIIEnhancedEdition[85223:118479367] INFO: scanning:(9) $HOME/Documents/Baldur's Gate II - Enhanced Edition/scripts
2026-09-04 14:11:58.223 BaldursGateIIEnhancedEdition[85223:118479367] INFO: scanning:(10) $HOME/Documents/Baldur's Gate II - Enhanced Edition/sounds
2026-09-04 14:11:58.223 BaldursGateIIEnhancedEdition[85223:118479367] INFO: scanning:(11) $HOME/Documents/Baldur's Gate II - Enhanced Edition/portraits
2026-09-04 14:11:58.223 BaldursGateIIEnhancedEdition[85223:118479367] INFO: scanning:(12) $HOME/Documents/Baldur's Gate II - Enhanced Edition/characters
2026-09-04 14:11:58.223 BaldursGateIIEnhancedEdition[85223:118479367] INFO: scanning:(13) $HOME/Documents/Baldur's Gate II - Enhanced Edition/movies
2026-09-04 14:11:58.234 BaldursGateIIEnhancedEdition[85223:118479367] INFO: scanning:(0) $HOME/Library/Application Support/Steam/steamapps/common/Baldur's Gate II Enhanced Edition/override
2026-09-04 14:11:58.235 BaldursGateIIEnhancedEdition[85223:118479367] INFO: scanning:(1) $HOME/Library/Application Support/Steam/steamapps/common/Baldur's Gate II Enhanced Edition/scripts
2026-09-04 14:11:58.235 BaldursGateIIEnhancedEdition[85223:118479367] INFO: scanning:(2) $HOME/Library/Application Support/Steam/steamapps/common/Baldur's Gate II Enhanced Edition/sounds
2026-09-04 14:11:58.235 BaldursGateIIEnhancedEdition[85223:118479367] INFO: scanning:(3) $HOME/Library/Application Support/Steam/steamapps/common/Baldur's Gate II Enhanced Edition/lang/en_US/sounds
2026-09-04 14:11:58.236 BaldursGateIIEnhancedEdition[85223:118479367] INFO: scanning:(4) $HOME/Library/Application Support/Steam/steamapps/common/Baldur's Gate II Enhanced Edition/portraits
2026-09-04 14:11:58.236 BaldursGateIIEnhancedEdition[85223:118479367] INFO: scanning:(5) $HOME/Library/Application Support/Steam/steamapps/common/Baldur's Gate II Enhanced Edition/characters
2026-09-04 14:11:58.236 BaldursGateIIEnhancedEdition[85223:118479367] INFO: scanning:(6) $HOME/Library/Application Support/Steam/steamapps/common/Baldur's Gate II Enhanced Edition/movies
2026-09-04 14:11:58.236 BaldursGateIIEnhancedEdition[85223:118479367] INFO: scanning:(7) $HOME/Library/Application Support/Steam/steamapps/common/Baldur's Gate II Enhanced Edition/lang/en_US/movies
2026-09-04 14:11:58.236 BaldursGateIIEnhancedEdition[85223:118479367] INFO: scanning:(8) $HOME/Documents/Baldur's Gate II - Enhanced Edition/override
2026-09-04 14:11:58.236 BaldursGateIIEnhancedEdition[85223:118479367] INFO: scanning:(9) $HOME/Documents/Baldur's Gate II - Enhanced Edition/scripts
2026-09-04 14:11:58.236 BaldursGateIIEnhancedEdition[85223:118479367] INFO: scanning:(10) $HOME/Documents/Baldur's Gate II - Enhanced Edition/sounds
2026-09-04 14:11:58.236 BaldursGateIIEnhancedEdition[85223:118479367] INFO: scanning:(11) $HOME/Documents/Baldur's Gate II - Enhanced Edition/portraits
2026-09-04 14:11:58.236 BaldursGateIIEnhancedEdition[85223:118479367] INFO: scanning:(12) $HOME/Documents/Baldur's Gate II - Enhanced Edition/characters
2026-09-04 14:11:58.236 BaldursGateIIEnhancedEdition[85223:118479367] INFO: scanning:(13) $HOME/Documents/Baldur's Gate II - Enhanced Edition/movies
2026-09-04 14:11:58.237 BaldursGateIIEnhancedEdition[85223:118479367] INFO: scanning:(0) $HOME/Library/Application Support/Steam/steamapps/common/Baldur's Gate II Enhanced Edition/override
2026-09-04 14:11:58.239 BaldursGateIIEnhancedEdition[85223:118479367] INFO: scanning:(1) $HOME/Library/Application Support/Steam/steamapps/common/Baldur's Gate II Enhanced Edition/scripts
2026-09-04 14:11:58.239 BaldursGateIIEnhancedEdition[85223:118479367] INFO: scanning:(2) $HOME/Library/Application Support/Steam/steamapps/common/Baldur's Gate II Enhanced Edition/sounds
2026-09-04 14:11:58.239 BaldursGateIIEnhancedEdition[85223:118479367] INFO: scanning:(3) $HOME/Library/Application Support/Steam/steamapps/common/Baldur's Gate II Enhanced Edition/lang/en_US/sounds
2026-09-04 14:11:58.239 BaldursGateIIEnhancedEdition[85223:118479367] INFO: scanning:(4) $HOME/Library/Application Support/Steam/steamapps/common/Baldur's Gate II Enhanced Edition/portraits
2026-09-04 14:11:58.239 BaldursGateIIEnhancedEdition[85223:118479367] INFO: scanning:(5) $HOME/Library/Application Support/Steam/steamapps/common/Baldur's Gate II Enhanced Edition/characters
2026-09-04 14:11:58.239 BaldursGateIIEnhancedEdition[85223:118479367] INFO: scanning:(6) $HOME/Library/Application Support/Steam/steamapps/common/Baldur's Gate II Enhanced Edition/movies
2026-09-04 14:11:58.239 BaldursGateIIEnhancedEdition[85223:118479367] INFO: scanning:(7) $HOME/Library/Application Support/Steam/steamapps/common/Baldur's Gate II Enhanced Edition/lang/en_US/movies
2026-09-04 14:11:58.239 BaldursGateIIEnhancedEdition[85223:118479367] INFO: scanning:(8) $HOME/Documents/Baldur's Gate II - Enhanced Edition/override
2026-09-04 14:11:58.239 BaldursGateIIEnhancedEdition[85223:118479367] INFO: scanning:(9) $HOME/Documents/Baldur's Gate II - Enhanced Edition/scripts
2026-09-04 14:11:58.239 BaldursGateIIEnhancedEdition[85223:118479367] INFO: scanning:(10) $HOME/Documents/Baldur's Gate II - Enhanced Edition/sounds
2026-09-04 14:11:58.239 BaldursGateIIEnhancedEdition[85223:118479367] INFO: scanning:(11) $HOME/Documents/Baldur's Gate II - Enhanced Edition/portraits
2026-09-04 14:11:58.239 BaldursGateIIEnhancedEdition[85223:118479367] INFO: scanning:(12) $HOME/Documents/Baldur's Gate II - Enhanced Edition/characters
2026-09-04 14:11:58.239 BaldursGateIIEnhancedEdition[85223:118479367] INFO: scanning:(13) $HOME/Documents/Baldur's Gate II - Enhanced Edition/movies
2026-09-04 14:11:58.240 BaldursGateIIEnhancedEdition[85223:118479367] INFO: scanning:(0) $HOME/Library/Application Support/Steam/steamapps/common/Baldur's Gate II Enhanced Edition/override
2026-09-04 14:11:58.242 BaldursGateIIEnhancedEdition[85223:118479367] INFO: scanning:(1) $HOME/Library/Application Support/Steam/steamapps/common/Baldur's Gate II Enhanced Edition/scripts
2026-09-04 14:11:58.242 BaldursGateIIEnhancedEdition[85223:118479367] INFO: scanning:(2) $HOME/Library/Application Support/Steam/steamapps/common/Baldur's Gate II Enhanced Edition/sounds
2026-09-04 14:11:58.242 BaldursGateIIEnhancedEdition[85223:118479367] INFO: scanning:(3) $HOME/Library/Application Support/Steam/steamapps/common/Baldur's Gate II Enhanced Edition/lang/en_US/sounds
2026-09-04 14:11:58.242 BaldursGateIIEnhancedEdition[85223:118479367] INFO: scanning:(4) $HOME/Library/Application Support/Steam/steamapps/common/Baldur's Gate II Enhanced Edition/portraits
2026-09-04 14:11:58.242 BaldursGateIIEnhancedEdition[85223:118479367] INFO: scanning:(5) $HOME/Library/Application Support/Steam/steamapps/common/Baldur's Gate II Enhanced Edition/characters
2026-09-04 14:11:58.242 BaldursGateIIEnhancedEdition[85223:118479367] INFO: scanning:(6) $HOME/Library/Application Support/Steam/steamapps/common/Baldur's Gate II Enhanced Edition/movies
2026-09-04 14:11:58.242 BaldursGateIIEnhancedEdition[85223:118479367] INFO: scanning:(7) $HOME/Library/Application Support/Steam/steamapps/common/Baldur's Gate II Enhanced Edition/lang/en_US/movies
2026-09-04 14:11:58.242 BaldursGateIIEnhancedEdition[85223:118479367] INFO: scanning:(8) $HOME/Documents/Baldur's Gate II - Enhanced Edition/override
2026-09-04 14:11:58.242 BaldursGateIIEnhancedEdition[85223:118479367] INFO: scanning:(9) $HOME/Documents/Baldur's Gate II - Enhanced Edition/scripts
2026-09-04 14:11:58.242 BaldursGateIIEnhancedEdition[85223:118479367] INFO: scanning:(10) $HOME/Documents/Baldur's Gate II - Enhanced Edition/sounds
2026-09-04 14:11:58.242 BaldursGateIIEnhancedEdition[85223:118479367] INFO: scanning:(11) $HOME/Documents/Baldur's Gate II - Enhanced Edition/portraits
2026-09-04 14:11:58.242 BaldursGateIIEnhancedEdition[85223:118479367] INFO: scanning:(12) $HOME/Documents/Baldur's Gate II - Enhanced Edition/characters
2026-09-04 14:11:58.242 BaldursGateIIEnhancedEdition[85223:118479367] INFO: scanning:(13) $HOME/Documents/Baldur's Gate II - Enhanced Edition/movies
2026-09-04 14:11:58.243 BaldursGateIIEnhancedEdition[85223:118479367] INFO: scanning:(0) $HOME/Library/Application Support/Steam/steamapps/common/Baldur's Gate II Enhanced Edition/override
2026-09-04 14:11:58.245 BaldursGateIIEnhancedEdition[85223:118479367] INFO: scanning:(1) $HOME/Library/Application Support/Steam/steamapps/common/Baldur's Gate II Enhanced Edition/scripts
2026-09-04 14:11:58.245 BaldursGateIIEnhancedEdition[85223:118479367] INFO: scanning:(2) $HOME/Library/Application Support/Steam/steamapps/common/Baldur's Gate II Enhanced Edition/sounds
2026-09-04 14:11:58.245 BaldursGateIIEnhancedEdition[85223:118479367] INFO: scanning:(3) $HOME/Library/Application Support/Steam/steamapps/common/Baldur's Gate II Enhanced Edition/lang/en_US/sounds
2026-09-04 14:11:58.245 BaldursGateIIEnhancedEdition[85223:118479367] INFO: scanning:(4) $HOME/Library/Application Support/Steam/steamapps/common/Baldur's Gate II Enhanced Edition/portraits
2026-09-04 14:11:58.245 BaldursGateIIEnhancedEdition[85223:118479367] INFO: scanning:(5) $HOME/Library/Application Support/Steam/steamapps/common/Baldur's Gate II Enhanced Edition/characters
2026-09-04 14:11:58.245 BaldursGateIIEnhancedEdition[85223:118479367] INFO: scanning:(6) $HOME/Library/Application Support/Steam/steamapps/common/Baldur's Gate II Enhanced Edition/movies
2026-09-04 14:11:58.245 BaldursGateIIEnhancedEdition[85223:118479367] INFO: scanning:(7) $HOME/Library/Application Support/Steam/steamapps/common/Baldur's Gate II Enhanced Edition/lang/en_US/movies
2026-09-04 14:11:58.245 BaldursGateIIEnhancedEdition[85223:118479367] INFO: scanning:(8) $HOME/Documents/Baldur's Gate II - Enhanced Edition/override
2026-09-04 14:11:58.245 BaldursGateIIEnhancedEdition[85223:118479367] INFO: scanning:(9) $HOME/Documents/Baldur's Gate II - Enhanced Edition/scripts
2026-09-04 14:11:58.245 BaldursGateIIEnhancedEdition[85223:118479367] INFO: scanning:(10) $HOME/Documents/Baldur's Gate II - Enhanced Edition/sounds
2026-09-04 14:11:58.245 BaldursGateIIEnhancedEdition[85223:118479367] INFO: scanning:(11) $HOME/Documents/Baldur's Gate II - Enhanced Edition/portraits
2026-09-04 14:11:58.245 BaldursGateIIEnhancedEdition[85223:118479367] INFO: scanning:(12) $HOME/Documents/Baldur's Gate II - Enhanced Edition/characters
2026-09-04 14:11:58.245 BaldursGateIIEnhancedEdition[85223:118479367] INFO: scanning:(13) $HOME/Documents/Baldur's Gate II - Enhanced Edition/movies
2026-09-04 14:11:58.246 BaldursGateIIEnhancedEdition[85223:118479367] INFO: scanning:(0) $HOME/Library/Application Support/Steam/steamapps/common/Baldur's Gate II Enhanced Edition/override
2026-09-04 14:11:58.248 BaldursGateIIEnhancedEdition[85223:118479367] INFO: scanning:(1) $HOME/Library/Application Support/Steam/steamapps/common/Baldur's Gate II Enhanced Edition/scripts
2026-09-04 14:11:58.248 BaldursGateIIEnhancedEdition[85223:118479367] INFO: scanning:(2) $HOME/Library/Application Support/Steam/steamapps/common/Baldur's Gate II Enhanced Edition/sounds
2026-09-04 14:11:58.248 BaldursGateIIEnhancedEdition[85223:118479367] INFO: scanning:(3) $HOME/Library/Application Support/Steam/steamapps/common/Baldur's Gate II Enhanced Edition/lang/en_US/sounds
2026-09-04 14:11:58.248 BaldursGateIIEnhancedEdition[85223:118479367] INFO: scanning:(4) $HOME/Library/Application Support/Steam/steamapps/common/Baldur's Gate II Enhanced Edition/portraits
2026-09-04 14:11:58.248 BaldursGateIIEnhancedEdition[85223:118479367] INFO: scanning:(5) $HOME/Library/Application Support/Steam/steamapps/common/Baldur's Gate II Enhanced Edition/characters
2026-09-04 14:11:58.248 BaldursGateIIEnhancedEdition[85223:118479367] INFO: scanning:(6) $HOME/Library/Application Support/Steam/steamapps/common/Baldur's Gate II Enhanced Edition/movies
2026-09-04 14:11:58.248 BaldursGateIIEnhancedEdition[85223:118479367] INFO: scanning:(7) $HOME/Library/Application Support/Steam/steamapps/common/Baldur's Gate II Enhanced Edition/lang/en_US/movies
2026-09-04 14:11:58.248 BaldursGateIIEnhancedEdition[85223:118479367] INFO: scanning:(8) $HOME/Documents/Baldur's Gate II - Enhanced Edition/override
2026-09-04 14:11:58.248 BaldursGateIIEnhancedEdition[85223:118479367] INFO: scanning:(9) $HOME/Documents/Baldur's Gate II - Enhanced Edition/scripts
2026-09-04 14:11:58.248 BaldursGateIIEnhancedEdition[85223:118479367] INFO: scanning:(10) $HOME/Documents/Baldur's Gate II - Enhanced Edition/sounds
2026-09-04 14:11:58.248 BaldursGateIIEnhancedEdition[85223:118479367] INFO: scanning:(11) $HOME/Documents/Baldur's Gate II - Enhanced Edition/portraits
2026-09-04 14:11:58.248 BaldursGateIIEnhancedEdition[85223:118479367] INFO: scanning:(12) $HOME/Documents/Baldur's Gate II - Enhanced Edition/characters
2026-09-04 14:11:58.248 BaldursGateIIEnhancedEdition[85223:118479367] INFO: scanning:(13) $HOME/Documents/Baldur's Gate II - Enhanced Edition/movies
2026-09-04 14:11:58.249 BaldursGateIIEnhancedEdition[85223:118479367] INFO: LUA: A7LOG	481	10258440	643563	Day 1, Hour 13 (3 Mirtul, 1369)	WORLD_QUICKLOOT	^0xff0cff3fQuick save successful.^-
2026-09-04 14:12:00.094 BaldursGateIIEnhancedEdition[85223:118479367] INFO: LUA: A7LOG	482	10260060	645408	Day 1, Hour 14 (3 Mirtul, 1369)	WORLD_QUICKLOOT	^0xffd6bd9fJaheira^-: ^0xffd7c8a0Yes?^-
2026-09-04 14:12:00.926 BaldursGateIIEnhancedEdition[85223:118479367] INFO: LUA: A7LOG	483	10260780	646240	Day 1, Hour 14 (3 Mirtul, 1369)	WORLD_QUICKLOOT	^0xffd6bd9fJaheira^-: ^0xffd7c8a0I am willing.^-
2026-09-04 14:12:01.752 BaldursGateIIEnhancedEdition[85223:118479367] INFO: LUA: A7LOG	484	10261500	647066	Day 1, Hour 14 (3 Mirtul, 1369)	WORLD_QUICKLOOT	^0xffcb967dBooprikt^-: ^0xffd7c8a0I'm waiting.^-
2026-09-04 14:12:02.304 BaldursGateIIEnhancedEdition[85223:118479367] INFO: LUA: A7LOG	485	10261980	647618	Day 1, Hour 14 (3 Mirtul, 1369)	WORLD_QUICKLOOT	^0xffffb3f3Imoen^-: ^0xffd7c8a0Somethin' up?^-
2026-09-04 14:12:04.896 BaldursGateIIEnhancedEdition[85223:118479367] INFO: scanning:(0) $HOME/Library/Application Support/Steam/steamapps/common/Baldur's Gate II Enhanced Edition/override
2026-09-04 14:12:04.898 BaldursGateIIEnhancedEdition[85223:118479367] INFO: scanning:(1) $HOME/Library/Application Support/Steam/steamapps/common/Baldur's Gate II Enhanced Edition/scripts
2026-09-04 14:12:04.899 BaldursGateIIEnhancedEdition[85223:118479367] INFO: scanning:(2) $HOME/Library/Application Support/Steam/steamapps/common/Baldur's Gate II Enhanced Edition/sounds
2026-09-04 14:12:04.899 BaldursGateIIEnhancedEdition[85223:118479367] INFO: scanning:(3) $HOME/Library/Application Support/Steam/steamapps/common/Baldur's Gate II Enhanced Edition/lang/en_US/sounds
2026-09-04 14:12:04.899 BaldursGateIIEnhancedEdition[85223:118479367] INFO: scanning:(4) $HOME/Library/Application Support/Steam/steamapps/common/Baldur's Gate II Enhanced Edition/portraits
2026-09-04 14:12:04.899 BaldursGateIIEnhancedEdition[85223:118479367] INFO: scanning:(5) $HOME/Library/Application Support/Steam/steamapps/common/Baldur's Gate II Enhanced Edition/characters
2026-09-04 14:12:04.899 BaldursGateIIEnhancedEdition[85223:118479367] INFO: scanning:(6) $HOME/Library/Application Support/Steam/steamapps/common/Baldur's Gate II Enhanced Edition/movies
2026-09-04 14:12:04.899 BaldursGateIIEnhancedEdition[85223:118479367] INFO: scanning:(7) $HOME/Library/Application Support/Steam/steamapps/common/Baldur's Gate II Enhanced Edition/lang/en_US/movies
2026-09-04 14:12:04.899 BaldursGateIIEnhancedEdition[85223:118479367] INFO: scanning:(8) $HOME/Documents/Baldur's Gate II - Enhanced Edition/override
2026-09-04 14:12:04.899 BaldursGateIIEnhancedEdition[85223:118479367] INFO: scanning:(9) $HOME/Documents/Baldur's Gate II - Enhanced Edition/scripts
2026-09-04 14:12:04.899 BaldursGateIIEnhancedEdition[85223:118479367] INFO: scanning:(10) $HOME/Documents/Baldur's Gate II - Enhanced Edition/sounds
2026-09-04 14:12:04.899 BaldursGateIIEnhancedEdition[85223:118479367] INFO: scanning:(11) $HOME/Documents/Baldur's Gate II - Enhanced Edition/portraits
2026-09-04 14:12:04.899 BaldursGateIIEnhancedEdition[85223:118479367] INFO: scanning:(12) $HOME/Documents/Baldur's Gate II - Enhanced Edition/characters
2026-09-04 14:12:04.899 BaldursGateIIEnhancedEdition[85223:118479367] INFO: scanning:(13) $HOME/Documents/Baldur's Gate II - Enhanced Edition/movies
2026-09-04 14:12:04.932 BaldursGateIIEnhancedEdition[85223:118479367] INFO: scanning:(0) $HOME/Library/Application Support/Steam/steamapps/common/Baldur's Gate II Enhanced Edition/override
2026-09-04 14:12:04.934 BaldursGateIIEnhancedEdition[85223:118479367] INFO: scanning:(1) $HOME/Library/Application Support/Steam/steamapps/common/Baldur's Gate II Enhanced Edition/scripts
2026-09-04 14:12:04.934 BaldursGateIIEnhancedEdition[85223:118479367] INFO: scanning:(2) $HOME/Library/Application Support/Steam/steamapps/common/Baldur's Gate II Enhanced Edition/sounds
2026-09-04 14:12:04.934 BaldursGateIIEnhancedEdition[85223:118479367] INFO: scanning:(3) $HOME/Library/Application Support/Steam/steamapps/common/Baldur's Gate II Enhanced Edition/lang/en_US/sounds
2026-09-04 14:12:04.934 BaldursGateIIEnhancedEdition[85223:118479367] INFO: scanning:(4) $HOME/Library/Application Support/Steam/steamapps/common/Baldur's Gate II Enhanced Edition/portraits
2026-09-04 14:12:04.934 BaldursGateIIEnhancedEdition[85223:118479367] INFO: scanning:(5) $HOME/Library/Application Support/Steam/steamapps/common/Baldur's Gate II Enhanced Edition/characters
2026-09-04 14:12:04.934 BaldursGateIIEnhancedEdition[85223:118479367] INFO: scanning:(6) $HOME/Library/Application Support/Steam/steamapps/common/Baldur's Gate II Enhanced Edition/movies
2026-09-04 14:12:04.934 BaldursGateIIEnhancedEdition[85223:118479367] INFO: scanning:(7) $HOME/Library/Application Support/Steam/steamapps/common/Baldur's Gate II Enhanced Edition/lang/en_US/movies
2026-09-04 14:12:04.934 BaldursGateIIEnhancedEdition[85223:118479367] INFO: scanning:(8) $HOME/Documents/Baldur's Gate II - Enhanced Edition/override
2026-09-04 14:12:04.934 BaldursGateIIEnhancedEdition[85223:118479367] INFO: scanning:(9) $HOME/Documents/Baldur's Gate II - Enhanced Edition/scripts
2026-09-04 14:12:04.934 BaldursGateIIEnhancedEdition[85223:118479367] INFO: scanning:(10) $HOME/Documents/Baldur's Gate II - Enhanced Edition/sounds
2026-09-04 14:12:04.934 BaldursGateIIEnhancedEdition[85223:118479367] INFO: scanning:(11) $HOME/Documents/Baldur's Gate II - Enhanced Edition/portraits
2026-09-04 14:12:04.935 BaldursGateIIEnhancedEdition[85223:118479367] INFO: scanning:(12) $HOME/Documents/Baldur's Gate II - Enhanced Edition/characters
2026-09-04 14:12:04.935 BaldursGateIIEnhancedEdition[85223:118479367] INFO: scanning:(13) $HOME/Documents/Baldur's Gate II - Enhanced Edition/movies
2026-09-04 14:12:04.936 BaldursGateIIEnhancedEdition[85223:118479367] INFO: scanning:(0) $HOME/Library/Application Support/Steam/steamapps/common/Baldur's Gate II Enhanced Edition/override
2026-09-04 14:12:04.937 BaldursGateIIEnhancedEdition[85223:118479367] INFO: scanning:(1) $HOME/Library/Application Support/Steam/steamapps/common/Baldur's Gate II Enhanced Edition/scripts
2026-09-04 14:12:04.937 BaldursGateIIEnhancedEdition[85223:118479367] INFO: scanning:(2) $HOME/Library/Application Support/Steam/steamapps/common/Baldur's Gate II Enhanced Edition/sounds
2026-09-04 14:12:04.937 BaldursGateIIEnhancedEdition[85223:118479367] INFO: scanning:(3) $HOME/Library/Application Support/Steam/steamapps/common/Baldur's Gate II Enhanced Edition/lang/en_US/sounds
2026-09-04 14:12:04.938 BaldursGateIIEnhancedEdition[85223:118479367] INFO: scanning:(4) $HOME/Library/Application Support/Steam/steamapps/common/Baldur's Gate II Enhanced Edition/portraits
2026-09-04 14:12:04.938 BaldursGateIIEnhancedEdition[85223:118479367] INFO: scanning:(5) $HOME/Library/Application Support/Steam/steamapps/common/Baldur's Gate II Enhanced Edition/characters
2026-09-04 14:12:04.938 BaldursGateIIEnhancedEdition[85223:118479367] INFO: scanning:(6) $HOME/Library/Application Support/Steam/steamapps/common/Baldur's Gate II Enhanced Edition/movies
2026-09-04 14:12:04.938 BaldursGateIIEnhancedEdition[85223:118479367] INFO: scanning:(7) $HOME/Library/Application Support/Steam/steamapps/common/Baldur's Gate II Enhanced Edition/lang/en_US/movies
2026-09-04 14:12:04.938 BaldursGateIIEnhancedEdition[85223:118479367] INFO: scanning:(8) $HOME/Documents/Baldur's Gate II - Enhanced Edition/override
2026-09-04 14:12:04.938 BaldursGateIIEnhancedEdition[85223:118479367] INFO: scanning:(9) $HOME/Documents/Baldur's Gate II - Enhanced Edition/scripts
2026-09-04 14:12:04.938 BaldursGateIIEnhancedEdition[85223:118479367] INFO: scanning:(10) $HOME/Documents/Baldur's Gate II - Enhanced Edition/sounds
2026-09-04 14:12:04.938 BaldursGateIIEnhancedEdition[85223:118479367] INFO: scanning:(11) $HOME/Documents/Baldur's Gate II - Enhanced Edition/portraits
2026-09-04 14:12:04.938 BaldursGateIIEnhancedEdition[85223:118479367] INFO: scanning:(12) $HOME/Documents/Baldur's Gate II - Enhanced Edition/characters
2026-09-04 14:12:04.938 BaldursGateIIEnhancedEdition[85223:118479367] INFO: scanning:(13) $HOME/Documents/Baldur's Gate II - Enhanced Edition/movies
2026-09-04 14:12:04.939 BaldursGateIIEnhancedEdition[85223:118479367] INFO: scanning:(0) $HOME/Library/Application Support/Steam/steamapps/common/Baldur's Gate II Enhanced Edition/override
2026-09-04 14:12:04.941 BaldursGateIIEnhancedEdition[85223:118479367] INFO: scanning:(1) $HOME/Library/Application Support/Steam/steamapps/common/Baldur's Gate II Enhanced Edition/scripts
2026-09-04 14:12:04.941 BaldursGateIIEnhancedEdition[85223:118479367] INFO: scanning:(2) $HOME/Library/Application Support/Steam/steamapps/common/Baldur's Gate II Enhanced Edition/sounds
2026-09-04 14:12:04.941 BaldursGateIIEnhancedEdition[85223:118479367] INFO: scanning:(3) $HOME/Library/Application Support/Steam/steamapps/common/Baldur's Gate II Enhanced Edition/lang/en_US/sounds
2026-09-04 14:12:04.941 BaldursGateIIEnhancedEdition[85223:118479367] INFO: scanning:(4) $HOME/Library/Application Support/Steam/steamapps/common/Baldur's Gate II Enhanced Edition/portraits
2026-09-04 14:12:04.941 BaldursGateIIEnhancedEdition[85223:118479367] INFO: scanning:(5) $HOME/Library/Application Support/Steam/steamapps/common/Baldur's Gate II Enhanced Edition/characters
2026-09-04 14:12:04.941 BaldursGateIIEnhancedEdition[85223:118479367] INFO: scanning:(6) $HOME/Library/Application Support/Steam/steamapps/common/Baldur's Gate II Enhanced Edition/movies
2026-09-04 14:12:04.941 BaldursGateIIEnhancedEdition[85223:118479367] INFO: scanning:(7) $HOME/Library/Application Support/Steam/steamapps/common/Baldur's Gate II Enhanced Edition/lang/en_US/movies
2026-09-04 14:12:04.941 BaldursGateIIEnhancedEdition[85223:118479367] INFO: scanning:(8) $HOME/Documents/Baldur's Gate II - Enhanced Edition/override
2026-09-04 14:12:04.941 BaldursGateIIEnhancedEdition[85223:118479367] INFO: scanning:(9) $HOME/Documents/Baldur's Gate II - Enhanced Edition/scripts
2026-09-04 14:12:04.941 BaldursGateIIEnhancedEdition[85223:118479367] INFO: scanning:(10) $HOME/Documents/Baldur's Gate II - Enhanced Edition/sounds
2026-09-04 14:12:04.941 BaldursGateIIEnhancedEdition[85223:118479367] INFO: scanning:(11) $HOME/Documents/Baldur's Gate II - Enhanced Edition/portraits
2026-09-04 14:12:04.941 BaldursGateIIEnhancedEdition[85223:118479367] INFO: scanning:(12) $HOME/Documents/Baldur's Gate II - Enhanced Edition/characters
2026-09-04 14:12:04.941 BaldursGateIIEnhancedEdition[85223:118479367] INFO: scanning:(13) $HOME/Documents/Baldur's Gate II - Enhanced Edition/movies
2026-09-04 14:12:04.942 BaldursGateIIEnhancedEdition[85223:118479367] INFO: scanning:(0) $HOME/Library/Application Support/Steam/steamapps/common/Baldur's Gate II Enhanced Edition/override
2026-09-04 14:12:04.944 BaldursGateIIEnhancedEdition[85223:118479367] INFO: scanning:(1) $HOME/Library/Application Support/Steam/steamapps/common/Baldur's Gate II Enhanced Edition/scripts
2026-09-04 14:12:04.944 BaldursGateIIEnhancedEdition[85223:118479367] INFO: scanning:(2) $HOME/Library/Application Support/Steam/steamapps/common/Baldur's Gate II Enhanced Edition/sounds
2026-09-04 14:12:04.944 BaldursGateIIEnhancedEdition[85223:118479367] INFO: scanning:(3) $HOME/Library/Application Support/Steam/steamapps/common/Baldur's Gate II Enhanced Edition/lang/en_US/sounds
2026-09-04 14:12:04.944 BaldursGateIIEnhancedEdition[85223:118479367] INFO: scanning:(4) $HOME/Library/Application Support/Steam/steamapps/common/Baldur's Gate II Enhanced Edition/portraits
2026-09-04 14:12:04.944 BaldursGateIIEnhancedEdition[85223:118479367] INFO: scanning:(5) $HOME/Library/Application Support/Steam/steamapps/common/Baldur's Gate II Enhanced Edition/characters
2026-09-04 14:12:04.944 BaldursGateIIEnhancedEdition[85223:118479367] INFO: scanning:(6) $HOME/Library/Application Support/Steam/steamapps/common/Baldur's Gate II Enhanced Edition/movies
2026-09-04 14:12:04.944 BaldursGateIIEnhancedEdition[85223:118479367] INFO: scanning:(7) $HOME/Library/Application Support/Steam/steamapps/common/Baldur's Gate II Enhanced Edition/lang/en_US/movies
2026-09-04 14:12:04.944 BaldursGateIIEnhancedEdition[85223:118479367] INFO: scanning:(8) $HOME/Documents/Baldur's Gate II - Enhanced Edition/override
2026-09-04 14:12:04.944 BaldursGateIIEnhancedEdition[85223:118479367] INFO: scanning:(9) $HOME/Documents/Baldur's Gate II - Enhanced Edition/scripts
2026-09-04 14:12:04.944 BaldursGateIIEnhancedEdition[85223:118479367] INFO: scanning:(10) $HOME/Documents/Baldur's Gate II - Enhanced Edition/sounds
2026-09-04 14:12:04.944 BaldursGateIIEnhancedEdition[85223:118479367] INFO: scanning:(11) $HOME/Documents/Baldur's Gate II - Enhanced Edition/portraits
2026-09-04 14:12:04.944 BaldursGateIIEnhancedEdition[85223:118479367] INFO: scanning:(12) $HOME/Documents/Baldur's Gate II - Enhanced Edition/characters
2026-09-04 14:12:04.944 BaldursGateIIEnhancedEdition[85223:118479367] INFO: scanning:(13) $HOME/Documents/Baldur's Gate II - Enhanced Edition/movies
2026-09-04 14:12:04.954 BaldursGateIIEnhancedEdition[85223:118479367] INFO: scanning:(0) $HOME/Library/Application Support/Steam/steamapps/common/Baldur's Gate II Enhanced Edition/override
2026-09-04 14:12:04.956 BaldursGateIIEnhancedEdition[85223:118479367] INFO: scanning:(1) $HOME/Library/Application Support/Steam/steamapps/common/Baldur's Gate II Enhanced Edition/scripts
2026-09-04 14:12:04.956 BaldursGateIIEnhancedEdition[85223:118479367] INFO: scanning:(2) $HOME/Library/Application Support/Steam/steamapps/common/Baldur's Gate II Enhanced Edition/sounds
2026-09-04 14:12:04.956 BaldursGateIIEnhancedEdition[85223:118479367] INFO: scanning:(3) $HOME/Library/Application Support/Steam/steamapps/common/Baldur's Gate II Enhanced Edition/lang/en_US/sounds
2026-09-04 14:12:04.956 BaldursGateIIEnhancedEdition[85223:118479367] INFO: scanning:(4) $HOME/Library/Application Support/Steam/steamapps/common/Baldur's Gate II Enhanced Edition/portraits
2026-09-04 14:12:04.956 BaldursGateIIEnhancedEdition[85223:118479367] INFO: scanning:(5) $HOME/Library/Application Support/Steam/steamapps/common/Baldur's Gate II Enhanced Edition/characters
2026-09-04 14:12:04.956 BaldursGateIIEnhancedEdition[85223:118479367] INFO: scanning:(6) $HOME/Library/Application Support/Steam/steamapps/common/Baldur's Gate II Enhanced Edition/movies
2026-09-04 14:12:04.956 BaldursGateIIEnhancedEdition[85223:118479367] INFO: scanning:(7) $HOME/Library/Application Support/Steam/steamapps/common/Baldur's Gate II Enhanced Edition/lang/en_US/movies
2026-09-04 14:12:04.956 BaldursGateIIEnhancedEdition[85223:118479367] INFO: scanning:(8) $HOME/Documents/Baldur's Gate II - Enhanced Edition/override
2026-09-04 14:12:04.956 BaldursGateIIEnhancedEdition[85223:118479367] INFO: scanning:(9) $HOME/Documents/Baldur's Gate II - Enhanced Edition/scripts
2026-09-04 14:12:04.956 BaldursGateIIEnhancedEdition[85223:118479367] INFO: scanning:(10) $HOME/Documents/Baldur's Gate II - Enhanced Edition/sounds
2026-09-04 14:12:04.956 BaldursGateIIEnhancedEdition[85223:118479367] INFO: scanning:(11) $HOME/Documents/Baldur's Gate II - Enhanced Edition/portraits
2026-09-04 14:12:04.956 BaldursGateIIEnhancedEdition[85223:118479367] INFO: scanning:(12) $HOME/Documents/Baldur's Gate II - Enhanced Edition/characters
2026-09-04 14:12:04.956 BaldursGateIIEnhancedEdition[85223:118479367] INFO: scanning:(13) $HOME/Documents/Baldur's Gate II - Enhanced Edition/movies
2026-09-04 14:12:04.957 BaldursGateIIEnhancedEdition[85223:118479367] INFO: scanning:(0) $HOME/Library/Application Support/Steam/steamapps/common/Baldur's Gate II Enhanced Edition/override
2026-09-04 14:12:04.959 BaldursGateIIEnhancedEdition[85223:118479367] INFO: scanning:(1) $HOME/Library/Application Support/Steam/steamapps/common/Baldur's Gate II Enhanced Edition/scripts
2026-09-04 14:12:04.959 BaldursGateIIEnhancedEdition[85223:118479367] INFO: scanning:(2) $HOME/Library/Application Support/Steam/steamapps/common/Baldur's Gate II Enhanced Edition/sounds
2026-09-04 14:12:04.959 BaldursGateIIEnhancedEdition[85223:118479367] INFO: scanning:(3) $HOME/Library/Application Support/Steam/steamapps/common/Baldur's Gate II Enhanced Edition/lang/en_US/sounds
2026-09-04 14:12:04.959 BaldursGateIIEnhancedEdition[85223:118479367] INFO: scanning:(4) $HOME/Library/Application Support/Steam/steamapps/common/Baldur's Gate II Enhanced Edition/portraits
2026-09-04 14:12:04.959 BaldursGateIIEnhancedEdition[85223:118479367] INFO: scanning:(5) $HOME/Library/Application Support/Steam/steamapps/common/Baldur's Gate II Enhanced Edition/characters
2026-09-04 14:12:04.959 BaldursGateIIEnhancedEdition[85223:118479367] INFO: scanning:(6) $HOME/Library/Application Support/Steam/steamapps/common/Baldur's Gate II Enhanced Edition/movies
2026-09-04 14:12:04.959 BaldursGateIIEnhancedEdition[85223:118479367] INFO: scanning:(7) $HOME/Library/Application Support/Steam/steamapps/common/Baldur's Gate II Enhanced Edition/lang/en_US/movies
2026-09-04 14:12:04.959 BaldursGateIIEnhancedEdition[85223:118479367] INFO: scanning:(8) $HOME/Documents/Baldur's Gate II - Enhanced Edition/override
2026-09-04 14:12:04.959 BaldursGateIIEnhancedEdition[85223:118479367] INFO: scanning:(9) $HOME/Documents/Baldur's Gate II - Enhanced Edition/scripts
2026-09-04 14:12:04.959 BaldursGateIIEnhancedEdition[85223:118479367] INFO: scanning:(10) $HOME/Documents/Baldur's Gate II - Enhanced Edition/sounds
2026-09-04 14:12:04.959 BaldursGateIIEnhancedEdition[85223:118479367] INFO: scanning:(11) $HOME/Documents/Baldur's Gate II - Enhanced Edition/portraits
2026-09-04 14:12:04.959 BaldursGateIIEnhancedEdition[85223:118479367] INFO: scanning:(12) $HOME/Documents/Baldur's Gate II - Enhanced Edition/characters
2026-09-04 14:12:04.959 BaldursGateIIEnhancedEdition[85223:118479367] INFO: scanning:(13) $HOME/Documents/Baldur's Gate II - Enhanced Edition/movies
2026-09-04 14:12:04.960 BaldursGateIIEnhancedEdition[85223:118479367] INFO: scanning:(0) $HOME/Library/Application Support/Steam/steamapps/common/Baldur's Gate II Enhanced Edition/override
2026-09-04 14:12:04.962 BaldursGateIIEnhancedEdition[85223:118479367] INFO: scanning:(1) $HOME/Library/Application Support/Steam/steamapps/common/Baldur's Gate II Enhanced Edition/scripts
2026-09-04 14:12:04.962 BaldursGateIIEnhancedEdition[85223:118479367] INFO: scanning:(2) $HOME/Library/Application Support/Steam/steamapps/common/Baldur's Gate II Enhanced Edition/sounds
2026-09-04 14:12:04.962 BaldursGateIIEnhancedEdition[85223:118479367] INFO: scanning:(3) $HOME/Library/Application Support/Steam/steamapps/common/Baldur's Gate II Enhanced Edition/lang/en_US/sounds
2026-09-04 14:12:04.962 BaldursGateIIEnhancedEdition[85223:118479367] INFO: scanning:(4) $HOME/Library/Application Support/Steam/steamapps/common/Baldur's Gate II Enhanced Edition/portraits
2026-09-04 14:12:04.962 BaldursGateIIEnhancedEdition[85223:118479367] INFO: scanning:(5) $HOME/Library/Application Support/Steam/steamapps/common/Baldur's Gate II Enhanced Edition/characters
2026-09-04 14:12:04.962 BaldursGateIIEnhancedEdition[85223:118479367] INFO: scanning:(6) $HOME/Library/Application Support/Steam/steamapps/common/Baldur's Gate II Enhanced Edition/movies
2026-09-04 14:12:04.962 BaldursGateIIEnhancedEdition[85223:118479367] INFO: scanning:(7) $HOME/Library/Application Support/Steam/steamapps/common/Baldur's Gate II Enhanced Edition/lang/en_US/movies
2026-09-04 14:12:04.962 BaldursGateIIEnhancedEdition[85223:118479367] INFO: scanning:(8) $HOME/Documents/Baldur's Gate II - Enhanced Edition/override
2026-09-04 14:12:04.962 BaldursGateIIEnhancedEdition[85223:118479367] INFO: scanning:(9) $HOME/Documents/Baldur's Gate II - Enhanced Edition/scripts
2026-09-04 14:12:04.962 BaldursGateIIEnhancedEdition[85223:118479367] INFO: scanning:(10) $HOME/Documents/Baldur's Gate II - Enhanced Edition/sounds
2026-09-04 14:12:04.962 BaldursGateIIEnhancedEdition[85223:118479367] INFO: scanning:(11) $HOME/Documents/Baldur's Gate II - Enhanced Edition/portraits
2026-09-04 14:12:04.962 BaldursGateIIEnhancedEdition[85223:118479367] INFO: scanning:(12) $HOME/Documents/Baldur's Gate II - Enhanced Edition/characters
2026-09-04 14:12:04.962 BaldursGateIIEnhancedEdition[85223:118479367] INFO: scanning:(13) $HOME/Documents/Baldur's Gate II - Enhanced Edition/movies
2026-09-04 14:12:04.963 BaldursGateIIEnhancedEdition[85223:118479367] INFO: scanning:(0) $HOME/Library/Application Support/Steam/steamapps/common/Baldur's Gate II Enhanced Edition/override
2026-09-04 14:12:04.965 BaldursGateIIEnhancedEdition[85223:118479367] INFO: scanning:(1) $HOME/Library/Application Support/Steam/steamapps/common/Baldur's Gate II Enhanced Edition/scripts
2026-09-04 14:12:04.965 BaldursGateIIEnhancedEdition[85223:118479367] INFO: scanning:(2) $HOME/Library/Application Support/Steam/steamapps/common/Baldur's Gate II Enhanced Edition/sounds
2026-09-04 14:12:04.965 BaldursGateIIEnhancedEdition[85223:118479367] INFO: scanning:(3) $HOME/Library/Application Support/Steam/steamapps/common/Baldur's Gate II Enhanced Edition/lang/en_US/sounds
2026-09-04 14:12:04.965 BaldursGateIIEnhancedEdition[85223:118479367] INFO: scanning:(4) $HOME/Library/Application Support/Steam/steamapps/common/Baldur's Gate II Enhanced Edition/portraits
2026-09-04 14:12:04.965 BaldursGateIIEnhancedEdition[85223:118479367] INFO: scanning:(5) $HOME/Library/Application Support/Steam/steamapps/common/Baldur's Gate II Enhanced Edition/characters
2026-09-04 14:12:04.965 BaldursGateIIEnhancedEdition[85223:118479367] INFO: scanning:(6) $HOME/Library/Application Support/Steam/steamapps/common/Baldur's Gate II Enhanced Edition/movies
2026-09-04 14:12:04.965 BaldursGateIIEnhancedEdition[85223:118479367] INFO: scanning:(7) $HOME/Library/Application Support/Steam/steamapps/common/Baldur's Gate II Enhanced Edition/lang/en_US/movies
2026-09-04 14:12:04.965 BaldursGateIIEnhancedEdition[85223:118479367] INFO: scanning:(8) $HOME/Documents/Baldur's Gate II - Enhanced Edition/override
2026-09-04 14:12:04.965 BaldursGateIIEnhancedEdition[85223:118479367] INFO: scanning:(9) $HOME/Documents/Baldur's Gate II - Enhanced Edition/scripts
2026-09-04 14:12:04.965 BaldursGateIIEnhancedEdition[85223:118479367] INFO: scanning:(10) $HOME/Documents/Baldur's Gate II - Enhanced Edition/sounds
2026-09-04 14:12:04.965 BaldursGateIIEnhancedEdition[85223:118479367] INFO: scanning:(11) $HOME/Documents/Baldur's Gate II - Enhanced Edition/portraits
2026-09-04 14:12:04.965 BaldursGateIIEnhancedEdition[85223:118479367] INFO: scanning:(12) $HOME/Documents/Baldur's Gate II - Enhanced Edition/characters
2026-09-04 14:12:04.965 BaldursGateIIEnhancedEdition[85223:118479367] INFO: scanning:(13) $HOME/Documents/Baldur's Gate II - Enhanced Edition/movies
2026-09-04 14:12:04.966 BaldursGateIIEnhancedEdition[85223:118479367] INFO: scanning:(0) $HOME/Library/Application Support/Steam/steamapps/common/Baldur's Gate II Enhanced Edition/override
2026-09-04 14:12:04.968 BaldursGateIIEnhancedEdition[85223:118479367] INFO: scanning:(1) $HOME/Library/Application Support/Steam/steamapps/common/Baldur's Gate II Enhanced Edition/scripts
2026-09-04 14:12:04.968 BaldursGateIIEnhancedEdition[85223:118479367] INFO: scanning:(2) $HOME/Library/Application Support/Steam/steamapps/common/Baldur's Gate II Enhanced Edition/sounds
2026-09-04 14:12:04.968 BaldursGateIIEnhancedEdition[85223:118479367] INFO: scanning:(3) $HOME/Library/Application Support/Steam/steamapps/common/Baldur's Gate II Enhanced Edition/lang/en_US/sounds
2026-09-04 14:12:04.968 BaldursGateIIEnhancedEdition[85223:118479367] INFO: scanning:(4) $HOME/Library/Application Support/Steam/steamapps/common/Baldur's Gate II Enhanced Edition/portraits
2026-09-04 14:12:04.968 BaldursGateIIEnhancedEdition[85223:118479367] INFO: scanning:(5) $HOME/Library/Application Support/Steam/steamapps/common/Baldur's Gate II Enhanced Edition/characters
2026-09-04 14:12:04.968 BaldursGateIIEnhancedEdition[85223:118479367] INFO: scanning:(6) $HOME/Library/Application Support/Steam/steamapps/common/Baldur's Gate II Enhanced Edition/movies
2026-09-04 14:12:04.968 BaldursGateIIEnhancedEdition[85223:118479367] INFO: scanning:(7) $HOME/Library/Application Support/Steam/steamapps/common/Baldur's Gate II Enhanced Edition/lang/en_US/movies
2026-09-04 14:12:04.968 BaldursGateIIEnhancedEdition[85223:118479367] INFO: scanning:(8) $HOME/Documents/Baldur's Gate II - Enhanced Edition/override
2026-09-04 14:12:04.968 BaldursGateIIEnhancedEdition[85223:118479367] INFO: scanning:(9) $HOME/Documents/Baldur's Gate II - Enhanced Edition/scripts
2026-09-04 14:12:04.968 BaldursGateIIEnhancedEdition[85223:118479367] INFO: scanning:(10) $HOME/Documents/Baldur's Gate II - Enhanced Edition/sounds
2026-09-04 14:12:04.968 BaldursGateIIEnhancedEdition[85223:118479367] INFO: scanning:(11) $HOME/Documents/Baldur's Gate II - Enhanced Edition/portraits
2026-09-04 14:12:04.968 BaldursGateIIEnhancedEdition[85223:118479367] INFO: scanning:(12) $HOME/Documents/Baldur's Gate II - Enhanced Edition/characters
2026-09-04 14:12:04.968 BaldursGateIIEnhancedEdition[85223:118479367] INFO: scanning:(13) $HOME/Documents/Baldur's Gate II - Enhanced Edition/movies
2026-09-04 14:12:04.969 BaldursGateIIEnhancedEdition[85223:118479367] INFO: LUA: A7LOG	486	10264260	650283	Day 1, Hour 14 (3 Mirtul, 1369)	WORLD_QUICKLOOT	^0xff0cff3fQuick save successful.^-
2026-09-04 14:12:06.118 BaldursGateIIEnhancedEdition[85223:118479367] INFO: LUA: A7LOG	487	10265280	651432	Day 1, Hour 14 (3 Mirtul, 1369)	WORLD_QUICKLOOT	^0xffd6bd9fJaheira^-: ^0xffd7c8a0I am ready.^-
2026-09-04 14:12:06.788 BaldursGateIIEnhancedEdition[85223:118479367] INFO: LUA: A7LOG	488	10265820	652102	Day 1, Hour 14 (3 Mirtul, 1369)	WORLD_QUICKLOOT	^0xffd6bd9fJaheira^-: ^0xffd7c8a0If you think it is wise to do so. So much comes back to haunt us.^-
2026-09-04 14:12:13.054 BaldursGateIIEnhancedEdition[85223:118479367] INFO: LUA: A7LOG	489	10271280	658368	Day 1, Hour 14 (3 Mirtul, 1369)	WORLD_QUICKLOOT	^0xffd6bd9fJaheira^-: ^0xffd7c8a0It is about time.^-
2026-09-04 14:12:14.230 BaldursGateIIEnhancedEdition[85223:118479367] INFO: LUA: A7LOG	490	10272300	659543	Day 1, Hour 14 (3 Mirtul, 1369)	WORLD_QUICKLOOT	^0xffc0a1aaMinsc^-: ^0xffd7c8a0Every hamster has his day.^-
2026-09-04 14:12:15.091 BaldursGateIIEnhancedEdition[85223:118479367] INFO: LUA: A7LOG	491	10273080	660405	Day 1, Hour 14 (3 Mirtul, 1369)	WORLD_QUICKLOOT	^0xffc0a1aaMinsc^-: ^0xffd7c8a0Where Minsc goes, evil stands aside.^-
2026-09-04 14:12:16.151 BaldursGateIIEnhancedEdition[85223:118479367] INFO: LUA: A7LOG	492	10273920	661465	Day 1, Hour 14 (3 Mirtul, 1369)	WORLD_QUICKLOOT	^0xff0000ffPAUSED^-
2026-09-04 14:12:19.914 BaldursGateIIEnhancedEdition[85223:118479367] INFO: LUA: A7LOG	493	10273920	665227	Day 1, Hour 14 (3 Mirtul, 1369)	WORLD_QUICKLOOT	^0xffc0a1aaMinsc^-: ^0xffd7c8a0Armored, sharpened, and raring to go.^-
2026-09-04 14:12:20.580 BaldursGateIIEnhancedEdition[85223:118479367] INFO: LUA: A7LOG	494	10273920	665894	Day 1, Hour 14 (3 Mirtul, 1369)	WORLD_QUICKLOOT	^0xffc0a1aaMinsc^-: ^0xffd7c8a0Jump on my sword while you can, evil. I won't be as gentle!^-
2026-09-04 14:12:20.829 BaldursGateIIEnhancedEdition[85223:118479367] INFO: LUA: A7LOG	495	10273980	666143	Day 1, Hour 14 (3 Mirtul, 1369)	WORLD_QUICKLOOT	^0xff0000ffUNPAUSED^-
2026-09-04 14:12:23.347 BaldursGateIIEnhancedEdition[85223:118479367] INFO: LUA: A7LOG	496	10276140	668661	Day 1, Hour 14 (3 Mirtul, 1369)	WORLD_QUICKLOOT	^0xffd6bd9fJaheira^-: ^0xffd7c8a0Speak your mind.^-
2026-09-04 14:12:23.940 BaldursGateIIEnhancedEdition[85223:118479367] INFO: LUA: A7LOG	497	10276680	669253	Day 1, Hour 14 (3 Mirtul, 1369)	WORLD_QUICKLOOT	^0xffd6bd9fJaheira^-: ^0xffd7c8a0I go.^-
2026-09-04 14:12:26.218 BaldursGateIIEnhancedEdition[85223:118479367] INFO: LUA: A7LOG	498	10278540	671531	Day 1, Hour 14 (3 Mirtul, 1369)	WORLD_DIALOG_CONFIRM	^0xffd595caIlyich^-: ^0xffbed7d7Be alert, laddies! We've got company. Ho, prisoners! Ye've come to th' wrong place, I tell ye true! Ilyich and 'is boys'll stop you!^-
2026-09-04 14:12:28.706 BaldursGateIIEnhancedEdition[85223:118479367] INFO: LUA: A7LOG	499	10278540	674020	Day 1, Hour 14 (3 Mirtul, 1369)	WORLD_DIALOG_CONFIRM	^0xffc0a1aaMinsc^-: ^0xffd7c8a0Would that I knew where this place was. I've no quarrel with you, duergar. ^-
2026-09-04 14:12:28.706 BaldursGateIIEnhancedEdition[85223:118479367] INFO: LUA: A7LOG	500	10278540	674020	Day 1, Hour 14 (3 Mirtul, 1369)	WORLD_DIALOG_CONFIRM	^0xffd595caIlyich^-: ^0xffbed7d7Suffice to say, this place is your doom. By the time the master returns, you shall be dead and we shall be rewarded. At 'em, lads! No mercy!^-
2026-09-04 14:12:30.276 BaldursGateIIEnhancedEdition[85223:118479367] INFO: LUA: A7LOG	501	10278480	675589	Day 1, Hour 14 (3 Mirtul, 1369)	WORLD_QUICKLOOT	^0xff0000ffPAUSED^-
2026-09-04 14:12:30.311 BaldursGateIIEnhancedEdition[85223:118479367] INFO: LUA: A7LOG	502	10278480	675624	Day 1, Hour 14 (3 Mirtul, 1369)	WORLD_QUICKLOOT	^0xffc0a1aaMinsc^-: ^0xffbed7d7Auto-Paused: Enemy Sighted^-
2026-09-04 14:12:31.957 BaldursGateIIEnhancedEdition[85223:118479367] INFO: LUA: A7LOG	503	10278480	677270	Day 1, Hour 14 (3 Mirtul, 1369)	WORLD_QUICKLOOT	^0xffd6bd9fJaheira^-: ^0xffd7c8a0Nature's servant awaits.^-
2026-09-04 14:12:45.668 BaldursGateIIEnhancedEdition[85223:118479367] INFO: LUA: A7LOG	504	10278480	690981	Day 1, Hour 14 (3 Mirtul, 1369)	WORLD_QUICKLOOT	^0xffd6bd9fJaheira^-: ^0xffbed7d7is Casting Barkskin : Booprikt^-
2026-09-04 14:12:50.156 BaldursGateIIEnhancedEdition[85223:118479367] INFO: LUA: A7LOG	505	10278480	695469	Day 1, Hour 14 (3 Mirtul, 1369)	WORLD_QUICKLOOT	^0xffcb967dBooprikt^-: ^0xffd7c8a0Yes?^-
2026-09-04 14:12:51.157 BaldursGateIIEnhancedEdition[85223:118479367] INFO: LUA: A7LOG	506	10278480	696471	Day 1, Hour 14 (3 Mirtul, 1369)	WORLD_QUICKLOOT	^0xffcb967dBooprikt^-: ^0xffbed7d7Stopped Detecting Traps / Illusions^-
2026-09-04 14:12:52.328 BaldursGateIIEnhancedEdition[85223:118479367] INFO: LUA: A7LOG	507	10278480	697641	Day 1, Hour 14 (3 Mirtul, 1369)	WORLD_QUICKLOOT	^0xffffb3f3Imoen^-: ^0xffd7c8a0Time to move?^-
2026-09-04 14:12:53.747 BaldursGateIIEnhancedEdition[85223:118479367] INFO: LUA: A7LOG	508	10278480	699060	Day 1, Hour 14 (3 Mirtul, 1369)	WORLD_QUICKLOOT	^0xffffb3f3Imoen^-: ^0xffbed7d7Stopped Detecting Traps / Illusions^-
2026-09-04 14:12:57.030 BaldursGateIIEnhancedEdition[85223:118479367] INFO: LUA: A7LOG	509	10278480	702343	Day 1, Hour 14 (3 Mirtul, 1369)	WORLD_QUICKLOOT	^0xff0000ffUNPAUSED^-
2026-09-04 14:12:57.306 BaldursGateIIEnhancedEdition[85223:118479367] INFO: LUA: A7LOG	510	10278720	702619	Day 1, Hour 14 (3 Mirtul, 1369)	WORLD_QUICKLOOT	^0xff018bffSkeleton Warrior^-: ^0xffbed7d7Attacks Ilyich^-
2026-09-04 14:12:57.885 BaldursGateIIEnhancedEdition[85223:118479367] INFO: LUA: A7LOG	511	10279260	703198	Day 1, Hour 14 (3 Mirtul, 1369)	WORLD_QUICKLOOT	^0xffcb967dBooprikt^-: ^0xffbed7d7Detecting Traps / Illusions^-
2026-09-04 14:12:58.027 BaldursGateIIEnhancedEdition[85223:118479367] INFO: LUA: A7LOG	512	10279380	703340	Day 1, Hour 14 (3 Mirtul, 1369)	WORLD_QUICKLOOT	^0xffd595caIlyich^-: ^0xffbed7d7By Moradin's hammer!^-
2026-09-04 14:12:58.027 BaldursGateIIEnhancedEdition[85223:118479367] INFO: LUA: A7LOG	513	10279380	703340	Day 1, Hour 14 (3 Mirtul, 1369)	WORLD_QUICKLOOT	^0xffd595caIlyich^-: ^0xffbed7d7Attacks Skeleton Warrior^-
2026-09-04 14:12:58.056 BaldursGateIIEnhancedEdition[85223:118479367] INFO: LUA: A7LOG	514	10279380	703369	Day 1, Hour 14 (3 Mirtul, 1369)	WORLD_QUICKLOOT	^0xffc0a1aaMinsc^-: ^0xffbed7d7Attacks Ilyich^-
2026-09-04 14:12:58.461 BaldursGateIIEnhancedEdition[85223:118479367] INFO: LUA: A7LOG	515	10279740	703774	Day 1, Hour 14 (3 Mirtul, 1369)	WORLD_QUICKLOOT	^0xff4c83c0Duergar^-: ^0xffbed7d7Attacks Skeleton Warrior^-
2026-09-04 14:12:58.945 BaldursGateIIEnhancedEdition[85223:118479367] INFO: LUA: A7LOG	516	10280100	704258	Day 1, Hour 14 (3 Mirtul, 1369)	WORLD_QUICKLOOT	^0xff0000ffPAUSED^-
2026-09-04 14:12:58.971 BaldursGateIIEnhancedEdition[85223:118479367] INFO: LUA: A7LOG	517	10280100	704284	Day 1, Hour 14 (3 Mirtul, 1369)	WORLD_QUICKLOOT	^0xffffb3f3Imoen^-: ^0xffbed7d7Casts Web^-
2026-09-04 14:12:58.971 BaldursGateIIEnhancedEdition[85223:118479367] INFO: LUA: A7LOG	518	10280100	704284	Day 1, Hour 14 (3 Mirtul, 1369)	WORLD_QUICKLOOT	^0xffffb3f3Imoen^-: ^0xffbed7d7Auto-Paused: Spell Cast^-
2026-09-04 14:12:59.657 BaldursGateIIEnhancedEdition[85223:118479367] INFO: LUA: A7LOG	519	10280160	704970	Day 1, Hour 14 (3 Mirtul, 1369)	WORLD_QUICKLOOT	^0xff0000ffUNPAUSED^-
2026-09-04 14:12:59.970 BaldursGateIIEnhancedEdition[85223:118479367] INFO: LUA: A7LOG	520	10280400	705284	Day 1, Hour 14 (3 Mirtul, 1369)	WORLD_QUICKLOOT	^0xffffb3f3Imoen^-: ^0xffbed7d7Detecting Traps / Illusions^-
2026-09-04 14:13:00.280 BaldursGateIIEnhancedEdition[85223:118479367] INFO: LUA: A7LOG	521	10280700	705593	Day 1, Hour 14 (3 Mirtul, 1369)	WORLD_QUICKLOOT	^0xffa9a1b8Duergar^-: ^0xffbed7d7By Moradin's hammer!^-
2026-09-04 14:13:00.280 BaldursGateIIEnhancedEdition[85223:118479367] INFO: LUA: A7LOG	522	10280700	705593	Day 1, Hour 14 (3 Mirtul, 1369)	WORLD_QUICKLOOT	^0xffa9a1b8Duergar^-: ^0xffbed7d7Attacks Skeleton Warrior^-
2026-09-04 14:13:00.315 BaldursGateIIEnhancedEdition[85223:118479367] INFO: LUA: A7LOG	523	10280700	705628	Day 1, Hour 14 (3 Mirtul, 1369)	WORLD_QUICKLOOT	^0xff4c83c0Mage^-: ^0xffbed7d7Casts Mirror Image : Mage^-
2026-09-04 14:13:00.315 BaldursGateIIEnhancedEdition[85223:118479367] INFO: LUA: A7LOG	524	10280700	705628	Day 1, Hour 14 (3 Mirtul, 1369)	WORLD_QUICKLOOT	^0xff4c83c0Mage^-: ^0xffbed7d7Mirror Imaged^-
2026-09-04 14:13:00.419 BaldursGateIIEnhancedEdition[85223:118479367] INFO: LUA: A7LOG	525	10280820	705732	Day 1, Hour 14 (3 Mirtul, 1369)	WORLD_QUICKLOOT	^0xffbed7d7Ilyich^-: ^0xffbed7d7Roll:13 +Luck:0 +SpecialAC:0  +HitMod:0  +Attack of Opportunity:0  +Berserk:0  +Right:4 (+Weapon Bonus 0+Proficiency 3+STR 1+STREX 0+Melee bonus 0+Racial 0+Effects 0) +Invisible:0  +Invisible Target:0  +Range:0  +Hated Race:0  +Special Target:0  +Protections:0 ^-
2026-09-04 14:13:00.419 BaldursGateIIEnhancedEdition[85223:118479367] INFO: LUA: A7LOG	526	10280820	705732	Day 1, Hour 14 (3 Mirtul, 1369)	WORLD_QUICKLOOT	^0xffd595caIlyich^-: ^0xffbed7d7Attack Roll 13 + 4 = 17 : Hit^-
2026-09-04 14:13:00.419 BaldursGateIIEnhancedEdition[85223:118479367] INFO: LUA: A7LOG	527	10280820	705732	Day 1, Hour 14 (3 Mirtul, 1369)	WORLD_QUICKLOOT	^0xffbed7d7Ilyich^-: ^0xffbed7d7Roll:7  +DamageMod:0  +Hand bonus:0 (+Proficiency 3+Melee bonus 0+Effects 0) +Attack of Opportunity:0  *Backstab:0  +Berserk:0  +Strength:1  +Hated Race:0  +Special Bonus:0 ^-
2026-09-04 14:13:00.419 BaldursGateIIEnhancedEdition[85223:118479367] INFO: LUA: A7LOG	528	10280820	705733	Day 1, Hour 14 (3 Mirtul, 1369)	WORLD_QUICKLOOT	^0xff018bffSkeleton Warrior^-: ^0xffbed7d7Takes 7 slashing damage from Ilyich (4 damage resisted)^-
2026-09-04 14:13:00.717 BaldursGateIIEnhancedEdition[85223:118479367] INFO: LUA: A7LOG	529	10281060	706031	Day 1, Hour 14 (3 Mirtul, 1369)	WORLD_QUICKLOOT	^0xff4c83c0Duergar^-: ^0xffbed7d7Held^-
2026-09-04 14:13:00.751 BaldursGateIIEnhancedEdition[85223:118479367] INFO: LUA: A7LOG	530	10281120	706064	Day 1, Hour 14 (3 Mirtul, 1369)	WORLD_QUICKLOOT	^0xffbed7d7Ilyich^-: ^0xffbed7d7Save vs. Spell : 18^-
2026-09-04 14:13:00.853 BaldursGateIIEnhancedEdition[85223:118479367] INFO: LUA: A7LOG	531	10281120	706166	Day 1, Hour 14 (3 Mirtul, 1369)	WORLD_QUICKLOOT	^0xff0000ffPAUSED^-
2026-09-04 14:13:00.853 BaldursGateIIEnhancedEdition[85223:118479367] INFO: LUA: A7LOG	532	10281120	706167	Day 1, Hour 14 (3 Mirtul, 1369)	WORLD_QUICKLOOT	^0xffabababDuergar^-: ^0xffbed7d7Held^-
2026-09-04 14:13:01.998 BaldursGateIIEnhancedEdition[85223:118479367] INFO: LUA: A7LOG	533	10281120	707311	Day 1, Hour 14 (3 Mirtul, 1369)	WORLD_QUICKLOOT	^0xffc0a1aaMinsc^-: ^0xffd7c8a0Boo says, "What?!"^-
2026-09-04 14:13:02.656 BaldursGateIIEnhancedEdition[85223:118479367] INFO: LUA: A7LOG	534	10281120	707969	Day 1, Hour 14 (3 Mirtul, 1369)	WORLD_QUICKLOOT	^0xffc0a1aaMinsc^-: ^0xffd7c8a0Don't teach my hamster to suck eggs!^-
2026-09-04 14:13:03.448 BaldursGateIIEnhancedEdition[85223:118479367] INFO: LUA: A7LOG	535	10281180	708761	Day 1, Hour 14 (3 Mirtul, 1369)	WORLD_QUICKLOOT	^0xff0000ffUNPAUSED^-
2026-09-04 14:13:03.588 BaldursGateIIEnhancedEdition[85223:118479367] INFO: LUA: A7LOG	536	10281300	708901	Day 1, Hour 14 (3 Mirtul, 1369)	WORLD_QUICKLOOT	^0xffc0a1aaMinsc^-: ^0xffbed7d7Held^-
2026-09-04 14:13:03.655 BaldursGateIIEnhancedEdition[85223:118479367] INFO: LUA: A7LOG	537	10281360	708968	Day 1, Hour 14 (3 Mirtul, 1369)	WORLD_QUICKLOOT	^0xffbed7d7Duergar^-: ^0xffbed7d7Roll:5  +DamageMod:0  +Hand bonus:0 (+Proficiency 2+Missile 0+Effects 0) +Attack of Opportunity:0  *Backstab:0  +Berserk:0  +Strength:0  +Hated Race:0  +Special Bonus:0 ^-
2026-09-04 14:13:03.863 BaldursGateIIEnhancedEdition[85223:118479367] INFO: LUA: A7LOG	538	10281540	709176	Day 1, Hour 14 (3 Mirtul, 1369)	WORLD_QUICKLOOT	^0xff8ab1bdDuergar^-: ^0xffbed7d7By Moradin's hammer!^-
2026-09-04 14:13:03.863 BaldursGateIIEnhancedEdition[85223:118479367] INFO: LUA: A7LOG	539	10281540	709176	Day 1, Hour 14 (3 Mirtul, 1369)	WORLD_QUICKLOOT	^0xff8ab1bdDuergar^-: ^0xffbed7d7Attacks Skeleton Warrior^-
2026-09-04 14:13:04.034 BaldursGateIIEnhancedEdition[85223:118479367] INFO: LUA: A7LOG	540	10281660	709347	Day 1, Hour 14 (3 Mirtul, 1369)	WORLD_QUICKLOOT	^0xff018bffSkeleton Warrior^-: ^0xffbed7d7Takes 3 missile damage from Duergar (4 damage resisted)^-
2026-09-04 14:13:04.269 BaldursGateIIEnhancedEdition[85223:118479367] INFO: LUA: A7LOG	541	10281900	709582	Day 1, Hour 14 (3 Mirtul, 1369)	WORLD_QUICKLOOT	^0xffbed7d7Duergar^-: ^0xffbed7d7Roll:7  +DamageMod:0  +Hand bonus:0 (+Proficiency 2+Missile 0+Effects 0) +Attack of Opportunity:0  *Backstab:0  +Berserk:0  +Strength:0  +Hated Race:0  +Special Bonus:0 ^-
2026-09-04 14:13:04.574 BaldursGateIIEnhancedEdition[85223:118479367] INFO: sAchieveID=NONE,m_sGlobalName=SPRITE_IS_DEADNone,m_nValue=1
2026-09-04 14:13:04.578 BaldursGateIIEnhancedEdition[85223:118479367] INFO: LUA: A7LOG	542	10282140	709891	Day 1, Hour 14 (3 Mirtul, 1369)	WORLD_QUICKLOOT	^0xff018bffSkeleton Warrior^-: ^0xffbed7d7Takes 4 missile damage from Duergar (5 damage resisted)^-
2026-09-04 14:13:04.578 BaldursGateIIEnhancedEdition[85223:118479367] INFO: LUA: A7LOG	543	10282140	709891	Day 1, Hour 14 (3 Mirtul, 1369)	WORLD_QUICKLOOT	^0xff018bffSkeleton Warrior^-: ^0xffbed7d7Death^-
2026-09-04 14:13:04.639 BaldursGateIIEnhancedEdition[85223:118479367] INFO: LUA: A7LOG	544	10282140	709952	Day 1, Hour 14 (3 Mirtul, 1369)	WORLD_QUICKLOOT	^0xff0000ffPAUSED^-
2026-09-04 14:13:04.678 BaldursGateIIEnhancedEdition[85223:118479367] INFO: LUA: A7LOG	545	10282140	709991	Day 1, Hour 14 (3 Mirtul, 1369)	WORLD_QUICKLOOT	^0xffd6bd9fJaheira^-: ^0xffbed7d7Casts Barkskin : Booprikt^-
2026-09-04 14:13:04.678 BaldursGateIIEnhancedEdition[85223:118479367] INFO: LUA: A7LOG	546	10282140	709991	Day 1, Hour 14 (3 Mirtul, 1369)	WORLD_QUICKLOOT	^0xffd6bd9fJaheira^-: ^0xffbed7d7Auto-Paused: Spell Cast^-
2026-09-04 14:13:04.678 BaldursGateIIEnhancedEdition[85223:118479367] INFO: LUA: A7LOG	547	10282140	709991	Day 1, Hour 14 (3 Mirtul, 1369)	WORLD_QUICKLOOT	^0xffcb967dBooprikt^-: ^0xffbed7d7Bark Skin^-
2026-09-04 14:13:07.409 BaldursGateIIEnhancedEdition[85223:118479367] INFO: LUA: A7LOG	548	10282200	712722	Day 1, Hour 14 (3 Mirtul, 1369)	WORLD_QUICKLOOT	^0xff0000ffUNPAUSED^-
2026-09-04 14:13:07.746 BaldursGateIIEnhancedEdition[85223:118479367] INFO: LUA: A7LOG	549	10282500	713059	Day 1, Hour 14 (3 Mirtul, 1369)	WORLD_QUICKLOOT	^0xffd6bd9fJaheira^-: ^0xffbed7d7Attacks Duergar^-
2026-09-04 14:13:09.088 BaldursGateIIEnhancedEdition[85223:118479367] INFO: LUA: A7LOG	550	10283580	714401	Day 1, Hour 14 (3 Mirtul, 1369)	WORLD_QUICKLOOT	^0xff0000ffPAUSED^-
2026-09-04 14:13:09.813 BaldursGateIIEnhancedEdition[85223:118479367] INFO: LUA: A7LOG	551	10283580	715127	Day 1, Hour 14 (3 Mirtul, 1369)	WORLD_QUICKLOOT	^0xffd6bd9fJaheira^-: ^0xffd7c8a0I await your need.^-
2026-09-04 14:13:17.753 BaldursGateIIEnhancedEdition[85223:118479367] INFO: LUA: A7LOG	552	10283580	723066	Day 1, Hour 14 (3 Mirtul, 1369)	WORLD_QUICKLOOT	^0xffd6bd9fJaheira^-: ^0xffbed7d7is Casting Charm Person or Mammal : Ilyich^-
2026-09-04 14:13:19.372 BaldursGateIIEnhancedEdition[85223:118479367] INFO: LUA: A7LOG	553	10283580	724685	Day 1, Hour 14 (3 Mirtul, 1369)	WORLD_QUICKLOOT	^0xffcb967dBooprikt^-: ^0xffd7c8a0Hmm?^-
2026-09-04 14:13:19.860 BaldursGateIIEnhancedEdition[85223:118479367] INFO: LUA: A7LOG	554	10283580	725173	Day 1, Hour 14 (3 Mirtul, 1369)	WORLD_QUICKLOOT	^0xffcb967dBooprikt^-: ^0xffd7c8a0If you say so.^-
2026-09-04 14:13:20.415 BaldursGateIIEnhancedEdition[85223:118479367] INFO: LUA: A7LOG	555	10283640	725728	Day 1, Hour 14 (3 Mirtul, 1369)	WORLD_QUICKLOOT	^0xff0000ffUNPAUSED^-
2026-09-04 14:13:21.244 BaldursGateIIEnhancedEdition[85223:118479367] INFO: LUA: A7LOG	556	10284240	726557	Day 1, Hour 14 (3 Mirtul, 1369)	WORLD_QUICKLOOT	^0xff0000ffPAUSED^-
2026-09-04 14:13:21.244 BaldursGateIIEnhancedEdition[85223:118479367] INFO: LUA: A7LOG	557	10284240	726557	Day 1, Hour 14 (3 Mirtul, 1369)	WORLD_QUICKLOOT	^0xffbed7d7Ilyich^-: ^0xffbed7d7Roll:1  +DamageMod:0  +Hand bonus:0 (+Proficiency 3+Melee bonus 0+Effects 0) +Attack of Opportunity:0  *Backstab:0  +Berserk:0  +Strength:1  +Hated Race:0  +Special Bonus:0 ^-
2026-09-04 14:13:21.244 BaldursGateIIEnhancedEdition[85223:118479367] INFO: LUA: A7LOG	558	10284240	726557	Day 1, Hour 14 (3 Mirtul, 1369)	WORLD_QUICKLOOT	^0xffc0a1aaMinsc^-: ^0xffbed7d7Takes 10 slashing damage from Ilyich (5 damage bonus)^-
2026-09-04 14:13:22.141 BaldursGateIIEnhancedEdition[85223:118479367] INFO: LUA: A7LOG	559	10284240	727454	Day 1, Hour 14 (3 Mirtul, 1369)	WORLD_QUICKLOOT	^0xffcb967dBooprikt^-: ^0xffd7c8a0I'm waiting.^-
2026-09-04 14:13:22.795 BaldursGateIIEnhancedEdition[85223:118479367] INFO: LUA: A7LOG	560	10284240	728108	Day 1, Hour 14 (3 Mirtul, 1369)	WORLD_QUICKLOOT	^0xffffb3f3Imoen^-: ^0xffd7c8a0Yep?^-
2026-09-04 14:13:24.583 BaldursGateIIEnhancedEdition[85223:118479367] INFO: Font: Added point size (20) for font STONESML
2026-09-04 14:13:24.583 BaldursGateIIEnhancedEdition[85223:118479367] INFO: Font: Added point size (19) for font STONESML
2026-09-04 14:13:24.583 BaldursGateIIEnhancedEdition[85223:118479367] INFO: Font: Added point size (17) for font STONESML
2026-09-04 14:13:24.584 BaldursGateIIEnhancedEdition[85223:118479367] INFO: Font: Added point size (16) for font STONESML
2026-09-04 14:13:24.584 BaldursGateIIEnhancedEdition[85223:118479367] INFO: Font: Added point size (15) for font STONESML
2026-09-04 14:13:24.584 BaldursGateIIEnhancedEdition[85223:118479367] INFO: Font: Added point size (14) for font STONESML
2026-09-04 14:13:36.921 BaldursGateIIEnhancedEdition[85223:118479367] INFO: LUA: A7LOG	561	10284240	742233	Day 1, Hour 14 (3 Mirtul, 1369)	WORLD_QUICKLOOT	^0xffffb3f3Imoen^-: ^0xffbed7d7is Attacking Ilyich^-
2026-09-04 14:13:36.921 BaldursGateIIEnhancedEdition[85223:118479367] INFO: LUA: A7LOG	562	10284240	742234	Day 1, Hour 14 (3 Mirtul, 1369)	WORLD_QUICKLOOT	^0xffffb3f3Imoen^-: ^0xffbed7d7Stopped Detecting Traps / Illusions^-
2026-09-04 14:14:03.071 BaldursGateIIEnhancedEdition[85223:118479367] INFO: LUA: A7LOG	563	10284240	768383	Day 1, Hour 14 (3 Mirtul, 1369)	WORLD_QUICKLOOT	^0xff0000ffUNPAUSED^-
2026-09-04 14:14:03.108 BaldursGateIIEnhancedEdition[85223:118479367] INFO: LUA: A7LOG	564	10284300	768420	Day 1, Hour 14 (3 Mirtul, 1369)	WORLD_QUICKLOOT	^0xffffb3f3Imoen^-: ^0xffbed7d7Attacks Ilyich^-
2026-09-04 14:14:03.520 BaldursGateIIEnhancedEdition[85223:118479367] INFO: LUA: A7LOG	565	10284660	768833	Day 1, Hour 14 (3 Mirtul, 1369)	WORLD_QUICKLOOT	^0xffbed7d7Imoen^-: ^0xffbed7d7Roll:11 +Luck:0 +SpecialAC:0  +HitMod:0  +Attack of Opportunity:0  +Berserk:0  +Right:3 (+Weapon Bonus 1+Launcher 0+Proficiency 0+Dex 2+Missile 0+Racial 0+Effects 0) +Invisible:0  +Invisible Target:0  +Range:0  +Hated Race:0  +Special Target:0  +Protections:0 ^-
2026-09-04 14:14:03.521 BaldursGateIIEnhancedEdition[85223:118479367] INFO: LUA: A7LOG	566	10284660	768833	Day 1, Hour 14 (3 Mirtul, 1369)	WORLD_QUICKLOOT	^0xffffb3f3Imoen^-: ^0xffbed7d7Attack Roll 11 + 3 = 14 : Miss^-
2026-09-04 14:14:04.475 BaldursGateIIEnhancedEdition[85223:118479367] INFO: LUA: A7LOG	567	10285500	769787	Day 1, Hour 14 (3 Mirtul, 1369)	WORLD_QUICKLOOT	^0xff4c83c0Duergar^-: ^0xffbed7d7Held^-
2026-09-04 14:14:04.577 BaldursGateIIEnhancedEdition[85223:118479367] INFO: LUA: A7LOG	568	10285560	769889	Day 1, Hour 14 (3 Mirtul, 1369)	WORLD_QUICKLOOT	^0xffabababDuergar^-: ^0xffbed7d7Held^-
2026-09-04 14:14:04.611 BaldursGateIIEnhancedEdition[85223:118479367] INFO: LUA: A7LOG	569	10285620	769923	Day 1, Hour 14 (3 Mirtul, 1369)	WORLD_QUICKLOOT	^0xffd595caIlyich^-: ^0xffbed7d7Held^-
2026-09-04 14:14:04.641 BaldursGateIIEnhancedEdition[85223:118479367] INFO: LUA: A7LOG	570	10285620	769954	Day 1, Hour 14 (3 Mirtul, 1369)	WORLD_QUICKLOOT	^0xffbed7d7Minsc^-: ^0xffbed7d7Save vs. Spell : 17^-
2026-09-04 14:14:06.249 BaldursGateIIEnhancedEdition[85223:118479367] INFO: LUA: A7LOG	571	10287060	771561	Day 1, Hour 14 (3 Mirtul, 1369)	WORLD_QUICKLOOT	^0xffbed7d7Imoen^-: ^0xffbed7d7Roll:6  +DamageMod:0  +Hand bonus:0 (+Proficiency 0+Missile 0+Effects 0) +Attack of Opportunity:0  *Backstab:0  +Berserk:0  +Strength:0  +Hated Race:0  +Special Bonus:0 ^-
2026-09-04 14:14:06.526 BaldursGateIIEnhancedEdition[85223:118479367] INFO: LUA: A7LOG	572	10287300	771838	Day 1, Hour 14 (3 Mirtul, 1369)	WORLD_QUICKLOOT	^0xffd595caIlyich^-: ^0xffbed7d7Takes 6 missile damage from Imoen^-
2026-09-04 14:14:07.384 BaldursGateIIEnhancedEdition[85223:118479367] INFO: LUA: A7LOG	573	10287960	772697	Day 1, Hour 14 (3 Mirtul, 1369)	WORLD_QUICKLOOT	^0xff0000ffPAUSED^-
2026-09-04 14:14:07.405 BaldursGateIIEnhancedEdition[85223:118479367] INFO: LUA: A7LOG	574	10287960	772718	Day 1, Hour 14 (3 Mirtul, 1369)	WORLD_QUICKLOOT	^0xffd6bd9fJaheira^-: ^0xffbed7d7Casts Charm Person or Mammal : Ilyich^-
2026-09-04 14:14:07.405 BaldursGateIIEnhancedEdition[85223:118479367] INFO: LUA: A7LOG	575	10287960	772718	Day 1, Hour 14 (3 Mirtul, 1369)	WORLD_QUICKLOOT	^0xffd6bd9fJaheira^-: ^0xffbed7d7Auto-Paused: Spell Cast^-
2026-09-04 14:14:08.850 BaldursGateIIEnhancedEdition[85223:118479367] INFO: LUA: A7LOG	576	10288020	774162	Day 1, Hour 14 (3 Mirtul, 1369)	WORLD_QUICKLOOT	^0xff0000ffUNPAUSED^-
2026-09-04 14:14:08.918 BaldursGateIIEnhancedEdition[85223:118479367] INFO: LUA: A7LOG	577	10288080	774231	Day 1, Hour 14 (3 Mirtul, 1369)	WORLD_QUICKLOOT	^0xffd6bd9fJaheira^-: ^0xffbed7d7Attacks Ilyich^-
2026-09-04 14:14:09.023 BaldursGateIIEnhancedEdition[85223:118479367] INFO: LUA: A7LOG	578	10288140	774336	Day 1, Hour 14 (3 Mirtul, 1369)	WORLD_QUICKLOOT	^0xffbed7d7Ilyich^-: ^0xffbed7d7Save vs. Spell : 22^-
2026-09-04 14:14:09.810 BaldursGateIIEnhancedEdition[85223:118479367] INFO: LUA: A7LOG	579	10288860	775122	Day 1, Hour 14 (3 Mirtul, 1369)	WORLD_QUICKLOOT	^0xffbed7d7Jaheira^-: ^0xffbed7d7Save vs. Spell : 18^-
2026-09-04 14:14:09.878 BaldursGateIIEnhancedEdition[85223:118479367] INFO: LUA: A7LOG	580	10288800	775191	Day 1, Hour 14 (3 Mirtul, 1369)	WORLD_QUICKLOOT	^0xff0000ffPAUSED^-
2026-09-04 14:14:11.256 BaldursGateIIEnhancedEdition[85223:118479367] INFO: LUA: A7LOG	581	10288800	776569	Day 1, Hour 14 (3 Mirtul, 1369)	WORLD_QUICKLOOT	^0xffd6bd9fJaheira^-: ^0xffd7c8a0Yes?^-
2026-09-04 14:14:11.983 BaldursGateIIEnhancedEdition[85223:118479367] INFO: LUA: A7LOG	582	10288800	777296	Day 1, Hour 14 (3 Mirtul, 1369)	WORLD_QUICKLOOT	^0xffd6bd9fJaheira^-: ^0xffd7c8a0As I would have done.^-
2026-09-04 14:14:12.639 BaldursGateIIEnhancedEdition[85223:118479367] INFO: LUA: A7LOG	583	10288860	777951	Day 1, Hour 14 (3 Mirtul, 1369)	WORLD_QUICKLOOT	^0xff0000ffUNPAUSED^-
2026-09-04 14:14:13.365 BaldursGateIIEnhancedEdition[85223:118479367] INFO: LUA: A7LOG	584	10289400	778678	Day 1, Hour 14 (3 Mirtul, 1369)	WORLD_QUICKLOOT	^0xff0000ffPAUSED^-
2026-09-04 14:14:15.322 BaldursGateIIEnhancedEdition[85223:118479367] INFO: LUA: A7LOG	585	10289400	780634	Day 1, Hour 14 (3 Mirtul, 1369)	WORLD_QUICKLOOT	^0xffc0a1aaMinsc^-: ^0xffd7c8a0You point, I punch.^-
2026-09-04 14:14:17.422 BaldursGateIIEnhancedEdition[85223:118479367] INFO: LUA: A7LOG	586	10289400	782735	Day 1, Hour 14 (3 Mirtul, 1369)	WORLD_QUICKLOOT	^0xff0000ffUNPAUSED^-
2026-09-04 14:14:17.906 BaldursGateIIEnhancedEdition[85223:118479367] INFO: LUA: A7LOG	587	10289820	783218	Day 1, Hour 14 (3 Mirtul, 1369)	WORLD_QUICKLOOT	^0xff4c83c0Duergar^-: ^0xffbed7d7Held^-
2026-09-04 14:14:18.044 BaldursGateIIEnhancedEdition[85223:118479367] INFO: LUA: A7LOG	588	10289940	783356	Day 1, Hour 14 (3 Mirtul, 1369)	WORLD_QUICKLOOT	^0xffd595caIlyich^-: ^0xffbed7d7Held^-
2026-09-04 14:14:18.078 BaldursGateIIEnhancedEdition[85223:118479367] INFO: LUA: A7LOG	589	10290000	783390	Day 1, Hour 14 (3 Mirtul, 1369)	WORLD_QUICKLOOT	^0xffabababDuergar^-: ^0xffbed7d7Held^-
2026-09-04 14:14:19.314 BaldursGateIIEnhancedEdition[85223:118479367] INFO: LUA: A7LOG	590	10291080	784626	Day 1, Hour 14 (3 Mirtul, 1369)	WORLD_QUICKLOOT	^0xffbed7d7Imoen^-: ^0xffbed7d7Roll:1  +DamageMod:0  +Hand bonus:0 (+Proficiency 0+Missile 0+Effects 0) +Attack of Opportunity:0  *Backstab:0  +Berserk:0  +Strength:0  +Hated Race:0  +Special Bonus:0 ^-
2026-09-04 14:14:19.586 BaldursGateIIEnhancedEdition[85223:118479367] INFO: LUA: A7LOG	591	10291320	784899	Day 1, Hour 14 (3 Mirtul, 1369)	WORLD_QUICKLOOT	^0xffd595caIlyich^-: ^0xffbed7d7Takes 1 missile damage from Imoen^-
2026-09-04 14:14:20.916 BaldursGateIIEnhancedEdition[85223:118479367] INFO: LUA: A7LOG	592	10292400	786228	Day 1, Hour 14 (3 Mirtul, 1369)	WORLD_QUICKLOOT	^0xff0000ffPAUSED^-
2026-09-04 14:14:21.635 BaldursGateIIEnhancedEdition[85223:118479367] INFO: LUA: A7LOG	593	10292400	786947	Day 1, Hour 14 (3 Mirtul, 1369)	WORLD_QUICKLOOT	^0xffcb967dBooprikt^-: ^0xffd7c8a0Yes?^-
2026-09-04 14:14:22.937 BaldursGateIIEnhancedEdition[85223:118479367] INFO: LUA: A7LOG	594	10292400	788249	Day 1, Hour 14 (3 Mirtul, 1369)	WORLD_QUICKLOOT	^0xffffb3f3Imoen^-: ^0xffd7c8a0Whatchu want?^-
2026-09-04 14:14:36.107 BaldursGateIIEnhancedEdition[85223:118479367] INFO: LUA: A7LOG	595	10292460	801419	Day 1, Hour 14 (3 Mirtul, 1369)	WORLD_QUICKLOOT	^0xff0000ffUNPAUSED^-
2026-09-04 14:14:36.174 BaldursGateIIEnhancedEdition[85223:118479367] INFO: sAchieveID=NONE,m_sGlobalName=MGAREA1,m_nValue=1
2026-09-04 14:14:38.191 BaldursGateIIEnhancedEdition[85223:118479367] INFO: LUA: A7LOG	596	10294200	803503	Day 1, Hour 14 (3 Mirtul, 1369)	WORLD_QUICKLOOT	^0xff0000ffPAUSED^-
2026-09-04 14:14:38.213 BaldursGateIIEnhancedEdition[85223:118479367] INFO: LUA: A7LOG	597	10294200	803526	Day 1, Hour 14 (3 Mirtul, 1369)	WORLD_QUICKLOOT	^0xffffb3f3Imoen^-: ^0xffbed7d7Casts Fireball^-
2026-09-04 14:14:38.213 BaldursGateIIEnhancedEdition[85223:118479367] INFO: LUA: A7LOG	598	10294200	803526	Day 1, Hour 14 (3 Mirtul, 1369)	WORLD_QUICKLOOT	^0xffffb3f3Imoen^-: ^0xffbed7d7Auto-Paused: Spell Cast^-
2026-09-04 14:14:38.734 BaldursGateIIEnhancedEdition[85223:118479367] INFO: LUA: A7LOG	599	10294200	804046	Day 1, Hour 14 (3 Mirtul, 1369)	WORLD_QUICKLOOT	^0xff0000ffUNPAUSED^-
2026-09-04 14:14:38.801 BaldursGateIIEnhancedEdition[85223:118479367] INFO: LUA: A7LOG	600	10294260	804114	Day 1, Hour 14 (3 Mirtul, 1369)	WORLD_QUICKLOOT	^0xff4c83c0Duergar^-: ^0xffbed7d7Held^-
2026-09-04 14:14:38.937 BaldursGateIIEnhancedEdition[85223:118479367] INFO: LUA: A7LOG	601	10294380	804249	Day 1, Hour 14 (3 Mirtul, 1369)	WORLD_QUICKLOOT	^0xffd595caIlyich^-: ^0xffbed7d7Held^-
2026-09-04 14:14:38.970 BaldursGateIIEnhancedEdition[85223:118479367] INFO: LUA: A7LOG	602	10294440	804283	Day 1, Hour 14 (3 Mirtul, 1369)	WORLD_QUICKLOOT	^0xffabababDuergar^-: ^0xffbed7d7Held^-
2026-09-04 14:14:39.381 BaldursGateIIEnhancedEdition[85223:118479367] INFO: sAchieveID=NONE,m_sGlobalName=SPRITE_IS_DEADNone,m_nValue=1
2026-09-04 14:14:39.389 BaldursGateIIEnhancedEdition[85223:118479367] INFO: LUA: A7LOG	603	10294800	804701	Day 1, Hour 14 (3 Mirtul, 1369)	WORLD_QUICKLOOT	^0xff4c83c0Duergar^-: ^0xff002a9cTakes 30 fire damage from Imoen^-
2026-09-04 14:14:39.389 BaldursGateIIEnhancedEdition[85223:118479367] INFO: LUA: A7LOG	604	10294800	804701	Day 1, Hour 14 (3 Mirtul, 1369)	WORLD_QUICKLOOT	^0xff4c83c0Duergar^-: ^0xffbed7d7Death^-
2026-09-04 14:14:39.389 BaldursGateIIEnhancedEdition[85223:118479367] INFO: LUA: A7LOG	605	10294800	804701	Day 1, Hour 14 (3 Mirtul, 1369)	WORLD_QUICKLOOT	^0xffd595caIlyich^-: ^0xff002a9cTakes 24 fire damage from Imoen^-
2026-09-04 14:14:39.389 BaldursGateIIEnhancedEdition[85223:118479367] INFO: LUA: A7LOG	606	10294800	804701	Day 1, Hour 14 (3 Mirtul, 1369)	WORLD_QUICKLOOT	^0xffabababDuergar^-: ^0xff002a9cTakes 26 fire damage from Imoen^-
2026-09-04 14:14:39.985 BaldursGateIIEnhancedEdition[85223:118479367] INFO: LUA: A7LOG	607	10295340	805297	Day 1, Hour 14 (3 Mirtul, 1369)	WORLD_QUICKLOOT	^0xffc8ffc8The Party Has Gained Experience: 420^-
2026-09-04 14:14:41.069 BaldursGateIIEnhancedEdition[85223:118479367] INFO: sAchieveID=NONE,m_sGlobalName=MGAREA1,m_nValue=0
2026-09-04 14:14:42.167 BaldursGateIIEnhancedEdition[85223:118479367] INFO: LUA: A7LOG	608	10297260	807479	Day 1, Hour 14 (3 Mirtul, 1369)	WORLD_QUICKLOOT	^0xff8ab1bdDuergar^-: ^0xffbed7d7Held^-
2026-09-04 14:14:43.079 BaldursGateIIEnhancedEdition[85223:118479367] INFO: LUA: A7LOG	609	10298040	808391	Day 1, Hour 14 (3 Mirtul, 1369)	WORLD_QUICKLOOT	^0xffbed7d7Mage^-: ^0xffbed7d7Save vs. Spell : 13^-
2026-09-04 14:14:43.461 BaldursGateIIEnhancedEdition[85223:118479367] INFO: LUA: A7LOG	610	10298400	808773	Day 1, Hour 14 (3 Mirtul, 1369)	WORLD_QUICKLOOT	^0xffa9a1b8Duergar^-: ^0xffbed7d7Held^-
2026-09-04 14:14:44.142 BaldursGateIIEnhancedEdition[85223:118479367] INFO: LUA: A7LOG	611	10299000	809454	Day 1, Hour 14 (3 Mirtul, 1369)	WORLD_QUICKLOOT	^0xffabababDuergar^-: ^0xffbed7d7Held^-
2026-09-04 14:14:44.142 BaldursGateIIEnhancedEdition[85223:118479367] INFO: LUA: A7LOG	612	10299000	809454	Day 1, Hour 14 (3 Mirtul, 1369)	WORLD_QUICKLOOT	^0xffd595caIlyich^-: ^0xffbed7d7Held^-
2026-09-04 14:14:44.172 BaldursGateIIEnhancedEdition[85223:118479367] INFO: LUA: A7LOG	613	10299000	809484	Day 1, Hour 14 (3 Mirtul, 1369)	WORLD_QUICKLOOT	^0xffbed7d7Duergar^-: ^0xffbed7d7Save vs. Spell : 16^-
2026-09-04 14:14:44.172 BaldursGateIIEnhancedEdition[85223:118479367] INFO: LUA: A7LOG	614	10299000	809484	Day 1, Hour 14 (3 Mirtul, 1369)	WORLD_QUICKLOOT	^0xff4c83c0Mage^-: ^0xffbed7d7Held^-
2026-09-04 14:14:44.172 BaldursGateIIEnhancedEdition[85223:118479367] INFO: LUA: A7LOG	615	10299000	809484	Day 1, Hour 14 (3 Mirtul, 1369)	WORLD_QUICKLOOT	^0xff8ab1bdDuergar^-: ^0xffbed7d7Held^-
2026-09-04 14:14:45.660 BaldursGateIIEnhancedEdition[85223:118479367] INFO: LUA: A7LOG	616	10300320	810972	Day 1, Hour 14 (3 Mirtul, 1369)	WORLD_QUICKLOOT	^0xffffb3f3Imoen^-: ^0xffbed7d7Attacks Ilyich^-
2026-09-04 14:14:45.660 BaldursGateIIEnhancedEdition[85223:118479367] INFO: LUA: A7LOG	617	10300320	810972	Day 1, Hour 14 (3 Mirtul, 1369)	WORLD_QUICKLOOT	^0xffffb3f3Imoen^-: ^0xffd7c8a0My blade will cut you down to size!^-
2026-09-04 14:14:46.062 BaldursGateIIEnhancedEdition[85223:118479367] INFO: LUA: A7LOG	618	10300680	811374	Day 1, Hour 14 (3 Mirtul, 1369)	WORLD_QUICKLOOT	^0xffbed7d7Imoen^-: ^0xffbed7d7Roll:2  +DamageMod:0  +Hand bonus:0 (+Proficiency 0+Missile 0+Effects 0) +Attack of Opportunity:0  *Backstab:0  +Berserk:0  +Strength:0  +Hated Race:0  +Special Bonus:0 ^-
2026-09-04 14:14:46.335 BaldursGateIIEnhancedEdition[85223:118479367] INFO: LUA: A7LOG	619	10300920	811647	Day 1, Hour 14 (3 Mirtul, 1369)	WORLD_QUICKLOOT	^0xffd595caIlyich^-: ^0xffbed7d7Takes 2 missile damage from Imoen^-
2026-09-04 14:14:47.014 BaldursGateIIEnhancedEdition[85223:118479367] INFO: LUA: A7LOG	620	10301400	812326	Day 1, Hour 14 (3 Mirtul, 1369)	WORLD_QUICKLOOT	^0xff0000ffPAUSED^-
2026-09-04 14:14:49.201 BaldursGateIIEnhancedEdition[85223:118479367] INFO: LUA: A7LOG	621	10301400	814514	Day 1, Hour 14 (3 Mirtul, 1369)	WORLD_QUICKLOOT	^0xffc0a1aaMinsc^-: ^0xffd7c8a0Swords, not words!^-
2026-09-04 14:15:19.141 BaldursGateIIEnhancedEdition[85223:118479367] INFO: LUA: A7LOG	622	10301400	844453	Day 1, Hour 14 (3 Mirtul, 1369)	WORLD_QUICKLOOT	^0xffd6bd9fJaheira^-: ^0xffd7c8a0I am ready.^-
2026-09-04 14:15:19.832 BaldursGateIIEnhancedEdition[85223:118479367] INFO: LUA: A7LOG	623	10301400	845143	Day 1, Hour 14 (3 Mirtul, 1369)	WORLD_QUICKLOOT	^0xffd6bd9fJaheira^-: ^0xffbed7d7is Attacking Ilyich^-
2026-09-04 14:15:20.387 BaldursGateIIEnhancedEdition[85223:118479367] INFO: LUA: A7LOG	624	10301460	845699	Day 1, Hour 14 (3 Mirtul, 1369)	WORLD_QUICKLOOT	^0xff0000ffUNPAUSED^-
2026-09-04 14:15:20.451 BaldursGateIIEnhancedEdition[85223:118479367] INFO: LUA: A7LOG	625	10301520	845762	Day 1, Hour 14 (3 Mirtul, 1369)	WORLD_QUICKLOOT	^0xffd6bd9fJaheira^-: ^0xffbed7d7Attacks Ilyich^-
2026-09-04 14:15:22.093 BaldursGateIIEnhancedEdition[85223:118479367] INFO: LUA: A7LOG	626	10302960	847404	Day 1, Hour 14 (3 Mirtul, 1369)	WORLD_QUICKLOOT	^0xffbed7d7Jaheira^-: ^0xffbed7d7Roll:5  +DamageMod:0  +Hand bonus:0 (+Proficiency 0+Missile 0+Effects 0) +Attack of Opportunity:0  *Backstab:0  +Berserk:0  +Strength:0  +Hated Race:0  +Special Bonus:0 ^-
2026-09-04 14:15:22.160 BaldursGateIIEnhancedEdition[85223:118479367] INFO: LUA: A7LOG	627	10303020	847472	Day 1, Hour 14 (3 Mirtul, 1369)	WORLD_QUICKLOOT	^0xffbed7d7Imoen^-: ^0xffbed7d7Roll:1  +DamageMod:0  +Hand bonus:0 (+Proficiency 0+Missile 0+Effects 0) +Attack of Opportunity:0  *Backstab:0  +Berserk:0  +Strength:0  +Hated Race:0  +Special Bonus:0 ^-
2026-09-04 14:15:22.228 BaldursGateIIEnhancedEdition[85223:118479367] INFO: LUA: A7LOG	628	10303080	847540	Day 1, Hour 14 (3 Mirtul, 1369)	WORLD_QUICKLOOT	^0xffd595caIlyich^-: ^0xffbed7d7Takes 5 missile damage from Jaheira^-
2026-09-04 14:15:22.402 BaldursGateIIEnhancedEdition[85223:118479367] INFO: LUA: A7LOG	629	10303200	847713	Day 1, Hour 14 (3 Mirtul, 1369)	WORLD_QUICKLOOT	^0xffd595caIlyich^-: ^0xffbed7d7Takes 1 missile damage from Imoen^-
2026-09-04 14:15:22.671 BaldursGateIIEnhancedEdition[85223:118479367] INFO: LUA: A7LOG	630	10303440	847983	Day 1, Hour 14 (3 Mirtul, 1369)	WORLD_QUICKLOOT	^0xffabababDuergar^-: ^0xffbed7d7Held^-
2026-09-04 14:15:22.671 BaldursGateIIEnhancedEdition[85223:118479367] INFO: LUA: A7LOG	631	10303440	847983	Day 1, Hour 14 (3 Mirtul, 1369)	WORLD_QUICKLOOT	^0xffd595caIlyich^-: ^0xffbed7d7Held^-
2026-09-04 14:15:22.771 BaldursGateIIEnhancedEdition[85223:118479367] INFO: LUA: A7LOG	632	10303560	848083	Day 1, Hour 14 (3 Mirtul, 1369)	WORLD_QUICKLOOT	^0xffa9a1b8Duergar^-: ^0xffbed7d7Held^-
2026-09-04 14:15:22.771 BaldursGateIIEnhancedEdition[85223:118479367] INFO: LUA: A7LOG	633	10303560	848083	Day 1, Hour 14 (3 Mirtul, 1369)	WORLD_QUICKLOOT	^0xff4c83c0Mage^-: ^0xffbed7d7Held^-
2026-09-04 14:15:22.771 BaldursGateIIEnhancedEdition[85223:118479367] INFO: LUA: A7LOG	634	10303560	848083	Day 1, Hour 14 (3 Mirtul, 1369)	WORLD_QUICKLOOT	^0xff8ab1bdDuergar^-: ^0xffbed7d7Held^-
2026-09-04 14:15:25.343 BaldursGateIIEnhancedEdition[85223:118479367] INFO: LUA: A7LOG	635	10305780	850655	Day 1, Hour 14 (3 Mirtul, 1369)	WORLD_QUICKLOOT	^0xffcb967dBooprikt^-: ^0xffd7c8a0Hmm?^-
2026-09-04 14:15:26.262 BaldursGateIIEnhancedEdition[85223:118479367] INFO: LUA: A7LOG	636	10306620	851573	Day 1, Hour 14 (3 Mirtul, 1369)	WORLD_QUICKLOOT	^0xffbed7d7Imoen^-: ^0xffbed7d7Roll:5  +DamageMod:0  +Hand bonus:0 (+Proficiency 0+Missile 0+Effects 0) +Attack of Opportunity:0  *Backstab:0  +Berserk:0  +Strength:0  +Hated Race:0  +Special Bonus:0 ^-
2026-09-04 14:15:26.499 BaldursGateIIEnhancedEdition[85223:118479367] INFO: LUA: A7LOG	637	10306800	851811	Day 1, Hour 14 (3 Mirtul, 1369)	WORLD_QUICKLOOT	^0xffd595caIlyich^-: ^0xffbed7d7Takes 5 missile damage from Imoen^-
2026-09-04 14:15:26.776 BaldursGateIIEnhancedEdition[85223:118479367] INFO: LUA: A7LOG	638	10307040	852087	Day 1, Hour 14 (3 Mirtul, 1369)	WORLD_QUICKLOOT	^0xffffb3f3Imoen^-: ^0xffd7c8a0Name it.^-
2026-09-04 14:15:27.879 BaldursGateIIEnhancedEdition[85223:118479367] INFO: LUA: A7LOG	639	10308000	853191	Day 1, Hour 14 (3 Mirtul, 1369)	WORLD_QUICKLOOT	^0xffabababDuergar^-: ^0xffbed7d7Held^-
2026-09-04 14:15:27.879 BaldursGateIIEnhancedEdition[85223:118479367] INFO: LUA: A7LOG	640	10308000	853191	Day 1, Hour 14 (3 Mirtul, 1369)	WORLD_QUICKLOOT	^0xffd595caIlyich^-: ^0xffbed7d7Held^-
2026-09-04 14:15:27.981 BaldursGateIIEnhancedEdition[85223:118479367] INFO: LUA: A7LOG	641	10308120	853293	Day 1, Hour 14 (3 Mirtul, 1369)	WORLD_QUICKLOOT	^0xffa9a1b8Duergar^-: ^0xffbed7d7Held^-
2026-09-04 14:15:27.981 BaldursGateIIEnhancedEdition[85223:118479367] INFO: LUA: A7LOG	642	10308120	853293	Day 1, Hour 14 (3 Mirtul, 1369)	WORLD_QUICKLOOT	^0xff4c83c0Mage^-: ^0xffbed7d7Held^-
2026-09-04 14:15:27.981 BaldursGateIIEnhancedEdition[85223:118479367] INFO: LUA: A7LOG	643	10308120	853293	Day 1, Hour 14 (3 Mirtul, 1369)	WORLD_QUICKLOOT	^0xff8ab1bdDuergar^-: ^0xffbed7d7Held^-
2026-09-04 14:15:28.258 BaldursGateIIEnhancedEdition[85223:118479367] INFO: LUA: A7LOG	644	10308360	853569	Day 1, Hour 14 (3 Mirtul, 1369)	WORLD_QUICKLOOT	^0xffffb3f3Imoen^-: ^0xffbed7d7Attacks Ilyich^-
2026-09-04 14:15:28.258 BaldursGateIIEnhancedEdition[85223:118479367] INFO: LUA: A7LOG	645	10308360	853569	Day 1, Hour 14 (3 Mirtul, 1369)	WORLD_QUICKLOOT	^0xffffb3f3Imoen^-: ^0xffd7c8a0If I have to fight to get out of here, so be it!^-
2026-09-04 14:15:28.933 BaldursGateIIEnhancedEdition[85223:118479367] INFO: LUA: A7LOG	646	10308960	854244	Day 1, Hour 14 (3 Mirtul, 1369)	WORLD_QUICKLOOT	^0xffbed7d7Jaheira^-: ^0xffbed7d7Roll:4  +DamageMod:0  +Hand bonus:0 (+Proficiency 0+Missile 0+Effects 0) +Attack of Opportunity:0  *Backstab:0  +Berserk:0  +Strength:0  +Hated Race:0  +Special Bonus:0 ^-
2026-09-04 14:15:29.002 BaldursGateIIEnhancedEdition[85223:118479367] INFO: LUA: A7LOG	647	10309020	854314	Day 1, Hour 14 (3 Mirtul, 1369)	WORLD_QUICKLOOT	^0xffbed7d7Imoen^-: ^0xffbed7d7Roll:2  +DamageMod:0  +Hand bonus:0 (+Proficiency 0+Missile 0+Effects 0) +Attack of Opportunity:0  *Backstab:0  +Berserk:0  +Strength:0  +Hated Race:0  +Special Bonus:0 ^-
2026-09-04 14:15:29.037 BaldursGateIIEnhancedEdition[85223:118479367] INFO: LUA: A7LOG	648	10309020	854349	Day 1, Hour 14 (3 Mirtul, 1369)	WORLD_QUICKLOOT	^0xffd595caIlyich^-: ^0xffbed7d7Takes 4 missile damage from Jaheira^-
2026-09-04 14:15:29.276 BaldursGateIIEnhancedEdition[85223:118479367] INFO: LUA: A7LOG	649	10309260	854587	Day 1, Hour 14 (3 Mirtul, 1369)	WORLD_QUICKLOOT	^0xffd595caIlyich^-: ^0xffbed7d7Takes 2 missile damage from Imoen^-
2026-09-04 14:15:33.094 BaldursGateIIEnhancedEdition[85223:118479367] INFO: LUA: A7LOG	650	10312620	858405	Day 1, Hour 14 (3 Mirtul, 1369)	WORLD_QUICKLOOT	^0xffbed7d7Imoen^-: ^0xffbed7d7Roll:1  +DamageMod:0  +Hand bonus:0 (+Proficiency 0+Missile 0+Effects 0) +Attack of Opportunity:0  *Backstab:0  +Berserk:0  +Strength:0  +Hated Race:0  +Special Bonus:0 ^-
2026-09-04 14:15:33.094 BaldursGateIIEnhancedEdition[85223:118479367] INFO: LUA: A7LOG	651	10312620	858406	Day 1, Hour 14 (3 Mirtul, 1369)	WORLD_QUICKLOOT	^0xffabababDuergar^-: ^0xffbed7d7Held^-
2026-09-04 14:15:33.094 BaldursGateIIEnhancedEdition[85223:118479367] INFO: LUA: A7LOG	652	10312620	858406	Day 1, Hour 14 (3 Mirtul, 1369)	WORLD_QUICKLOOT	^0xffd595caIlyich^-: ^0xffbed7d7Held^-
2026-09-04 14:15:33.130 BaldursGateIIEnhancedEdition[85223:118479367] INFO: LUA: A7LOG	653	10312620	858441	Day 1, Hour 14 (3 Mirtul, 1369)	WORLD_QUICKLOOT	^0xffa9a1b8Duergar^-: ^0xffbed7d7Held^-
2026-09-04 14:15:33.130 BaldursGateIIEnhancedEdition[85223:118479367] INFO: LUA: A7LOG	654	10312620	858441	Day 1, Hour 14 (3 Mirtul, 1369)	WORLD_QUICKLOOT	^0xffbed7d7Mage^-: ^0xffbed7d7Save vs. Spell : 12^-
2026-09-04 14:15:33.130 BaldursGateIIEnhancedEdition[85223:118479367] INFO: LUA: A7LOG	655	10312620	858442	Day 1, Hour 14 (3 Mirtul, 1369)	WORLD_QUICKLOOT	^0xff8ab1bdDuergar^-: ^0xffbed7d7Held^-
2026-09-04 14:15:33.366 BaldursGateIIEnhancedEdition[85223:118479367] INFO: LUA: A7LOG	656	10312860	858678	Day 1, Hour 14 (3 Mirtul, 1369)	WORLD_QUICKLOOT	^0xffd595caIlyich^-: ^0xffbed7d7Takes 1 missile damage from Imoen^-
2026-09-04 14:15:34.525 BaldursGateIIEnhancedEdition[85223:118479367] INFO: LUA: A7LOG	657	10313880	859836	Day 1, Hour 14 (3 Mirtul, 1369)	WORLD_QUICKLOOT	^0xffbed7d7Jaheira^-: ^0xffbed7d7Roll:5  +DamageMod:0  +Hand bonus:0 (+Proficiency 0+Missile 0+Effects 0) +Attack of Opportunity:0  *Backstab:0  +Berserk:0  +Strength:0  +Hated Race:0  +Special Bonus:0 ^-
2026-09-04 14:15:34.628 BaldursGateIIEnhancedEdition[85223:118479367] INFO: sAchieveID=NONE,m_sGlobalName=SPRITE_IS_DEADDuegarClanChief,m_nValue=1
2026-09-04 14:15:34.629 BaldursGateIIEnhancedEdition[85223:118479367] INFO: LUA: A7LOG	658	10313940	859940	Day 1, Hour 14 (3 Mirtul, 1369)	WORLD_QUICKLOOT	^0xffd595caIlyich^-: ^0xffbed7d7Takes 5 missile damage from Jaheira^-
2026-09-04 14:15:34.629 BaldursGateIIEnhancedEdition[85223:118479367] INFO: LUA: A7LOG	659	10313940	859940	Day 1, Hour 14 (3 Mirtul, 1369)	WORLD_QUICKLOOT	^0xffd595caIlyich^-: ^0xffbed7d7Death^-
2026-09-04 14:15:35.416 BaldursGateIIEnhancedEdition[85223:118479367] INFO: LUA: A7LOG	660	10314660	860728	Day 1, Hour 14 (3 Mirtul, 1369)	WORLD_QUICKLOOT	^0xffc8ffc8The Party Has Gained Experience: 520^-
2026-09-04 14:15:37.867 BaldursGateIIEnhancedEdition[85223:118479367] INFO: LUA: A7LOG	661	10316820	863179	Day 1, Hour 14 (3 Mirtul, 1369)	WORLD_QUICKLOOT	^0xffcb967dBooprikt^-: ^0xffd7c8a0I'm waiting.^-
2026-09-04 14:15:38.279 BaldursGateIIEnhancedEdition[85223:118479367] INFO: LUA: A7LOG	662	10317180	863591	Day 1, Hour 14 (3 Mirtul, 1369)	WORLD_QUICKLOOT	^0xffabababDuergar^-: ^0xffbed7d7Held^-
2026-09-04 14:15:38.314 BaldursGateIIEnhancedEdition[85223:118479367] INFO: LUA: A7LOG	663	10317180	863626	Day 1, Hour 14 (3 Mirtul, 1369)	WORLD_QUICKLOOT	^0xff4c83c0Mage^-: ^0xffbed7d7Held^-
2026-09-04 14:15:38.314 BaldursGateIIEnhancedEdition[85223:118479367] INFO: LUA: A7LOG	664	10317180	863626	Day 1, Hour 14 (3 Mirtul, 1369)	WORLD_QUICKLOOT	^0xff8ab1bdDuergar^-: ^0xffbed7d7Held^-
2026-09-04 14:15:38.347 BaldursGateIIEnhancedEdition[85223:118479367] INFO: LUA: A7LOG	665	10317240	863658	Day 1, Hour 14 (3 Mirtul, 1369)	WORLD_QUICKLOOT	^0xffa9a1b8Duergar^-: ^0xffbed7d7Held^-
2026-09-04 14:15:38.567 BaldursGateIIEnhancedEdition[85223:118479367] INFO: LUA: A7LOG	666	10317300	863879	Day 1, Hour 14 (3 Mirtul, 1369)	WORLD_DIALOG_CONFIRM	^0xffffb3f3Imoen^-: ^0xffbed7d7Those dwarves that attacked us‚ÄîI read about them when you were skipping out of lessons back in Candlekeep.^-
2026-09-04 14:15:41.455 BaldursGateIIEnhancedEdition[85223:118479367] INFO: LUA: A7LOG	667	10317300	866766	Day 1, Hour 14 (3 Mirtul, 1369)	WORLD_DIALOG_CONFIRM	^0xffffb3f3Imoen^-: ^0xffbed7d7Duergar, I think. Kind of evil, I guess, so I'm not surprised they would be working for our captor.^-
2026-09-04 14:15:43.021 BaldursGateIIEnhancedEdition[85223:118479367] INFO: LUA: A7LOG	668	10317300	868332	Day 1, Hour 14 (3 Mirtul, 1369)	WORLD_DIALOG_CONFIRM	^0xffcb967dBooprikt^-: ^0xffd7c8a0Quite the little setup down here. Got everything he needs, including smiths.^-
2026-09-04 14:15:43.021 BaldursGateIIEnhancedEdition[85223:118479367] INFO: LUA: A7LOG	669	10317300	868332	Day 1, Hour 14 (3 Mirtul, 1369)	WORLD_DIALOG_CONFIRM	^0xffffb3f3Imoen^-: ^0xffbed7d7For the knives, probably. The knives... he has a lot of them... I'm going to have a couple of scars from this... looks like you will too.^-
2026-09-04 14:15:43.940 BaldursGateIIEnhancedEdition[85223:118479367] INFO: LUA: A7LOG	670	10317300	869252	Day 1, Hour 14 (3 Mirtul, 1369)	WORLD_DIALOG_CONFIRM	^0xffffb3f3Imoen^-: ^0xffbed7d7As if I need another reminder. Booprikt, I don't care what power this guy thinks he can tap in you, he's just sick to the core. We can't ever look back.^-
2026-09-04 14:15:44.560 BaldursGateIIEnhancedEdition[85223:118479367] INFO: Font: Added point size (20) for font POSTANTI
2026-09-04 14:15:45.991 BaldursGateIIEnhancedEdition[85223:118479367] INFO: LUA: A7LOG	671	10318560	871303	Day 1, Hour 14 (3 Mirtul, 1369)	WORLD_QUICKLOOT	^0xffd6bd9fJaheira^-: ^0xffd7c8a0It is about time.^-
2026-09-04 14:15:49.573 BaldursGateIIEnhancedEdition[85223:118479367] INFO: LUA: A7LOG	672	10321680	874884	Day 1, Hour 14 (3 Mirtul, 1369)	WORLD_QUICKLOOT	^0xffabababDuergar^-: ^0xffbed7d7Held^-
2026-09-04 14:15:49.609 BaldursGateIIEnhancedEdition[85223:118479367] INFO: LUA: A7LOG	673	10321680	874921	Day 1, Hour 14 (3 Mirtul, 1369)	WORLD_QUICKLOOT	^0xff4c83c0Mage^-: ^0xffbed7d7Held^-
2026-09-04 14:15:49.609 BaldursGateIIEnhancedEdition[85223:118479367] INFO: LUA: A7LOG	674	10321680	874921	Day 1, Hour 14 (3 Mirtul, 1369)	WORLD_QUICKLOOT	^0xff8ab1bdDuergar^-: ^0xffbed7d7Held^-
2026-09-04 14:15:49.638 BaldursGateIIEnhancedEdition[85223:118479367] INFO: LUA: A7LOG	675	10321740	874949	Day 1, Hour 14 (3 Mirtul, 1369)	WORLD_QUICKLOOT	^0xffa9a1b8Duergar^-: ^0xffbed7d7Held^-
2026-09-04 14:15:51.839 BaldursGateIIEnhancedEdition[85223:118479367] INFO: LUA: A7LOG	676	10323660	877150	Day 1, Hour 14 (3 Mirtul, 1369)	WORLD_QUICKLOOT	^0xffcb967dBooprikt^-: ^0xffd7c8a0Yes?^-
2026-09-04 14:15:52.736 BaldursGateIIEnhancedEdition[85223:118479367] INFO: LUA: A7LOG	677	10324440	878048	Day 1, Hour 14 (3 Mirtul, 1369)	WORLD_QUICKLOOT	^0xffcb967dBooprikt^-: ^0xffbed7d7Stopped Detecting Traps / Illusions^-
2026-09-04 14:15:57.686 BaldursGateIIEnhancedEdition[85223:118479367] INFO: LUA: A7LOG	678	10328640	882997	Day 1, Hour 14 (3 Mirtul, 1369)	WORLD_QUICKLOOT	^0xff0000ffPAUSED^-
2026-09-04 14:15:57.722 BaldursGateIIEnhancedEdition[85223:118479367] INFO: LUA: A7LOG	679	10328640	883034	Day 1, Hour 14 (3 Mirtul, 1369)	WORLD_QUICKLOOT	^0xffd6bd9fJaheira^-: ^0xffbed7d7Auto-Paused: Enemy Sighted^-
2026-09-04 14:16:37.959 BaldursGateIIEnhancedEdition[85223:118479367] INFO: LUA: A7LOG	680	10328640	923270	Day 1, Hour 14 (3 Mirtul, 1369)	WORLD_QUICKLOOT	^0xff0000ffUNPAUSED^-
2026-09-04 14:16:39.502 BaldursGateIIEnhancedEdition[85223:118479367] INFO: LUA: A7LOG	681	10329900	924813	Day 1, Hour 14 (3 Mirtul, 1369)	WORLD_QUICKLOOT	^0xff0000ffPAUSED^-
2026-09-04 14:16:42.885 BaldursGateIIEnhancedEdition[85223:118479367] INFO: LUA: A7LOG	682	10329900	928196	Day 1, Hour 14 (3 Mirtul, 1369)	WORLD_QUICKLOOT	^0xffd6bd9fJaheira^-: ^0xffd7c8a0Speak your mind.^-
2026-09-04 14:16:44.612 BaldursGateIIEnhancedEdition[85223:118479367] INFO: LUA: A7LOG	683	10329900	929922	Day 1, Hour 14 (3 Mirtul, 1369)	WORLD_QUICKLOOT	^0xffd6bd9fJaheira^-: ^0xffbed7d7is Attacking Duergar^-
2026-09-04 14:16:45.095 BaldursGateIIEnhancedEdition[85223:118479367] INFO: LUA: A7LOG	684	10329960	930405	Day 1, Hour 14 (3 Mirtul, 1369)	WORLD_QUICKLOOT	^0xff0000ffUNPAUSED^-
2026-09-04 14:16:45.132 BaldursGateIIEnhancedEdition[85223:118479367] INFO: LUA: A7LOG	685	10329960	930443	Day 1, Hour 14 (3 Mirtul, 1369)	WORLD_QUICKLOOT	^0xffc0a1aaMinsc^-: ^0xffbed7d7Attacks Duergar^-
2026-09-04 14:16:45.132 BaldursGateIIEnhancedEdition[85223:118479367] INFO: LUA: A7LOG	686	10329960	930443	Day 1, Hour 14 (3 Mirtul, 1369)	WORLD_QUICKLOOT	^0xffc0a1aaMinsc^-: ^0xffd7c8a0Great fun! Hehe. Right, Boo?^-
2026-09-04 14:16:45.132 BaldursGateIIEnhancedEdition[85223:118479367] INFO: LUA: A7LOG	687	10329960	930443	Day 1, Hour 14 (3 Mirtul, 1369)	WORLD_QUICKLOOT	^0xffcb967dBooprikt^-: ^0xffbed7d7Attacks Duergar^-
2026-09-04 14:16:45.161 BaldursGateIIEnhancedEdition[85223:118479367] INFO: LUA: A7LOG	688	10330020	930472	Day 1, Hour 14 (3 Mirtul, 1369)	WORLD_QUICKLOOT	^0xffd6bd9fJaheira^-: ^0xffbed7d7Attacks Duergar^-
2026-09-04 14:16:45.162 BaldursGateIIEnhancedEdition[85223:118479367] INFO: LUA: A7LOG	689	10330020	930472	Day 1, Hour 14 (3 Mirtul, 1369)	WORLD_QUICKLOOT	^0xffffb3f3Imoen^-: ^0xffbed7d7Attacks Duergar^-
2026-09-04 14:16:45.547 BaldursGateIIEnhancedEdition[85223:118479367] INFO: LUA: A7LOG	690	10330320	930858	Day 1, Hour 14 (3 Mirtul, 1369)	WORLD_QUICKLOOT	^0xffcb967dBooprikt^-: ^0xffbed7d7Critical Miss^-
2026-09-04 14:16:45.547 BaldursGateIIEnhancedEdition[85223:118479367] INFO: LUA: A7LOG	691	10330320	930858	Day 1, Hour 14 (3 Mirtul, 1369)	WORLD_QUICKLOOT	^0xffcb967dBooprikt^-: ^0xffd7c8a0Ooh! You wily bastard.^-
2026-09-04 14:16:45.548 BaldursGateIIEnhancedEdition[85223:118479367] INFO: LUA: A7LOG	692	10330320	930858	Day 1, Hour 14 (3 Mirtul, 1369)	WORLD_QUICKLOOT	^0xffbed7d7Booprikt^-: ^0xffbed7d7Roll:1 +Luck:0 +SpecialAC:2  +HitMod:0  +Attack of Opportunity:0  +Berserk:0  +Right:2 (+Weapon Bonus 0+Launcher 0+Proficiency 0+Dex 2+Missile 0+Racial 0+Effects 0) +Invisible:0  +Invisible Target:0  +Range:0  +Hated Race:0  +Special Target:0  +Protections:0 ^-
2026-09-04 14:16:45.548 BaldursGateIIEnhancedEdition[85223:118479367] INFO: LUA: A7LOG	693	10330320	930858	Day 1, Hour 14 (3 Mirtul, 1369)	WORLD_QUICKLOOT	^0xffcb967dBooprikt^-: ^0xffbed7d7Attack Roll 1 + 4 = 5 : Miss^-
2026-09-04 14:16:45.573 BaldursGateIIEnhancedEdition[85223:118479367] INFO: LUA: A7LOG	694	10330380	930883	Day 1, Hour 14 (3 Mirtul, 1369)	WORLD_QUICKLOOT	^0xffbed7d7Jaheira^-: ^0xffbed7d7Roll:3 +Luck:0 +SpecialAC:2  +HitMod:0  +Attack of Opportunity:0  +Berserk:0  +Right:2 (+Weapon Bonus 0+Launcher 0+Proficiency 0+Dex 2+Missile 0+Racial 0+Effects 0) +Invisible:0  +Invisible Target:0  +Range:0  +Hated Race:0  +Special Target:0  +Protections:0 ^-
2026-09-04 14:16:45.573 BaldursGateIIEnhancedEdition[85223:118479367] INFO: LUA: A7LOG	695	10330380	930884	Day 1, Hour 14 (3 Mirtul, 1369)	WORLD_QUICKLOOT	^0xffd6bd9fJaheira^-: ^0xffbed7d7Attack Roll 3 + 4 = 7 : Miss^-
2026-09-04 14:16:45.913 BaldursGateIIEnhancedEdition[85223:118479367] INFO: LUA: A7LOG	696	10330680	931224	Day 1, Hour 14 (3 Mirtul, 1369)	WORLD_QUICKLOOT	^0xffbed7d7Imoen^-: ^0xffbed7d7Roll:17 +Luck:0 +SpecialAC:2  +HitMod:0  +Attack of Opportunity:0  +Berserk:0  +Right:3 (+Weapon Bonus 1+Launcher 0+Proficiency 0+Dex 2+Missile 0+Racial 0+Effects 0) +Invisible:0  +Invisible Target:0  +Range:0  +Hated Race:0  +Special Target:0  +Protections:0 ^-
2026-09-04 14:16:45.913 BaldursGateIIEnhancedEdition[85223:118479367] INFO: LUA: A7LOG	697	10330680	931224	Day 1, Hour 14 (3 Mirtul, 1369)	WORLD_QUICKLOOT	^0xffffb3f3Imoen^-: ^0xffbed7d7Attack Roll 17 + 5 = 22 : Hit^-
2026-09-04 14:16:45.913 BaldursGateIIEnhancedEdition[85223:118479367] INFO: LUA: A7LOG	698	10330680	931224	Day 1, Hour 14 (3 Mirtul, 1369)	WORLD_QUICKLOOT	^0xffbed7d7Imoen^-: ^0xffbed7d7Roll:2  +DamageMod:0  +Hand bonus:0 (+Proficiency 0+Missile 0+Effects 0) +Attack of Opportunity:0  *Backstab:0  +Berserk:0  +Strength:0  +Hated Race:0  +Special Bonus:0 ^-
2026-09-04 14:16:46.158 BaldursGateIIEnhancedEdition[85223:118479367] INFO: LUA: A7LOG	699	10330860	931469	Day 1, Hour 14 (3 Mirtul, 1369)	WORLD_QUICKLOOT	^0xff8ab1bdDuergar^-: ^0xffbed7d7Takes 2 missile damage from Imoen^-
2026-09-04 14:16:47.003 BaldursGateIIEnhancedEdition[85223:118479367] INFO: LUA: A7LOG	700	10331640	932314	Day 1, Hour 14 (3 Mirtul, 1369)	WORLD_QUICKLOOT	^0xff8ab1bdDuergar^-: ^0xffbed7d7By Moradin's hammer!^-
2026-09-04 14:16:47.003 BaldursGateIIEnhancedEdition[85223:118479367] INFO: LUA: A7LOG	701	10331640	932314	Day 1, Hour 14 (3 Mirtul, 1369)	WORLD_QUICKLOOT	^0xff8ab1bdDuergar^-: ^0xffbed7d7Attacks Imoen^-
2026-09-04 14:16:47.171 BaldursGateIIEnhancedEdition[85223:118479367] INFO: LUA: A7LOG	702	10331700	932482	Day 1, Hour 14 (3 Mirtul, 1369)	WORLD_QUICKLOOT	^0xff0000ffPAUSED^-
2026-09-04 14:16:49.626 BaldursGateIIEnhancedEdition[85223:118479367] INFO: LUA: A7LOG	703	10331700	934937	Day 1, Hour 14 (3 Mirtul, 1369)	WORLD_QUICKLOOT	^0xffffb3f3Imoen^-: ^0xffd7c8a0Ready and willing.^-
2026-09-04 14:16:55.106 BaldursGateIIEnhancedEdition[85223:118479367] INFO: LUA: A7LOG	704	10331760	940417	Day 1, Hour 14 (3 Mirtul, 1369)	WORLD_QUICKLOOT	^0xff0000ffUNPAUSED^-
2026-09-04 14:16:56.065 BaldursGateIIEnhancedEdition[85223:118479367] INFO: LUA: A7LOG	705	10332600	941375	Day 1, Hour 14 (3 Mirtul, 1369)	WORLD_QUICKLOOT	^0xff8ab1bdDuergar^-: ^0xffbed7d7By Moradin's hammer!^-
2026-09-04 14:16:56.065 BaldursGateIIEnhancedEdition[85223:118479367] INFO: LUA: A7LOG	706	10332600	941375	Day 1, Hour 14 (3 Mirtul, 1369)	WORLD_QUICKLOOT	^0xff8ab1bdDuergar^-: ^0xffbed7d7Attacks Minsc^-
2026-09-04 14:16:56.505 BaldursGateIIEnhancedEdition[85223:118479367] INFO: LUA: A7LOG	707	10332960	941815	Day 1, Hour 14 (3 Mirtul, 1369)	WORLD_QUICKLOOT	^0xff4c83c0Mage^-: ^0xffbed7d7Casts Flame Arrow : Minsc^-
2026-09-04 14:16:56.952 BaldursGateIIEnhancedEdition[85223:118479367] INFO: LUA: A7LOG	708	10333380	942263	Day 1, Hour 14 (3 Mirtul, 1369)	WORLD_QUICKLOOT	^0xffc0a1aaMinsc^-: ^0xff002a9cTakes 30 fire damage from Mage (15 damage bonus)^-
2026-09-04 14:16:56.952 BaldursGateIIEnhancedEdition[85223:118479367] INFO: LUA: A7LOG	709	10333380	942263	Day 1, Hour 14 (3 Mirtul, 1369)	WORLD_QUICKLOOT	^0xffc0a1aaMinsc^-: ^0xffbed7d7Takes 6 piercing damage from Mage (3 damage bonus)^-
2026-09-04 14:16:57.318 BaldursGateIIEnhancedEdition[85223:118479367] INFO: LUA: A7LOG	710	10333620	942628	Day 1, Hour 14 (3 Mirtul, 1369)	WORLD_QUICKLOOT	^0xff0000ffPAUSED^-
2026-09-04 14:16:57.352 BaldursGateIIEnhancedEdition[85223:118479367] INFO: LUA: A7LOG	711	10333620	942663	Day 1, Hour 14 (3 Mirtul, 1369)	WORLD_QUICKLOOT	^0xffffb3f3Imoen^-: ^0xffbed7d7Casts Web^-
2026-09-04 14:16:57.352 BaldursGateIIEnhancedEdition[85223:118479367] INFO: LUA: A7LOG	712	10333620	942663	Day 1, Hour 14 (3 Mirtul, 1369)	WORLD_QUICKLOOT	^0xffffb3f3Imoen^-: ^0xffbed7d7Auto-Paused: Spell Cast^-
2026-09-04 14:16:58.482 BaldursGateIIEnhancedEdition[85223:118479367] INFO: LUA: A7LOG	713	10333620	943792	Day 1, Hour 14 (3 Mirtul, 1369)	WORLD_QUICKLOOT	^0xff0000ffUNPAUSED^-
2026-09-04 14:16:58.556 BaldursGateIIEnhancedEdition[85223:118479367] INFO: LUA: A7LOG	714	10333680	943867	Day 1, Hour 14 (3 Mirtul, 1369)	WORLD_QUICKLOOT	^0xffabababDuergar^-: ^0xffbed7d7By Moradin's hammer!^-
2026-09-04 14:16:58.556 BaldursGateIIEnhancedEdition[85223:118479367] INFO: LUA: A7LOG	715	10333680	943867	Day 1, Hour 14 (3 Mirtul, 1369)	WORLD_QUICKLOOT	^0xffabababDuergar^-: ^0xffbed7d7Attacks Minsc^-
2026-09-04 14:16:58.891 BaldursGateIIEnhancedEdition[85223:118479367] INFO: LUA: A7LOG	716	10333980	944202	Day 1, Hour 14 (3 Mirtul, 1369)	WORLD_QUICKLOOT	^0xffbed7d7Minsc^-: ^0xffbed7d7Roll:6 +Luck:0 +SpecialAC:0  +HitMod:0  +Attack of Opportunity:0  +Berserk:0  +Right:3 (+Weapon Bonus 0+Proficiency 1+STR 1+STREX 1+Melee bonus 0+Racial 0+Effects 0) +Invisible:0  +Invisible Target:0  +Range:0  +Hated Race:0  +Special Target:0  +Protections:0 ^-
2026-09-04 14:16:58.891 BaldursGateIIEnhancedEdition[85223:118479367] INFO: LUA: A7LOG	717	10333980	944202	Day 1, Hour 14 (3 Mirtul, 1369)	WORLD_QUICKLOOT	^0xffc0a1aaMinsc^-: ^0xffbed7d7Attack Roll 6 + 3 = 9 : Hit^-
2026-09-04 14:16:58.891 BaldursGateIIEnhancedEdition[85223:118479367] INFO: LUA: A7LOG	718	10333980	944202	Day 1, Hour 14 (3 Mirtul, 1369)	WORLD_QUICKLOOT	^0xffbed7d7Minsc^-: ^0xffbed7d7Roll:10  +DamageMod:0  +Hand bonus:0 (+Proficiency 2+Melee bonus 0+Effects 0) +Attack of Opportunity:0  *Backstab:0  +Berserk:0  +Strength:5  +Hated Race:0  +Special Bonus:0 ^-
2026-09-04 14:16:58.891 BaldursGateIIEnhancedEdition[85223:118479367] INFO: LUA: A7LOG	719	10333980	944202	Day 1, Hour 14 (3 Mirtul, 1369)	WORLD_QUICKLOOT	^0xff8ab1bdDuergar^-: ^0xffbed7d7Takes 17 slashing damage from Minsc^-
2026-09-04 14:16:59.164 BaldursGateIIEnhancedEdition[85223:118479367] INFO: LUA: A7LOG	720	10334220	944475	Day 1, Hour 14 (3 Mirtul, 1369)	WORLD_QUICKLOOT	^0xffffb3f3Imoen^-: ^0xffbed7d7Detecting Traps / Illusions^-
2026-09-04 14:16:59.334 BaldursGateIIEnhancedEdition[85223:118479367] INFO: LUA: A7LOG	721	10334400	944644	Day 1, Hour 14 (3 Mirtul, 1369)	WORLD_QUICKLOOT	^0xff8ab1bdDuergar^-: ^0xffbed7d7Attacks Minsc^-
2026-09-04 14:16:59.402 BaldursGateIIEnhancedEdition[85223:118479367] INFO: LUA: A7LOG	722	10334460	944713	Day 1, Hour 14 (3 Mirtul, 1369)	WORLD_QUICKLOOT	^0xffa9a1b8Duergar^-: ^0xffbed7d7Attacks Minsc^-
2026-09-04 14:16:59.505 BaldursGateIIEnhancedEdition[85223:118479367] INFO: LUA: A7LOG	723	10334520	944815	Day 1, Hour 14 (3 Mirtul, 1369)	WORLD_QUICKLOOT	^0xffbed7d7Duergar^-: ^0xffbed7d7Save vs. Spell : 14^-
2026-09-04 14:16:59.539 BaldursGateIIEnhancedEdition[85223:118479367] INFO: LUA: A7LOG	724	10334580	944850	Day 1, Hour 14 (3 Mirtul, 1369)	WORLD_QUICKLOOT	^0xff4c83c0Mage^-: ^0xffbed7d7Held^-
2026-09-04 14:16:59.573 BaldursGateIIEnhancedEdition[85223:118479367] INFO: LUA: A7LOG	725	10334580	944883	Day 1, Hour 14 (3 Mirtul, 1369)	WORLD_QUICKLOOT	^0xffabababDuergar^-: ^0xffbed7d7Held^-
2026-09-04 14:16:59.813 BaldursGateIIEnhancedEdition[85223:118479367] INFO: LUA: A7LOG	726	10334820	945124	Day 1, Hour 14 (3 Mirtul, 1369)	WORLD_QUICKLOOT	^0xffbed7d7Duergar^-: ^0xffbed7d7Roll:19 +Luck:0 +SpecialAC:-1  +HitMod:0  +Attack of Opportunity:0  +Berserk:0  +Right:1 (+Weapon Bonus 0+Launcher 0+Proficiency 1+Dex 0+Missile 0+Racial 0+Effects 0) +Invisible:0  +Invisible Target:0  +Range:0  +Hated Race:0  +Special Target:0  +Protections:0 ^-
2026-09-04 14:16:59.813 BaldursGateIIEnhancedEdition[85223:118479367] INFO: LUA: A7LOG	727	10334820	945124	Day 1, Hour 14 (3 Mirtul, 1369)	WORLD_QUICKLOOT	^0xffa9a1b8Duergar^-: ^0xffbed7d7Attack Roll 19 + 0 = 19 : Hit^-
2026-09-04 14:16:59.813 BaldursGateIIEnhancedEdition[85223:118479367] INFO: LUA: A7LOG	728	10334820	945124	Day 1, Hour 14 (3 Mirtul, 1369)	WORLD_QUICKLOOT	^0xffbed7d7Duergar^-: ^0xffbed7d7Roll:5  +DamageMod:0  +Hand bonus:0 (+Proficiency 2+Missile 0+Effects 0) +Attack of Opportunity:0  *Backstab:0  +Berserk:0  +Strength:0  +Hated Race:0  +Special Bonus:0 ^-
2026-09-04 14:17:00.156 BaldursGateIIEnhancedEdition[85223:118479367] INFO: LUA: A7LOG	729	10335120	945466	Day 1, Hour 14 (3 Mirtul, 1369)	WORLD_QUICKLOOT	^0xffbed7d7Duergar^-: ^0xffbed7d7Roll:4 +Luck:0 +SpecialAC:0  +HitMod:0  +Attack of Opportunity:0  +Berserk:0  +Right:1 (+Weapon Bonus 0+Proficiency 1+STR 0+STREX 0+Melee bonus 0+Racial 0+Effects 0) +Invisible:0  +Invisible Target:0  +Range:0  +Hated Race:0  +Special Target:0  +Protections:0 ^-
2026-09-04 14:17:00.156 BaldursGateIIEnhancedEdition[85223:118479367] INFO: LUA: A7LOG	730	10335120	945467	Day 1, Hour 14 (3 Mirtul, 1369)	WORLD_QUICKLOOT	^0xff8ab1bdDuergar^-: ^0xffbed7d7Attack Roll 4 + 1 = 5 : Miss^-
2026-09-04 14:17:00.202 BaldursGateIIEnhancedEdition[85223:118479367] INFO: LUA: A7LOG	731	10335120	945513	Day 1, Hour 14 (3 Mirtul, 1369)	WORLD_QUICKLOOT	^0xffc0a1aaMinsc^-: ^0xffbed7d7Takes 14 missile damage from Duergar (7 damage bonus)^-
2026-09-04 14:17:00.202 BaldursGateIIEnhancedEdition[85223:118479367] INFO: LUA: A7LOG	732	10335120	945513	Day 1, Hour 14 (3 Mirtul, 1369)	WORLD_QUICKLOOT	^0xffc0a1aaMinsc^-: ^0xffd7c8a0I must get aid soon. Boo is too young to have to avenge me.^-
2026-09-04 14:17:01.176 BaldursGateIIEnhancedEdition[85223:118479367] INFO: LUA: A7LOG	733	10335900	946487	Day 1, Hour 14 (3 Mirtul, 1369)	WORLD_QUICKLOOT	^0xff0000ffPAUSED^-
2026-09-04 14:17:02.280 BaldursGateIIEnhancedEdition[85223:118479367] INFO: LUA: A7LOG	734	10335900	947591	Day 1, Hour 14 (3 Mirtul, 1369)	WORLD_QUICKLOOT	^0xffc0a1aaMinsc^-: ^0xffd7c8a0Minsc and Boo stand ready.^-
2026-09-04 14:17:03.696 BaldursGateIIEnhancedEdition[85223:118479367] INFO: LUA: A7LOG	735	10335900	949007	Day 1, Hour 14 (3 Mirtul, 1369)	WORLD_QUICKLOOT	^0xffc0a1aaMinsc^-: ^0xffd7c8a0Live by the sword, live a good long time!^-
2026-09-04 14:17:03.912 BaldursGateIIEnhancedEdition[85223:118479367] INFO: LUA: A7LOG	736	10335900	949222	Day 1, Hour 14 (3 Mirtul, 1369)	WORLD_QUICKLOOT	^0xffd6bd9fJaheira^-: ^0xffd7c8a0Nature's servant awaits.^-
2026-09-04 14:17:05.751 BaldursGateIIEnhancedEdition[85223:118479367] INFO: LUA: A7LOG	737	10335900	951062	Day 1, Hour 14 (3 Mirtul, 1369)	WORLD_QUICKLOOT	^0xffd6bd9fJaheira^-: ^0xffbed7d7is Attacking Duergar^-
2026-09-04 14:17:06.169 BaldursGateIIEnhancedEdition[85223:118479367] INFO: LUA: A7LOG	738	10335960	951480	Day 1, Hour 14 (3 Mirtul, 1369)	WORLD_QUICKLOOT	^0xff0000ffUNPAUSED^-
2026-09-04 14:17:06.240 BaldursGateIIEnhancedEdition[85223:118479367] INFO: LUA: A7LOG	739	10336020	951550	Day 1, Hour 14 (3 Mirtul, 1369)	WORLD_QUICKLOOT	^0xffd6bd9fJaheira^-: ^0xffbed7d7Attacks Duergar^-
2026-09-04 14:17:06.406 BaldursGateIIEnhancedEdition[85223:118479367] INFO: LUA: A7LOG	740	10336140	951717	Day 1, Hour 14 (3 Mirtul, 1369)	WORLD_QUICKLOOT	^0xffbed7d7Booprikt^-: ^0xffbed7d7Roll:17 +Luck:0 +SpecialAC:2  +HitMod:0  +Attack of Opportunity:0  +Berserk:0  +Right:2 (+Weapon Bonus 0+Launcher 0+Proficiency 0+Dex 2+Missile 0+Racial 0+Effects 0) +Invisible:0  +Invisible Target:0  +Range:0  +Hated Race:0  +Special Target:0  +Protections:0 ^-
2026-09-04 14:17:06.406 BaldursGateIIEnhancedEdition[85223:118479367] INFO: LUA: A7LOG	741	10336140	951717	Day 1, Hour 14 (3 Mirtul, 1369)	WORLD_QUICKLOOT	^0xffcb967dBooprikt^-: ^0xffbed7d7Attack Roll 17 + 4 = 21 : Hit^-
2026-09-04 14:17:06.406 BaldursGateIIEnhancedEdition[85223:118479367] INFO: LUA: A7LOG	742	10336140	951717	Day 1, Hour 14 (3 Mirtul, 1369)	WORLD_QUICKLOOT	^0xffbed7d7Booprikt^-: ^0xffbed7d7Roll:4  +DamageMod:0  +Hand bonus:0 (+Proficiency 0+Missile 0+Effects 0) +Attack of Opportunity:0  *Backstab:0  +Berserk:0  +Strength:2  +Hated Race:0  +Special Bonus:0 ^-
2026-09-04 14:17:06.510 BaldursGateIIEnhancedEdition[85223:118479367] INFO: LUA: A7LOG	743	10336260	951820	Day 1, Hour 14 (3 Mirtul, 1369)	WORLD_QUICKLOOT	^0xff8ab1bdDuergar^-: ^0xffbed7d7By Moradin's hammer!^-
2026-09-04 14:17:06.510 BaldursGateIIEnhancedEdition[85223:118479367] INFO: LUA: A7LOG	744	10336260	951821	Day 1, Hour 14 (3 Mirtul, 1369)	WORLD_QUICKLOOT	^0xff8ab1bdDuergar^-: ^0xffbed7d7Attacks Minsc^-
2026-09-04 14:17:06.577 BaldursGateIIEnhancedEdition[85223:118479367] INFO: sAchieveID=NONE,m_sGlobalName=SPRITE_IS_DEADNone,m_nValue=1
2026-09-04 14:17:06.582 BaldursGateIIEnhancedEdition[85223:118479367] INFO: LUA: A7LOG	745	10336320	951892	Day 1, Hour 14 (3 Mirtul, 1369)	WORLD_QUICKLOOT	^0xff8ab1bdDuergar^-: ^0xffbed7d7Takes 6 missile damage from Booprikt^-
2026-09-04 14:17:06.582 BaldursGateIIEnhancedEdition[85223:118479367] INFO: LUA: A7LOG	746	10336320	951892	Day 1, Hour 14 (3 Mirtul, 1369)	WORLD_QUICKLOOT	^0xff8ab1bdDuergar^-: ^0xffbed7d7Death^-
2026-09-04 14:17:07.123 BaldursGateIIEnhancedEdition[85223:118479367] INFO: LUA: A7LOG	747	10336800	952434	Day 1, Hour 14 (3 Mirtul, 1369)	WORLD_QUICKLOOT	^0xffcb967dBooprikt^-: ^0xffbed7d7Detecting Traps / Illusions^-
2026-09-04 14:17:07.159 BaldursGateIIEnhancedEdition[85223:118479367] INFO: LUA: A7LOG	748	10336800	952470	Day 1, Hour 14 (3 Mirtul, 1369)	WORLD_QUICKLOOT	^0xffc8ffc8The Party Has Gained Experience: 420^-
2026-09-04 14:17:07.466 BaldursGateIIEnhancedEdition[85223:118479367] INFO: LUA: A7LOG	749	10336980	952777	Day 1, Hour 14 (3 Mirtul, 1369)	WORLD_QUICKLOOT	^0xff0000ffPAUSED^-
2026-09-04 14:17:07.706 BaldursGateIIEnhancedEdition[85223:118479367] INFO: LUA: A7LOG	750	10336980	953017	Day 1, Hour 14 (3 Mirtul, 1369)	WORLD_QUICKLOOT	^0xffc0a1aaMinsc^-: ^0xffd7c8a0Every hamster has his day.^-
2026-09-04 14:17:10.236 BaldursGateIIEnhancedEdition[85223:118479367] INFO: LUA: A7LOG	751	10336980	955547	Day 1, Hour 14 (3 Mirtul, 1369)	WORLD_QUICKLOOT	^0xffcb967dBooprikt^-: ^0xffd7c8a0Hmm?^-
2026-09-04 14:17:11.375 BaldursGateIIEnhancedEdition[85223:118479367] INFO: LUA: A7LOG	752	10336980	956686	Day 1, Hour 14 (3 Mirtul, 1369)	WORLD_QUICKLOOT	^0xffcb967dBooprikt^-: ^0xffbed7d7Stopped Detecting Traps / Illusions^-
2026-09-04 14:17:14.555 BaldursGateIIEnhancedEdition[85223:118479367] INFO: LUA: A7LOG	753	10336980	959865	Day 1, Hour 14 (3 Mirtul, 1369)	WORLD_QUICKLOOT	^0xffcb967dBooprikt^-: ^0xffbed7d7is Casting Cure Medium Wounds : Minsc^-
2026-09-04 14:17:17.410 BaldursGateIIEnhancedEdition[85223:118479367] INFO: LUA: A7LOG	754	10337040	962720	Day 1, Hour 14 (3 Mirtul, 1369)	WORLD_QUICKLOOT	^0xff0000ffUNPAUSED^-
2026-09-04 14:17:19.629 BaldursGateIIEnhancedEdition[85223:118479367] INFO: LUA: A7LOG	755	10338960	964939	Day 1, Hour 14 (3 Mirtul, 1369)	WORLD_QUICKLOOT	^0xff4c83c0Mage^-: ^0xffbed7d7Held^-
2026-09-04 14:17:19.663 BaldursGateIIEnhancedEdition[85223:118479367] INFO: LUA: A7LOG	756	10339020	964973	Day 1, Hour 14 (3 Mirtul, 1369)	WORLD_QUICKLOOT	^0xffa9a1b8Duergar^-: ^0xffbed7d7Held^-
2026-09-04 14:17:19.697 BaldursGateIIEnhancedEdition[85223:118479367] INFO: LUA: A7LOG	757	10339020	965007	Day 1, Hour 14 (3 Mirtul, 1369)	WORLD_QUICKLOOT	^0xffabababDuergar^-: ^0xffbed7d7Held^-
2026-09-04 14:17:21.020 BaldursGateIIEnhancedEdition[85223:118479367] INFO: LUA: A7LOG	758	10340160	966330	Day 1, Hour 14 (3 Mirtul, 1369)	WORLD_QUICKLOOT	^0xff0000ffPAUSED^-
2026-09-04 14:17:21.063 BaldursGateIIEnhancedEdition[85223:118479367] INFO: LUA: A7LOG	759	10340160	966373	Day 1, Hour 14 (3 Mirtul, 1369)	WORLD_QUICKLOOT	^0xffcb967dBooprikt^-: ^0xffbed7d7Casts Cure Medium Wounds : Minsc^-
2026-09-04 14:17:21.063 BaldursGateIIEnhancedEdition[85223:118479367] INFO: LUA: A7LOG	760	10340160	966373	Day 1, Hour 14 (3 Mirtul, 1369)	WORLD_QUICKLOOT	^0xffcb967dBooprikt^-: ^0xffbed7d7Auto-Paused: Spell Cast^-
2026-09-04 14:17:21.063 BaldursGateIIEnhancedEdition[85223:118479367] INFO: LUA: A7LOG	761	10340160	966373	Day 1, Hour 14 (3 Mirtul, 1369)	WORLD_QUICKLOOT	^0xffc0a1aaMinsc^-: ^0xffbed7d7Healed^-
2026-09-04 14:17:23.064 BaldursGateIIEnhancedEdition[85223:118479367] INFO: LUA: A7LOG	762	10340160	968374	Day 1, Hour 14 (3 Mirtul, 1369)	WORLD_QUICKLOOT	^0xffd6bd9fJaheira^-: ^0xffd7c8a0I await your need.^-
2026-09-04 14:17:25.797 BaldursGateIIEnhancedEdition[85223:118479367] INFO: LUA: A7LOG	763	10340160	971108	Day 1, Hour 14 (3 Mirtul, 1369)	WORLD_QUICKLOOT	^0xffd6bd9fJaheira^-: ^0xffbed7d7is Attacking Duergar^-
2026-09-04 14:17:26.074 BaldursGateIIEnhancedEdition[85223:118479367] INFO: LUA: A7LOG	764	10340160	971385	Day 1, Hour 14 (3 Mirtul, 1369)	WORLD_QUICKLOOT	^0xffffb3f3Imoen^-: ^0xffd7c8a0Somethin' up?^-
2026-09-04 14:17:29.270 BaldursGateIIEnhancedEdition[85223:118479367] INFO: LUA: A7LOG	765	10340160	974581	Day 1, Hour 14 (3 Mirtul, 1369)	WORLD_QUICKLOOT	^0xffffb3f3Imoen^-: ^0xffbed7d7is Attacking Duergar^-
2026-09-04 14:17:29.307 BaldursGateIIEnhancedEdition[85223:118479367] INFO: LUA: A7LOG	766	10340160	974617	Day 1, Hour 14 (3 Mirtul, 1369)	WORLD_QUICKLOOT	^0xffffb3f3Imoen^-: ^0xffbed7d7Stopped Detecting Traps / Illusions^-
2026-09-04 14:17:29.684 BaldursGateIIEnhancedEdition[85223:118479367] INFO: LUA: A7LOG	767	10340220	974994	Day 1, Hour 14 (3 Mirtul, 1369)	WORLD_QUICKLOOT	^0xff0000ffUNPAUSED^-
2026-09-04 14:17:29.754 BaldursGateIIEnhancedEdition[85223:118479367] INFO: LUA: A7LOG	768	10340280	975064	Day 1, Hour 14 (3 Mirtul, 1369)	WORLD_QUICKLOOT	^0xffffb3f3Imoen^-: ^0xffbed7d7Attacks Duergar^-
2026-09-04 14:17:29.754 BaldursGateIIEnhancedEdition[85223:118479367] INFO: LUA: A7LOG	769	10340280	975064	Day 1, Hour 14 (3 Mirtul, 1369)	WORLD_QUICKLOOT	^0xffd6bd9fJaheira^-: ^0xffbed7d7Attacks Duergar^-
2026-09-04 14:17:30.170 BaldursGateIIEnhancedEdition[85223:118479367] INFO: LUA: A7LOG	770	10340640	975480	Day 1, Hour 14 (3 Mirtul, 1369)	WORLD_QUICKLOOT	^0xffbed7d7Imoen^-: ^0xffbed7d7Roll:6  +DamageMod:0  +Hand bonus:0 (+Proficiency 0+Missile 0+Effects 0) +Attack of Opportunity:0  *Backstab:0  +Berserk:0  +Strength:0  +Hated Race:0  +Special Bonus:0 ^-
2026-09-04 14:17:30.612 BaldursGateIIEnhancedEdition[85223:118479367] INFO: LUA: A7LOG	771	10341000	975922	Day 1, Hour 14 (3 Mirtul, 1369)	WORLD_QUICKLOOT	^0xffa9a1b8Duergar^-: ^0xffbed7d7Takes 6 missile damage from Imoen^-
2026-09-04 14:17:31.866 BaldursGateIIEnhancedEdition[85223:118479367] INFO: LUA: A7LOG	772	10342020	977176	Day 1, Hour 14 (3 Mirtul, 1369)	WORLD_QUICKLOOT	^0xff0000ffPAUSED^-
2026-09-04 14:17:32.178 BaldursGateIIEnhancedEdition[85223:118479367] INFO: LUA: A7LOG	773	10342020	977489	Day 1, Hour 14 (3 Mirtul, 1369)	WORLD_QUICKLOOT	^0xffcb967dBooprikt^-: ^0xffd7c8a0I'm waiting.^-
2026-09-04 14:17:34.323 BaldursGateIIEnhancedEdition[85223:118479367] INFO: LUA: A7LOG	774	10342020	979633	Day 1, Hour 14 (3 Mirtul, 1369)	WORLD_QUICKLOOT	^0xffcb967dBooprikt^-: ^0xffbed7d7is Attacking Duergar^-
2026-09-04 14:17:34.771 BaldursGateIIEnhancedEdition[85223:118479367] INFO: LUA: A7LOG	775	10342080	980082	Day 1, Hour 14 (3 Mirtul, 1369)	WORLD_QUICKLOOT	^0xff0000ffUNPAUSED^-
2026-09-04 14:17:34.802 BaldursGateIIEnhancedEdition[85223:118479367] INFO: LUA: A7LOG	776	10342080	980113	Day 1, Hour 14 (3 Mirtul, 1369)	WORLD_QUICKLOOT	^0xffcb967dBooprikt^-: ^0xffbed7d7Attacks Duergar^-
2026-09-04 14:17:35.791 BaldursGateIIEnhancedEdition[85223:118479367] INFO: LUA: A7LOG	777	10342980	981102	Day 1, Hour 14 (3 Mirtul, 1369)	WORLD_QUICKLOOT	^0xffbed7d7Imoen^-: ^0xffbed7d7Roll:6  +DamageMod:0  +Hand bonus:0 (+Proficiency 0+Missile 0+Effects 0) +Attack of Opportunity:0  *Backstab:0  +Berserk:0  +Strength:0  +Hated Race:0  +Special Bonus:0 ^-
2026-09-04 14:17:35.827 BaldursGateIIEnhancedEdition[85223:118479367] INFO: LUA: A7LOG	778	10342920	981138	Day 1, Hour 14 (3 Mirtul, 1369)	WORLD_QUICKLOOT	^0xff0000ffPAUSED^-
2026-09-04 14:17:36.580 BaldursGateIIEnhancedEdition[85223:118479367] INFO: LUA: A7LOG	779	10342920	981891	Day 1, Hour 14 (3 Mirtul, 1369)	WORLD_QUICKLOOT	^0xff0000ffUNPAUSED^-
2026-09-04 14:17:36.751 BaldursGateIIEnhancedEdition[85223:118479367] INFO: LUA: A7LOG	780	10343100	982062	Day 1, Hour 14 (3 Mirtul, 1369)	WORLD_QUICKLOOT	^0xffbed7d7Jaheira^-: ^0xffbed7d7Roll:5  +DamageMod:0  +Hand bonus:0 (+Proficiency 0+Missile 0+Effects 0) +Attack of Opportunity:0  *Backstab:0  +Berserk:0  +Strength:0  +Hated Race:0  +Special Bonus:0 ^-
2026-09-04 14:17:37.026 BaldursGateIIEnhancedEdition[85223:118479367] INFO: LUA: A7LOG	781	10343340	982336	Day 1, Hour 14 (3 Mirtul, 1369)	WORLD_QUICKLOOT	^0xffa9a1b8Duergar^-: ^0xffbed7d7Takes 6 missile damage from Imoen^-
2026-09-04 14:17:37.127 BaldursGateIIEnhancedEdition[85223:118479367] INFO: LUA: A7LOG	782	10343400	982438	Day 1, Hour 14 (3 Mirtul, 1369)	WORLD_QUICKLOOT	^0xffa9a1b8Duergar^-: ^0xffbed7d7Held^-
2026-09-04 14:17:37.127 BaldursGateIIEnhancedEdition[85223:118479367] INFO: LUA: A7LOG	783	10343400	982438	Day 1, Hour 14 (3 Mirtul, 1369)	WORLD_QUICKLOOT	^0xffa9a1b8Duergar^-: ^0xffbed7d7Takes 5 missile damage from Jaheira^-
2026-09-04 14:17:37.163 BaldursGateIIEnhancedEdition[85223:118479367] INFO: LUA: A7LOG	784	10343460	982474	Day 1, Hour 14 (3 Mirtul, 1369)	WORLD_QUICKLOOT	^0xff4c83c0Mage^-: ^0xffbed7d7Held^-
2026-09-04 14:17:37.229 BaldursGateIIEnhancedEdition[85223:118479367] INFO: LUA: A7LOG	785	10343520	982539	Day 1, Hour 14 (3 Mirtul, 1369)	WORLD_QUICKLOOT	^0xffbed7d7Duergar^-: ^0xffbed7d7Save vs. Spell : 15^-
2026-09-04 14:17:37.533 BaldursGateIIEnhancedEdition[85223:118479367] INFO: LUA: A7LOG	786	10343760	982843	Day 1, Hour 14 (3 Mirtul, 1369)	WORLD_QUICKLOOT	^0xffbed7d7Booprikt^-: ^0xffbed7d7Roll:4  +DamageMod:0  +Hand bonus:0 (+Proficiency 0+Missile 0+Effects 0) +Attack of Opportunity:0  *Backstab:0  +Berserk:0  +Strength:2  +Hated Race:0  +Special Bonus:0 ^-
2026-09-04 14:17:37.566 BaldursGateIIEnhancedEdition[85223:118479367] INFO: LUA: A7LOG	787	10343820	982876	Day 1, Hour 14 (3 Mirtul, 1369)	WORLD_QUICKLOOT	^0xffa9a1b8Duergar^-: ^0xffbed7d7Morale Failure: Running^-
2026-09-04 14:17:38.011 BaldursGateIIEnhancedEdition[85223:118479367] INFO: sAchieveID=NONE,m_sGlobalName=SPRITE_IS_DEADNone,m_nValue=1
2026-09-04 14:17:38.014 BaldursGateIIEnhancedEdition[85223:118479367] INFO: LUA: A7LOG	788	10344180	983325	Day 1, Hour 14 (3 Mirtul, 1369)	WORLD_QUICKLOOT	^0xffa9a1b8Duergar^-: ^0xffbed7d7Takes 6 missile damage from Booprikt^-
2026-09-04 14:17:38.015 BaldursGateIIEnhancedEdition[85223:118479367] INFO: LUA: A7LOG	789	10344180	983325	Day 1, Hour 14 (3 Mirtul, 1369)	WORLD_QUICKLOOT	^0xffa9a1b8Duergar^-: ^0xffbed7d7Death^-
2026-09-04 14:17:39.170 BaldursGateIIEnhancedEdition[85223:118479367] INFO: LUA: A7LOG	790	10345200	984480	Day 1, Hour 14 (3 Mirtul, 1369)	WORLD_QUICKLOOT	^0xffc8ffc8The Party Has Gained Experience: 420^-
2026-09-04 14:17:39.440 BaldursGateIIEnhancedEdition[85223:118479367] INFO: LUA: A7LOG	791	10345380	984750	Day 1, Hour 14 (3 Mirtul, 1369)	WORLD_QUICKLOOT	^0xff0000ffPAUSED^-
2026-09-04 14:17:40.556 BaldursGateIIEnhancedEdition[85223:118479367] INFO: LUA: A7LOG	792	10345380	985866	Day 1, Hour 14 (3 Mirtul, 1369)	WORLD_QUICKLOOT	^0xffc0a1aaMinsc^-: ^0xffd7c8a0Armored, sharpened, and raring to go.^-
2026-09-04 14:17:41.004 BaldursGateIIEnhancedEdition[85223:118479367] INFO: LUA: A7LOG	793	10345380	986314	Day 1, Hour 14 (3 Mirtul, 1369)	WORLD_QUICKLOOT	^0xffd6bd9fJaheira^-: ^0xffd7c8a0Yes?^-
2026-09-04 14:17:41.522 BaldursGateIIEnhancedEdition[85223:118479367] INFO: LUA: A7LOG	794	10345380	986832	Day 1, Hour 14 (3 Mirtul, 1369)	WORLD_QUICKLOOT	^0xffc0a1aaMinsc^-: ^0xffd7c8a0Boo says, "What?!"^-
2026-09-04 14:17:42.107 BaldursGateIIEnhancedEdition[85223:118479367] INFO: LUA: A7LOG	795	10345380	987417	Day 1, Hour 14 (3 Mirtul, 1369)	WORLD_QUICKLOOT	^0xffd6bd9fJaheira^-: ^0xffd7c8a0I am ready.^-
2026-09-04 14:17:42.729 BaldursGateIIEnhancedEdition[85223:118479367] INFO: LUA: A7LOG	796	10345380	988039	Day 1, Hour 14 (3 Mirtul, 1369)	WORLD_QUICKLOOT	^0xffd6bd9fJaheira^-: ^0xffd7c8a0If it will help.^-
2026-09-04 14:17:43.215 BaldursGateIIEnhancedEdition[85223:118479367] INFO: LUA: A7LOG	797	10345440	988525	Day 1, Hour 14 (3 Mirtul, 1369)	WORLD_QUICKLOOT	^0xff0000ffUNPAUSED^-
2026-09-04 14:17:43.490 BaldursGateIIEnhancedEdition[85223:118479367] INFO: LUA: A7LOG	798	10345620	988800	Day 1, Hour 14 (3 Mirtul, 1369)	WORLD_QUICKLOOT	^0xff0000ffPAUSED^-
2026-09-04 14:17:43.524 BaldursGateIIEnhancedEdition[85223:118479367] INFO: LUA: A7LOG	799	10345620	988834	Day 1, Hour 14 (3 Mirtul, 1369)	WORLD_QUICKLOOT	^0xffd6bd9fJaheira^-: ^0xffbed7d7Auto-Paused: Enemy Sighted^-
2026-09-04 14:17:45.135 BaldursGateIIEnhancedEdition[85223:118479367] INFO: LUA: A7LOG	800	10345620	990445	Day 1, Hour 14 (3 Mirtul, 1369)	WORLD_QUICKLOOT	^0xffd6bd9fJaheira^-: ^0xffbed7d7is Attacking Mage^-
2026-09-04 14:17:45.818 BaldursGateIIEnhancedEdition[85223:118479367] INFO: LUA: A7LOG	801	10345620	991128	Day 1, Hour 14 (3 Mirtul, 1369)	WORLD_QUICKLOOT	^0xffcb967dBooprikt^-: ^0xffd7c8a0Yes?^-
2026-09-04 14:17:46.305 BaldursGateIIEnhancedEdition[85223:118479367] INFO: LUA: A7LOG	802	10345620	991615	Day 1, Hour 14 (3 Mirtul, 1369)	WORLD_QUICKLOOT	^0xffcb967dBooprikt^-: ^0xffbed7d7is Attacking Mage^-
2026-09-04 14:17:46.547 BaldursGateIIEnhancedEdition[85223:118479367] INFO: LUA: A7LOG	803	10345620	991857	Day 1, Hour 14 (3 Mirtul, 1369)	WORLD_QUICKLOOT	^0xffffb3f3Imoen^-: ^0xffd7c8a0Time to move?^-
2026-09-04 14:17:46.992 BaldursGateIIEnhancedEdition[85223:118479367] INFO: LUA: A7LOG	804	10345620	992302	Day 1, Hour 14 (3 Mirtul, 1369)	WORLD_QUICKLOOT	^0xffffb3f3Imoen^-: ^0xffbed7d7is Attacking Mage^-
2026-09-04 14:17:47.267 BaldursGateIIEnhancedEdition[85223:118479367] INFO: LUA: A7LOG	805	10345680	992578	Day 1, Hour 14 (3 Mirtul, 1369)	WORLD_QUICKLOOT	^0xff0000ffUNPAUSED^-
2026-09-04 14:17:47.302 BaldursGateIIEnhancedEdition[85223:118479367] INFO: LUA: A7LOG	806	10345680	992612	Day 1, Hour 14 (3 Mirtul, 1369)	WORLD_QUICKLOOT	^0xffcb967dBooprikt^-: ^0xffbed7d7Attacks Mage^-
2026-09-04 14:17:47.339 BaldursGateIIEnhancedEdition[85223:118479367] INFO: LUA: A7LOG	807	10345740	992649	Day 1, Hour 14 (3 Mirtul, 1369)	WORLD_QUICKLOOT	^0xffffb3f3Imoen^-: ^0xffbed7d7Attacks Mage^-
2026-09-04 14:17:47.339 BaldursGateIIEnhancedEdition[85223:118479367] INFO: LUA: A7LOG	808	10345740	992649	Day 1, Hour 14 (3 Mirtul, 1369)	WORLD_QUICKLOOT	^0xffd6bd9fJaheira^-: ^0xffbed7d7Attacks Mage^-
2026-09-04 14:17:48.570 BaldursGateIIEnhancedEdition[85223:118479367] INFO: LUA: A7LOG	809	10346820	993880	Day 1, Hour 14 (3 Mirtul, 1369)	WORLD_QUICKLOOT	^0xffbed7d7Imoen^-: ^0xffbed7d7Roll:2  +DamageMod:0  +Hand bonus:0 (+Proficiency 0+Missile 0+Effects 0) +Attack of Opportunity:0  *Backstab:0  +Berserk:0  +Strength:0  +Hated Race:0  +Special Bonus:0 ^-
2026-09-04 14:17:49.017 BaldursGateIIEnhancedEdition[85223:118479367] INFO: LUA: A7LOG	810	10347180	994327	Day 1, Hour 14 (3 Mirtul, 1369)	WORLD_QUICKLOOT	^0xff4c83c0Mage^-: ^0xffbed7d7Takes 2 missile damage from Imoen^-
2026-09-04 14:17:49.902 BaldursGateIIEnhancedEdition[85223:118479367] INFO: LUA: A7LOG	811	10347960	995212	Day 1, Hour 14 (3 Mirtul, 1369)	WORLD_QUICKLOOT	^0xffabababDuergar^-: ^0xffbed7d7Held^-
2026-09-04 14:17:49.937 BaldursGateIIEnhancedEdition[85223:118479367] INFO: LUA: A7LOG	812	10348020	995247	Day 1, Hour 14 (3 Mirtul, 1369)	WORLD_QUICKLOOT	^0xffbed7d7Jaheira^-: ^0xffbed7d7Roll:2  +DamageMod:0  +Hand bonus:0 (+Proficiency 0+Missile 0+Effects 0) +Attack of Opportunity:0  *Backstab:0  +Berserk:0  +Strength:0  +Hated Race:0  +Special Bonus:0 ^-
2026-09-04 14:17:49.937 BaldursGateIIEnhancedEdition[85223:118479367] INFO: LUA: A7LOG	813	10348020	995247	Day 1, Hour 14 (3 Mirtul, 1369)	WORLD_QUICKLOOT	^0xff4c83c0Mage^-: ^0xffbed7d7Held^-
2026-09-04 14:17:50.210 BaldursGateIIEnhancedEdition[85223:118479367] INFO: LUA: A7LOG	814	10348140	995520	Day 1, Hour 14 (3 Mirtul, 1369)	WORLD_QUICKLOOT	^0xff0000ffPAUSED^-
2026-09-04 14:17:54.721 BaldursGateIIEnhancedEdition[85223:118479367] INFO: LUA: A7LOG	815	10348200	1000031	Day 1, Hour 14 (3 Mirtul, 1369)	WORLD_QUICKLOOT	^0xff0000ffUNPAUSED^-
2026-09-04 14:17:54.925 BaldursGateIIEnhancedEdition[85223:118479367] INFO: LUA: A7LOG	816	10348380	1000235	Day 1, Hour 14 (3 Mirtul, 1369)	WORLD_QUICKLOOT	^0xff4c83c0Mage^-: ^0xffbed7d7Takes 2 missile damage from Jaheira^-
2026-09-04 14:17:55.699 BaldursGateIIEnhancedEdition[85223:118479367] INFO: LUA: A7LOG	817	10349040	1001009	Day 1, Hour 14 (3 Mirtul, 1369)	WORLD_QUICKLOOT	^0xffbed7d7Booprikt^-: ^0xffbed7d7Roll:5  +DamageMod:0  +Hand bonus:0 (+Proficiency 0+Missile 0+Effects 0) +Attack of Opportunity:0  *Backstab:0  +Berserk:0  +Strength:2  +Hated Race:0  +Special Bonus:0 ^-
2026-09-04 14:17:55.801 BaldursGateIIEnhancedEdition[85223:118479367] INFO: LUA: A7LOG	818	10349160	1001111	Day 1, Hour 14 (3 Mirtul, 1369)	WORLD_QUICKLOOT	^0xffbed7d7Imoen^-: ^0xffbed7d7Roll:2  +DamageMod:0  +Hand bonus:0 (+Proficiency 0+Missile 0+Effects 0) +Attack of Opportunity:0  *Backstab:0  +Berserk:0  +Strength:0  +Hated Race:0  +Special Bonus:0 ^-
2026-09-04 14:17:56.176 BaldursGateIIEnhancedEdition[85223:118479367] INFO: LUA: A7LOG	819	10349460	1001487	Day 1, Hour 14 (3 Mirtul, 1369)	WORLD_QUICKLOOT	^0xff4c83c0Mage^-: ^0xffbed7d7Takes 7 missile damage from Booprikt^-
2026-09-04 14:17:56.277 BaldursGateIIEnhancedEdition[85223:118479367] INFO: LUA: A7LOG	820	10349580	1001587	Day 1, Hour 14 (3 Mirtul, 1369)	WORLD_QUICKLOOT	^0xff4c83c0Mage^-: ^0xffbed7d7Takes 2 missile damage from Imoen^-
2026-09-04 14:17:59.579 BaldursGateIIEnhancedEdition[85223:118479367] INFO: LUA: A7LOG	821	10352460	1004889	Day 1, Hour 14 (3 Mirtul, 1369)	WORLD_QUICKLOOT	^0xffbed7d7Mage^-: ^0xffbed7d7Save vs. Spell : 12^-
2026-09-04 14:17:59.615 BaldursGateIIEnhancedEdition[85223:118479367] INFO: LUA: A7LOG	822	10352520	1004925	Day 1, Hour 14 (3 Mirtul, 1369)	WORLD_QUICKLOOT	^0xffabababDuergar^-: ^0xffbed7d7Held^-
2026-09-04 14:17:59.881 BaldursGateIIEnhancedEdition[85223:118479367] INFO: LUA: A7LOG	823	10352760	1005191	Day 1, Hour 14 (3 Mirtul, 1369)	WORLD_QUICKLOOT	^0xffbed7d7Imoen^-: ^0xffbed7d7Roll:5  +DamageMod:0  +Hand bonus:0 (+Proficiency 0+Missile 0+Effects 0) +Attack of Opportunity:0  *Backstab:0  +Berserk:0  +Strength:0  +Hated Race:0  +Special Bonus:0 ^-
2026-09-04 14:18:00.325 BaldursGateIIEnhancedEdition[85223:118479367] INFO: sAchieveID=NONE,m_sGlobalName=SPRITE_IS_DEADNone,m_nValue=1
2026-09-04 14:18:00.329 BaldursGateIIEnhancedEdition[85223:118479367] INFO: LUA: A7LOG	824	10353120	1005640	Day 1, Hour 14 (3 Mirtul, 1369)	WORLD_QUICKLOOT	^0xff4c83c0Mage^-: ^0xffbed7d7Takes 5 missile damage from Imoen^-
2026-09-04 14:18:00.330 BaldursGateIIEnhancedEdition[85223:118479367] INFO: LUA: A7LOG	825	10353120	1005640	Day 1, Hour 14 (3 Mirtul, 1369)	WORLD_QUICKLOOT	^0xff4c83c0Mage^-: ^0xffbed7d7Death^-
2026-09-04 14:18:00.357 BaldursGateIIEnhancedEdition[85223:118479367] INFO: LUA: A7LOG	826	10353180	1005667	Day 1, Hour 14 (3 Mirtul, 1369)	WORLD_QUICKLOOT	^0xffc8ffc8The Party Has Gained Experience: 620^-
2026-09-04 14:18:01.801 BaldursGateIIEnhancedEdition[85223:118479367] INFO: LUA: A7LOG	827	10354440	1007111	Day 1, Hour 14 (3 Mirtul, 1369)	WORLD_QUICKLOOT	^0xffffb3f3Imoen^-: ^0xffbed7d7Attacks Duergar^-
2026-09-04 14:18:02.630 BaldursGateIIEnhancedEdition[85223:118479367] INFO: LUA: A7LOG	828	10355160	1007940	Day 1, Hour 14 (3 Mirtul, 1369)	WORLD_QUICKLOOT	^0xffbed7d7Imoen^-: ^0xffbed7d7Roll:1  +DamageMod:0  +Hand bonus:0 (+Proficiency 0+Missile 0+Effects 0) +Attack of Opportunity:0  *Backstab:0  +Berserk:0  +Strength:0  +Hated Race:0  +Special Bonus:0 ^-
2026-09-04 14:18:03.011 BaldursGateIIEnhancedEdition[85223:118479367] INFO: LUA: A7LOG	829	10355460	1008321	Day 1, Hour 14 (3 Mirtul, 1369)	WORLD_QUICKLOOT	^0xffabababDuergar^-: ^0xffbed7d7Takes 1 missile damage from Imoen^-
2026-09-04 14:18:03.533 BaldursGateIIEnhancedEdition[85223:118479367] INFO: LUA: A7LOG	830	10355940	1008843	Day 1, Hour 14 (3 Mirtul, 1369)	WORLD_QUICKLOOT	^0xffd6bd9fJaheira^-: ^0xffd7c8a0It is about time.^-
2026-09-04 14:18:04.744 BaldursGateIIEnhancedEdition[85223:118479367] INFO: LUA: A7LOG	831	10356960	1010054	Day 1, Hour 14 (3 Mirtul, 1369)	WORLD_QUICKLOOT	^0xffcb967dBooprikt^-: ^0xffbed7d7Attacks Duergar^-
2026-09-04 14:18:04.744 BaldursGateIIEnhancedEdition[85223:118479367] INFO: LUA: A7LOG	832	10356960	1010054	Day 1, Hour 14 (3 Mirtul, 1369)	WORLD_QUICKLOOT	^0xffcb967dBooprikt^-: ^0xffd7c8a0Hahaha!^-
2026-09-04 14:18:04.771 BaldursGateIIEnhancedEdition[85223:118479367] INFO: LUA: A7LOG	833	10357020	1010081	Day 1, Hour 14 (3 Mirtul, 1369)	WORLD_QUICKLOOT	^0xffffb3f3Imoen^-: ^0xffbed7d7Attacks Duergar^-
2026-09-04 14:18:04.771 BaldursGateIIEnhancedEdition[85223:118479367] INFO: LUA: A7LOG	834	10357020	1010081	Day 1, Hour 14 (3 Mirtul, 1369)	WORLD_QUICKLOOT	^0xffd6bd9fJaheira^-: ^0xffbed7d7Attacks Duergar^-
2026-09-04 14:18:04.842 BaldursGateIIEnhancedEdition[85223:118479367] INFO: LUA: A7LOG	835	10357080	1010152	Day 1, Hour 14 (3 Mirtul, 1369)	WORLD_QUICKLOOT	^0xffabababDuergar^-: ^0xffbed7d7Held^-
2026-09-04 14:18:05.150 BaldursGateIIEnhancedEdition[85223:118479367] INFO: LUA: A7LOG	836	10357320	1010460	Day 1, Hour 14 (3 Mirtul, 1369)	WORLD_QUICKLOOT	^0xffbed7d7Booprikt^-: ^0xffbed7d7Roll:5  +DamageMod:0  +Hand bonus:0 (+Proficiency 0+Missile 0+Effects 0) +Attack of Opportunity:0  *Backstab:0  +Berserk:0  +Strength:2  +Hated Race:0  +Special Bonus:0 ^-
2026-09-04 14:18:05.555 BaldursGateIIEnhancedEdition[85223:118479367] INFO: sAchieveID=NONE,m_sGlobalName=SPRITE_IS_DEADNone,m_nValue=1
2026-09-04 14:18:05.556 BaldursGateIIEnhancedEdition[85223:118479367] INFO: LUA: A7LOG	837	10357680	1010866	Day 1, Hour 14 (3 Mirtul, 1369)	WORLD_QUICKLOOT	^0xffabababDuergar^-: ^0xffbed7d7Takes 7 missile damage from Booprikt^-
2026-09-04 14:18:05.556 BaldursGateIIEnhancedEdition[85223:118479367] INFO: LUA: A7LOG	838	10357680	1010867	Day 1, Hour 14 (3 Mirtul, 1369)	WORLD_QUICKLOOT	^0xffabababDuergar^-: ^0xffbed7d7Death^-
2026-09-04 14:18:06.444 BaldursGateIIEnhancedEdition[85223:118479367] INFO: LUA: A7LOG	839	10358460	1011754	Day 1, Hour 14 (3 Mirtul, 1369)	WORLD_QUICKLOOT	^0xffc8ffc8The Party Has Gained Experience: 420^-
2026-09-04 14:18:12.435 BaldursGateIIEnhancedEdition[85223:118479367] INFO: LUA: A7LOG	840	10363680	1017744	Day 1, Hour 14 (3 Mirtul, 1369)	WORLD_QUICKLOOT	^0xffd6bd9fJaheira^-: ^0xffd7c8a0Speak your mind.^-
2026-09-04 14:18:50.151 BaldursGateIIEnhancedEdition[85223:118479367] INFO: LUA: A7LOG	841	10396680	1055461	Day 1, Hour 14 (3 Mirtul, 1369)	WORLD_QUICKLOOT	^0xffd6bd9fJaheira^-: ^0xffd7c8a0Nature's servant awaits.^-
2026-09-04 14:18:50.848 BaldursGateIIEnhancedEdition[85223:118479367] INFO: LUA: A7LOG	842	10397280	1056157	Day 1, Hour 14 (3 Mirtul, 1369)	WORLD_QUICKLOOT	^0xffd6bd9fJaheira^-: ^0xffd7c8a0I thought as much.^-
2026-09-04 14:18:53.110 BaldursGateIIEnhancedEdition[85223:118479367] INFO: LUA: A7LOG	843	10398960	1058420	Day 1, Hour 14 (3 Mirtul, 1369)	WORLD_QUICKLOOT	^0xffcb967dBooprikt^-: ^0xffd7c8a0Hmm?^-
2026-09-04 14:18:56.160 BaldursGateIIEnhancedEdition[85223:118479367] INFO: LUA: A7LOG	844	10401660	1061470	Day 1, Hour 14 (3 Mirtul, 1369)	WORLD_QUICKLOOT	^0xffcb967dBooprikt^-: ^0xffbed7d7Detecting Traps / Illusions^-
2026-09-04 14:18:56.678 BaldursGateIIEnhancedEdition[85223:118479367] INFO: LUA: A7LOG	845	10402080	1061987	Day 1, Hour 14 (3 Mirtul, 1369)	WORLD_QUICKLOOT	^0xffffb3f3Imoen^-: ^0xffbed7d7Detecting Traps / Illusions^-
2026-09-04 14:18:58.762 BaldursGateIIEnhancedEdition[85223:118479367] INFO: LUA: A7LOG	846	10403880	1064071	Day 1, Hour 14 (3 Mirtul, 1369)	WORLD_QUICKLOOT	^0xffcb967dBooprikt^-: ^0xffd7c8a0Of course.^-
2026-09-04 14:19:00.919 BaldursGateIIEnhancedEdition[85223:118479367] INFO: LUA: A7LOG	847	10405800	1066228	Day 1, Hour 14 (3 Mirtul, 1369)	WORLD_QUICKLOOT	^0xffcb967dBooprikt^-: ^0xffbed7d7Stopped Detecting Traps / Illusions^-
2026-09-04 14:19:04.525 BaldursGateIIEnhancedEdition[85223:118479367] INFO: LUA: A7LOG	848	10408920	1069834	Day 1, Hour 14 (3 Mirtul, 1369)	WORLD_QUICKLOOT	^0xffcb967dBooprikt^-: ^0xffbed7d7Detecting Traps / Illusions^-
2026-09-04 14:19:06.741 BaldursGateIIEnhancedEdition[85223:118479367] INFO: LUA: A7LOG	849	10410840	1072050	Day 1, Hour 14 (3 Mirtul, 1369)	WORLD_QUICKLOOT	^0xffcb967dBooprikt^-: ^0xffbed7d7Stopped Detecting Traps / Illusions^-
2026-09-04 14:19:19.771 BaldursGateIIEnhancedEdition[85223:118479367] INFO: LUA: A7LOG	850	10417260	1085081	Day 1, Hour 14 (3 Mirtul, 1369)	WORLD_QUICKLOOT	^0xffcb967dBooprikt^-: ^0xffbed7d7Detecting Traps / Illusions^-
2026-09-04 14:19:24.948 BaldursGateIIEnhancedEdition[85223:118479367] INFO: LUA: A7LOG	851	10421760	1090257	Day 1, Hour 14 (3 Mirtul, 1369)	WORLD_QUICKLOOT	^0xffcb967dBooprikt^-: ^0xffbed7d7Stopped Detecting Traps / Illusions^-
2026-09-04 14:19:49.135 BaldursGateIIEnhancedEdition[85223:118479367] INFO: LUA: A7LOG	852	10442760	1114444	Day 1, Hour 14 (3 Mirtul, 1369)	WORLD_QUICKLOOT	^0xffcb967dBooprikt^-: ^0xffbed7d7Detecting Traps / Illusions^-
2026-09-04 14:20:19.256 BaldursGateIIEnhancedEdition[85223:118479367] INFO: LUA: A7LOG	853	10444500	1144565	Day 1, Hour 14 (3 Mirtul, 1369)	WORLD_QUICKLOOT	^0xffd6bd9fJaheira^-: ^0xffd7c8a0I await your need.^-
2026-09-04 14:20:19.982 BaldursGateIIEnhancedEdition[85223:118479367] INFO: LUA: A7LOG	854	10445160	1145291	Day 1, Hour 14 (3 Mirtul, 1369)	WORLD_QUICKLOOT	^0xffd6bd9fJaheira^-: ^0xffd7c8a0As you would have it.^-
2026-09-04 14:20:21.739 BaldursGateIIEnhancedEdition[85223:118479367] INFO: scanning:(0) $HOME/Library/Application Support/Steam/steamapps/common/Baldur's Gate II Enhanced Edition/override
2026-09-04 14:20:21.753 BaldursGateIIEnhancedEdition[85223:118479367] INFO: scanning:(1) $HOME/Library/Application Support/Steam/steamapps/common/Baldur's Gate II Enhanced Edition/scripts
2026-09-04 14:20:21.753 BaldursGateIIEnhancedEdition[85223:118479367] INFO: scanning:(2) $HOME/Library/Application Support/Steam/steamapps/common/Baldur's Gate II Enhanced Edition/sounds
2026-09-04 14:20:21.753 BaldursGateIIEnhancedEdition[85223:118479367] INFO: scanning:(3) $HOME/Library/Application Support/Steam/steamapps/common/Baldur's Gate II Enhanced Edition/lang/en_US/sounds
2026-09-04 14:20:21.757 BaldursGateIIEnhancedEdition[85223:118479367] INFO: scanning:(4) $HOME/Library/Application Support/Steam/steamapps/common/Baldur's Gate II Enhanced Edition/portraits
2026-09-04 14:20:21.757 BaldursGateIIEnhancedEdition[85223:118479367] INFO: scanning:(5) $HOME/Library/Application Support/Steam/steamapps/common/Baldur's Gate II Enhanced Edition/characters
2026-09-04 14:20:21.757 BaldursGateIIEnhancedEdition[85223:118479367] INFO: scanning:(6) $HOME/Library/Application Support/Steam/steamapps/common/Baldur's Gate II Enhanced Edition/movies
2026-09-04 14:20:21.757 BaldursGateIIEnhancedEdition[85223:118479367] INFO: scanning:(7) $HOME/Library/Application Support/Steam/steamapps/common/Baldur's Gate II Enhanced Edition/lang/en_US/movies
2026-09-04 14:20:21.757 BaldursGateIIEnhancedEdition[85223:118479367] INFO: scanning:(8) $HOME/Documents/Baldur's Gate II - Enhanced Edition/override
2026-09-04 14:20:21.757 BaldursGateIIEnhancedEdition[85223:118479367] INFO: scanning:(9) $HOME/Documents/Baldur's Gate II - Enhanced Edition/scripts
2026-09-04 14:20:21.757 BaldursGateIIEnhancedEdition[85223:118479367] INFO: scanning:(10) $HOME/Documents/Baldur's Gate II - Enhanced Edition/sounds
2026-09-04 14:20:21.757 BaldursGateIIEnhancedEdition[85223:118479367] INFO: scanning:(11) $HOME/Documents/Baldur's Gate II - Enhanced Edition/portraits
2026-09-04 14:20:21.757 BaldursGateIIEnhancedEdition[85223:118479367] INFO: scanning:(12) $HOME/Documents/Baldur's Gate II - Enhanced Edition/characters
2026-09-04 14:20:21.757 BaldursGateIIEnhancedEdition[85223:118479367] INFO: scanning:(13) $HOME/Documents/Baldur's Gate II - Enhanced Edition/movies
2026-09-04 14:20:21.789 BaldursGateIIEnhancedEdition[85223:118479367] INFO: scanning:(0) $HOME/Library/Application Support/Steam/steamapps/common/Baldur's Gate II Enhanced Edition/override
2026-09-04 14:20:21.790 BaldursGateIIEnhancedEdition[85223:118479367] INFO: scanning:(1) $HOME/Library/Application Support/Steam/steamapps/common/Baldur's Gate II Enhanced Edition/scripts
2026-09-04 14:20:21.790 BaldursGateIIEnhancedEdition[85223:118479367] INFO: scanning:(2) $HOME/Library/Application Support/Steam/steamapps/common/Baldur's Gate II Enhanced Edition/sounds
2026-09-04 14:20:21.790 BaldursGateIIEnhancedEdition[85223:118479367] INFO: scanning:(3) $HOME/Library/Application Support/Steam/steamapps/common/Baldur's Gate II Enhanced Edition/lang/en_US/sounds
2026-09-04 14:20:21.791 BaldursGateIIEnhancedEdition[85223:118479367] INFO: scanning:(4) $HOME/Library/Application Support/Steam/steamapps/common/Baldur's Gate II Enhanced Edition/portraits
2026-09-04 14:20:21.791 BaldursGateIIEnhancedEdition[85223:118479367] INFO: scanning:(5) $HOME/Library/Application Support/Steam/steamapps/common/Baldur's Gate II Enhanced Edition/characters
2026-09-04 14:20:21.791 BaldursGateIIEnhancedEdition[85223:118479367] INFO: scanning:(6) $HOME/Library/Application Support/Steam/steamapps/common/Baldur's Gate II Enhanced Edition/movies
2026-09-04 14:20:21.791 BaldursGateIIEnhancedEdition[85223:118479367] INFO: scanning:(7) $HOME/Library/Application Support/Steam/steamapps/common/Baldur's Gate II Enhanced Edition/lang/en_US/movies
2026-09-04 14:20:21.791 BaldursGateIIEnhancedEdition[85223:118479367] INFO: scanning:(8) $HOME/Documents/Baldur's Gate II - Enhanced Edition/override
2026-09-04 14:20:21.791 BaldursGateIIEnhancedEdition[85223:118479367] INFO: scanning:(9) $HOME/Documents/Baldur's Gate II - Enhanced Edition/scripts
2026-09-04 14:20:21.791 BaldursGateIIEnhancedEdition[85223:118479367] INFO: scanning:(10) $HOME/Documents/Baldur's Gate II - Enhanced Edition/sounds
2026-09-04 14:20:21.791 BaldursGateIIEnhancedEdition[85223:118479367] INFO: scanning:(11) $HOME/Documents/Baldur's Gate II - Enhanced Edition/portraits
2026-09-04 14:20:21.791 BaldursGateIIEnhancedEdition[85223:118479367] INFO: scanning:(12) $HOME/Documents/Baldur's Gate II - Enhanced Edition/characters
2026-09-04 14:20:21.791 BaldursGateIIEnhancedEdition[85223:118479367] INFO: scanning:(13) $HOME/Documents/Baldur's Gate II - Enhanced Edition/movies
2026-09-04 14:20:21.792 BaldursGateIIEnhancedEdition[85223:118479367] INFO: scanning:(0) $HOME/Library/Application Support/Steam/steamapps/common/Baldur's Gate II Enhanced Edition/override
2026-09-04 14:20:21.794 BaldursGateIIEnhancedEdition[85223:118479367] INFO: scanning:(1) $HOME/Library/Application Support/Steam/steamapps/common/Baldur's Gate II Enhanced Edition/scripts
2026-09-04 14:20:21.794 BaldursGateIIEnhancedEdition[85223:118479367] INFO: scanning:(2) $HOME/Library/Application Support/Steam/steamapps/common/Baldur's Gate II Enhanced Edition/sounds
2026-09-04 14:20:21.794 BaldursGateIIEnhancedEdition[85223:118479367] INFO: scanning:(3) $HOME/Library/Application Support/Steam/steamapps/common/Baldur's Gate II Enhanced Edition/lang/en_US/sounds
2026-09-04 14:20:21.794 BaldursGateIIEnhancedEdition[85223:118479367] INFO: scanning:(4) $HOME/Library/Application Support/Steam/steamapps/common/Baldur's Gate II Enhanced Edition/portraits
2026-09-04 14:20:21.794 BaldursGateIIEnhancedEdition[85223:118479367] INFO: scanning:(5) $HOME/Library/Application Support/Steam/steamapps/common/Baldur's Gate II Enhanced Edition/characters
2026-09-04 14:20:21.794 BaldursGateIIEnhancedEdition[85223:118479367] INFO: scanning:(6) $HOME/Library/Application Support/Steam/steamapps/common/Baldur's Gate II Enhanced Edition/movies
2026-09-04 14:20:21.794 BaldursGateIIEnhancedEdition[85223:118479367] INFO: scanning:(7) $HOME/Library/Application Support/Steam/steamapps/common/Baldur's Gate II Enhanced Edition/lang/en_US/movies
2026-09-04 14:20:21.794 BaldursGateIIEnhancedEdition[85223:118479367] INFO: scanning:(8) $HOME/Documents/Baldur's Gate II - Enhanced Edition/override
2026-09-04 14:20:21.794 BaldursGateIIEnhancedEdition[85223:118479367] INFO: scanning:(9) $HOME/Documents/Baldur's Gate II - Enhanced Edition/scripts
2026-09-04 14:20:21.794 BaldursGateIIEnhancedEdition[85223:118479367] INFO: scanning:(10) $HOME/Documents/Baldur's Gate II - Enhanced Edition/sounds
2026-09-04 14:20:21.794 BaldursGateIIEnhancedEdition[85223:118479367] INFO: scanning:(11) $HOME/Documents/Baldur's Gate II - Enhanced Edition/portraits
2026-09-04 14:20:21.794 BaldursGateIIEnhancedEdition[85223:118479367] INFO: scanning:(12) $HOME/Documents/Baldur's Gate II - Enhanced Edition/characters
2026-09-04 14:20:21.794 BaldursGateIIEnhancedEdition[85223:118479367] INFO: scanning:(13) $HOME/Documents/Baldur's Gate II - Enhanced Edition/movies
2026-09-04 14:20:21.795 BaldursGateIIEnhancedEdition[85223:118479367] INFO: scanning:(0) $HOME/Library/Application Support/Steam/steamapps/common/Baldur's Gate II Enhanced Edition/override
2026-09-04 14:20:21.797 BaldursGateIIEnhancedEdition[85223:118479367] INFO: scanning:(1) $HOME/Library/Application Support/Steam/steamapps/common/Baldur's Gate II Enhanced Edition/scripts
2026-09-04 14:20:21.797 BaldursGateIIEnhancedEdition[85223:118479367] INFO: scanning:(2) $HOME/Library/Application Support/Steam/steamapps/common/Baldur's Gate II Enhanced Edition/sounds
2026-09-04 14:20:21.797 BaldursGateIIEnhancedEdition[85223:118479367] INFO: scanning:(3) $HOME/Library/Application Support/Steam/steamapps/common/Baldur's Gate II Enhanced Edition/lang/en_US/sounds
2026-09-04 14:20:21.797 BaldursGateIIEnhancedEdition[85223:118479367] INFO: scanning:(4) $HOME/Library/Application Support/Steam/steamapps/common/Baldur's Gate II Enhanced Edition/portraits
2026-09-04 14:20:21.797 BaldursGateIIEnhancedEdition[85223:118479367] INFO: scanning:(5) $HOME/Library/Application Support/Steam/steamapps/common/Baldur's Gate II Enhanced Edition/characters
2026-09-04 14:20:21.797 BaldursGateIIEnhancedEdition[85223:118479367] INFO: scanning:(6) $HOME/Library/Application Support/Steam/steamapps/common/Baldur's Gate II Enhanced Edition/movies
2026-09-04 14:20:21.797 BaldursGateIIEnhancedEdition[85223:118479367] INFO: scanning:(7) $HOME/Library/Application Support/Steam/steamapps/common/Baldur's Gate II Enhanced Edition/lang/en_US/movies
2026-09-04 14:20:21.797 BaldursGateIIEnhancedEdition[85223:118479367] INFO: scanning:(8) $HOME/Documents/Baldur's Gate II - Enhanced Edition/override
2026-09-04 14:20:21.797 BaldursGateIIEnhancedEdition[85223:118479367] INFO: scanning:(9) $HOME/Documents/Baldur's Gate II - Enhanced Edition/scripts
2026-09-04 14:20:21.797 BaldursGateIIEnhancedEdition[85223:118479367] INFO: scanning:(10) $HOME/Documents/Baldur's Gate II - Enhanced Edition/sounds
2026-09-04 14:20:21.797 BaldursGateIIEnhancedEdition[85223:118479367] INFO: scanning:(11) $HOME/Documents/Baldur's Gate II - Enhanced Edition/portraits
2026-09-04 14:20:21.797 BaldursGateIIEnhancedEdition[85223:118479367] INFO: scanning:(12) $HOME/Documents/Baldur's Gate II - Enhanced Edition/characters
2026-09-04 14:20:21.797 BaldursGateIIEnhancedEdition[85223:118479367] INFO: scanning:(13) $HOME/Documents/Baldur's Gate II - Enhanced Edition/movies
2026-09-04 14:20:21.798 BaldursGateIIEnhancedEdition[85223:118479367] INFO: scanning:(0) $HOME/Library/Application Support/Steam/steamapps/common/Baldur's Gate II Enhanced Edition/override
2026-09-04 14:20:21.800 BaldursGateIIEnhancedEdition[85223:118479367] INFO: scanning:(1) $HOME/Library/Application Support/Steam/steamapps/common/Baldur's Gate II Enhanced Edition/scripts
2026-09-04 14:20:21.800 BaldursGateIIEnhancedEdition[85223:118479367] INFO: scanning:(2) $HOME/Library/Application Support/Steam/steamapps/common/Baldur's Gate II Enhanced Edition/sounds
2026-09-04 14:20:21.800 BaldursGateIIEnhancedEdition[85223:118479367] INFO: scanning:(3) $HOME/Library/Application Support/Steam/steamapps/common/Baldur's Gate II Enhanced Edition/lang/en_US/sounds
2026-09-04 14:20:21.800 BaldursGateIIEnhancedEdition[85223:118479367] INFO: scanning:(4) $HOME/Library/Application Support/Steam/steamapps/common/Baldur's Gate II Enhanced Edition/portraits
2026-09-04 14:20:21.800 BaldursGateIIEnhancedEdition[85223:118479367] INFO: scanning:(5) $HOME/Library/Application Support/Steam/steamapps/common/Baldur's Gate II Enhanced Edition/characters
2026-09-04 14:20:21.800 BaldursGateIIEnhancedEdition[85223:118479367] INFO: scanning:(6) $HOME/Library/Application Support/Steam/steamapps/common/Baldur's Gate II Enhanced Edition/movies
2026-09-04 14:20:21.800 BaldursGateIIEnhancedEdition[85223:118479367] INFO: scanning:(7) $HOME/Library/Application Support/Steam/steamapps/common/Baldur's Gate II Enhanced Edition/lang/en_US/movies
2026-09-04 14:20:21.800 BaldursGateIIEnhancedEdition[85223:118479367] INFO: scanning:(8) $HOME/Documents/Baldur's Gate II - Enhanced Edition/override
2026-09-04 14:20:21.800 BaldursGateIIEnhancedEdition[85223:118479367] INFO: scanning:(9) $HOME/Documents/Baldur's Gate II - Enhanced Edition/scripts
2026-09-04 14:20:21.800 BaldursGateIIEnhancedEdition[85223:118479367] INFO: scanning:(10) $HOME/Documents/Baldur's Gate II - Enhanced Edition/sounds
2026-09-04 14:20:21.800 BaldursGateIIEnhancedEdition[85223:118479367] INFO: scanning:(11) $HOME/Documents/Baldur's Gate II - Enhanced Edition/portraits
2026-09-04 14:20:21.800 BaldursGateIIEnhancedEdition[85223:118479367] INFO: scanning:(12) $HOME/Documents/Baldur's Gate II - Enhanced Edition/characters
2026-09-04 14:20:21.800 BaldursGateIIEnhancedEdition[85223:118479367] INFO: scanning:(13) $HOME/Documents/Baldur's Gate II - Enhanced Edition/movies
2026-09-04 14:20:21.808 BaldursGateIIEnhancedEdition[85223:118479367] INFO: scanning:(0) $HOME/Library/Application Support/Steam/steamapps/common/Baldur's Gate II Enhanced Edition/override
2026-09-04 14:20:21.809 BaldursGateIIEnhancedEdition[85223:118479367] INFO: scanning:(1) $HOME/Library/Application Support/Steam/steamapps/common/Baldur's Gate II Enhanced Edition/scripts
2026-09-04 14:20:21.809 BaldursGateIIEnhancedEdition[85223:118479367] INFO: scanning:(2) $HOME/Library/Application Support/Steam/steamapps/common/Baldur's Gate II Enhanced Edition/sounds
2026-09-04 14:20:21.809 BaldursGateIIEnhancedEdition[85223:118479367] INFO: scanning:(3) $HOME/Library/Application Support/Steam/steamapps/common/Baldur's Gate II Enhanced Edition/lang/en_US/sounds
2026-09-04 14:20:21.810 BaldursGateIIEnhancedEdition[85223:118479367] INFO: scanning:(4) $HOME/Library/Application Support/Steam/steamapps/common/Baldur's Gate II Enhanced Edition/portraits
2026-09-04 14:20:21.810 BaldursGateIIEnhancedEdition[85223:118479367] INFO: scanning:(5) $HOME/Library/Application Support/Steam/steamapps/common/Baldur's Gate II Enhanced Edition/characters
2026-09-04 14:20:21.810 BaldursGateIIEnhancedEdition[85223:118479367] INFO: scanning:(6) $HOME/Library/Application Support/Steam/steamapps/common/Baldur's Gate II Enhanced Edition/movies
2026-09-04 14:20:21.810 BaldursGateIIEnhancedEdition[85223:118479367] INFO: scanning:(7) $HOME/Library/Application Support/Steam/steamapps/common/Baldur's Gate II Enhanced Edition/lang/en_US/movies
2026-09-04 14:20:21.810 BaldursGateIIEnhancedEdition[85223:118479367] INFO: scanning:(8) $HOME/Documents/Baldur's Gate II - Enhanced Edition/override
2026-09-04 14:20:21.810 BaldursGateIIEnhancedEdition[85223:118479367] INFO: scanning:(9) $HOME/Documents/Baldur's Gate II - Enhanced Edition/scripts
2026-09-04 14:20:21.810 BaldursGateIIEnhancedEdition[85223:118479367] INFO: scanning:(10) $HOME/Documents/Baldur's Gate II - Enhanced Edition/sounds
2026-09-04 14:20:21.810 BaldursGateIIEnhancedEdition[85223:118479367] INFO: scanning:(11) $HOME/Documents/Baldur's Gate II - Enhanced Edition/portraits
2026-09-04 14:20:21.810 BaldursGateIIEnhancedEdition[85223:118479367] INFO: scanning:(12) $HOME/Documents/Baldur's Gate II - Enhanced Edition/characters
2026-09-04 14:20:21.810 BaldursGateIIEnhancedEdition[85223:118479367] INFO: scanning:(13) $HOME/Documents/Baldur's Gate II - Enhanced Edition/movies
2026-09-04 14:20:21.811 BaldursGateIIEnhancedEdition[85223:118479367] INFO: scanning:(0) $HOME/Library/Application Support/Steam/steamapps/common/Baldur's Gate II Enhanced Edition/override
2026-09-04 14:20:21.812 BaldursGateIIEnhancedEdition[85223:118479367] INFO: scanning:(1) $HOME/Library/Application Support/Steam/steamapps/common/Baldur's Gate II Enhanced Edition/scripts
2026-09-04 14:20:21.812 BaldursGateIIEnhancedEdition[85223:118479367] INFO: scanning:(2) $HOME/Library/Application Support/Steam/steamapps/common/Baldur's Gate II Enhanced Edition/sounds
2026-09-04 14:20:21.812 BaldursGateIIEnhancedEdition[85223:118479367] INFO: scanning:(3) $HOME/Library/Application Support/Steam/steamapps/common/Baldur's Gate II Enhanced Edition/lang/en_US/sounds
2026-09-04 14:20:21.812 BaldursGateIIEnhancedEdition[85223:118479367] INFO: scanning:(4) $HOME/Library/Application Support/Steam/steamapps/common/Baldur's Gate II Enhanced Edition/portraits
2026-09-04 14:20:21.812 BaldursGateIIEnhancedEdition[85223:118479367] INFO: scanning:(5) $HOME/Library/Application Support/Steam/steamapps/common/Baldur's Gate II Enhanced Edition/characters
2026-09-04 14:20:21.812 BaldursGateIIEnhancedEdition[85223:118479367] INFO: scanning:(6) $HOME/Library/Application Support/Steam/steamapps/common/Baldur's Gate II Enhanced Edition/movies
2026-09-04 14:20:21.812 BaldursGateIIEnhancedEdition[85223:118479367] INFO: scanning:(7) $HOME/Library/Application Support/Steam/steamapps/common/Baldur's Gate II Enhanced Edition/lang/en_US/movies
2026-09-04 14:20:21.812 BaldursGateIIEnhancedEdition[85223:118479367] INFO: scanning:(8) $HOME/Documents/Baldur's Gate II - Enhanced Edition/override
2026-09-04 14:20:21.812 BaldursGateIIEnhancedEdition[85223:118479367] INFO: scanning:(9) $HOME/Documents/Baldur's Gate II - Enhanced Edition/scripts
2026-09-04 14:20:21.812 BaldursGateIIEnhancedEdition[85223:118479367] INFO: scanning:(10) $HOME/Documents/Baldur's Gate II - Enhanced Edition/sounds
2026-09-04 14:20:21.813 BaldursGateIIEnhancedEdition[85223:118479367] INFO: scanning:(11) $HOME/Documents/Baldur's Gate II - Enhanced Edition/portraits
2026-09-04 14:20:21.813 BaldursGateIIEnhancedEdition[85223:118479367] INFO: scanning:(12) $HOME/Documents/Baldur's Gate II - Enhanced Edition/characters
2026-09-04 14:20:21.813 BaldursGateIIEnhancedEdition[85223:118479367] INFO: scanning:(13) $HOME/Documents/Baldur's Gate II - Enhanced Edition/movies
2026-09-04 14:20:21.813 BaldursGateIIEnhancedEdition[85223:118479367] INFO: scanning:(0) $HOME/Library/Application Support/Steam/steamapps/common/Baldur's Gate II Enhanced Edition/override
2026-09-04 14:20:21.815 BaldursGateIIEnhancedEdition[85223:118479367] INFO: scanning:(1) $HOME/Library/Application Support/Steam/steamapps/common/Baldur's Gate II Enhanced Edition/scripts
2026-09-04 14:20:21.815 BaldursGateIIEnhancedEdition[85223:118479367] INFO: scanning:(2) $HOME/Library/Application Support/Steam/steamapps/common/Baldur's Gate II Enhanced Edition/sounds
2026-09-04 14:20:21.815 BaldursGateIIEnhancedEdition[85223:118479367] INFO: scanning:(3) $HOME/Library/Application Support/Steam/steamapps/common/Baldur's Gate II Enhanced Edition/lang/en_US/sounds
2026-09-04 14:20:21.815 BaldursGateIIEnhancedEdition[85223:118479367] INFO: scanning:(4) $HOME/Library/Application Support/Steam/steamapps/common/Baldur's Gate II Enhanced Edition/portraits
2026-09-04 14:20:21.815 BaldursGateIIEnhancedEdition[85223:118479367] INFO: scanning:(5) $HOME/Library/Application Support/Steam/steamapps/common/Baldur's Gate II Enhanced Edition/characters
2026-09-04 14:20:21.815 BaldursGateIIEnhancedEdition[85223:118479367] INFO: scanning:(6) $HOME/Library/Application Support/Steam/steamapps/common/Baldur's Gate II Enhanced Edition/movies
2026-09-04 14:20:21.815 BaldursGateIIEnhancedEdition[85223:118479367] INFO: scanning:(7) $HOME/Library/Application Support/Steam/steamapps/common/Baldur's Gate II Enhanced Edition/lang/en_US/movies
2026-09-04 14:20:21.815 BaldursGateIIEnhancedEdition[85223:118479367] INFO: scanning:(8) $HOME/Documents/Baldur's Gate II - Enhanced Edition/override
2026-09-04 14:20:21.815 BaldursGateIIEnhancedEdition[85223:118479367] INFO: scanning:(9) $HOME/Documents/Baldur's Gate II - Enhanced Edition/scripts
2026-09-04 14:20:21.815 BaldursGateIIEnhancedEdition[85223:118479367] INFO: scanning:(10) $HOME/Documents/Baldur's Gate II - Enhanced Edition/sounds
2026-09-04 14:20:21.815 BaldursGateIIEnhancedEdition[85223:118479367] INFO: scanning:(11) $HOME/Documents/Baldur's Gate II - Enhanced Edition/portraits
2026-09-04 14:20:21.815 BaldursGateIIEnhancedEdition[85223:118479367] INFO: scanning:(12) $HOME/Documents/Baldur's Gate II - Enhanced Edition/characters
2026-09-04 14:20:21.815 BaldursGateIIEnhancedEdition[85223:118479367] INFO: scanning:(13) $HOME/Documents/Baldur's Gate II - Enhanced Edition/movies
2026-09-04 14:20:21.816 BaldursGateIIEnhancedEdition[85223:118479367] INFO: scanning:(0) $HOME/Library/Application Support/Steam/steamapps/common/Baldur's Gate II Enhanced Edition/override
2026-09-04 14:20:21.818 BaldursGateIIEnhancedEdition[85223:118479367] INFO: scanning:(1) $HOME/Library/Application Support/Steam/steamapps/common/Baldur's Gate II Enhanced Edition/scripts
2026-09-04 14:20:21.818 BaldursGateIIEnhancedEdition[85223:118479367] INFO: scanning:(2) $HOME/Library/Application Support/Steam/steamapps/common/Baldur's Gate II Enhanced Edition/sounds
2026-09-04 14:20:21.818 BaldursGateIIEnhancedEdition[85223:118479367] INFO: scanning:(3) $HOME/Library/Application Support/Steam/steamapps/common/Baldur's Gate II Enhanced Edition/lang/en_US/sounds
2026-09-04 14:20:21.818 BaldursGateIIEnhancedEdition[85223:118479367] INFO: scanning:(4) $HOME/Library/Application Support/Steam/steamapps/common/Baldur's Gate II Enhanced Edition/portraits
2026-09-04 14:20:21.818 BaldursGateIIEnhancedEdition[85223:118479367] INFO: scanning:(5) $HOME/Library/Application Support/Steam/steamapps/common/Baldur's Gate II Enhanced Edition/characters
2026-09-04 14:20:21.818 BaldursGateIIEnhancedEdition[85223:118479367] INFO: scanning:(6) $HOME/Library/Application Support/Steam/steamapps/common/Baldur's Gate II Enhanced Edition/movies
2026-09-04 14:20:21.818 BaldursGateIIEnhancedEdition[85223:118479367] INFO: scanning:(7) $HOME/Library/Application Support/Steam/steamapps/common/Baldur's Gate II Enhanced Edition/lang/en_US/movies
2026-09-04 14:20:21.818 BaldursGateIIEnhancedEdition[85223:118479367] INFO: scanning:(8) $HOME/Documents/Baldur's Gate II - Enhanced Edition/override
2026-09-04 14:20:21.818 BaldursGateIIEnhancedEdition[85223:118479367] INFO: scanning:(9) $HOME/Documents/Baldur's Gate II - Enhanced Edition/scripts
2026-09-04 14:20:21.818 BaldursGateIIEnhancedEdition[85223:118479367] INFO: scanning:(10) $HOME/Documents/Baldur's Gate II - Enhanced Edition/sounds
2026-09-04 14:20:21.818 BaldursGateIIEnhancedEdition[85223:118479367] INFO: scanning:(11) $HOME/Documents/Baldur's Gate II - Enhanced Edition/portraits
2026-09-04 14:20:21.818 BaldursGateIIEnhancedEdition[85223:118479367] INFO: scanning:(12) $HOME/Documents/Baldur's Gate II - Enhanced Edition/characters
2026-09-04 14:20:21.818 BaldursGateIIEnhancedEdition[85223:118479367] INFO: scanning:(13) $HOME/Documents/Baldur's Gate II - Enhanced Edition/movies
2026-09-04 14:20:21.820 BaldursGateIIEnhancedEdition[85223:118479367] INFO: scanning:(0) $HOME/Library/Application Support/Steam/steamapps/common/Baldur's Gate II Enhanced Edition/override
2026-09-04 14:20:21.822 BaldursGateIIEnhancedEdition[85223:118479367] INFO: scanning:(1) $HOME/Library/Application Support/Steam/steamapps/common/Baldur's Gate II Enhanced Edition/scripts
2026-09-04 14:20:21.822 BaldursGateIIEnhancedEdition[85223:118479367] INFO: scanning:(2) $HOME/Library/Application Support/Steam/steamapps/common/Baldur's Gate II Enhanced Edition/sounds
2026-09-04 14:20:21.822 BaldursGateIIEnhancedEdition[85223:118479367] INFO: scanning:(3) $HOME/Library/Application Support/Steam/steamapps/common/Baldur's Gate II Enhanced Edition/lang/en_US/sounds
2026-09-04 14:20:21.822 BaldursGateIIEnhancedEdition[85223:118479367] INFO: scanning:(4) $HOME/Library/Application Support/Steam/steamapps/common/Baldur's Gate II Enhanced Edition/portraits
2026-09-04 14:20:21.822 BaldursGateIIEnhancedEdition[85223:118479367] INFO: scanning:(5) $HOME/Library/Application Support/Steam/steamapps/common/Baldur's Gate II Enhanced Edition/characters
2026-09-04 14:20:21.822 BaldursGateIIEnhancedEdition[85223:118479367] INFO: scanning:(6) $HOME/Library/Application Support/Steam/steamapps/common/Baldur's Gate II Enhanced Edition/movies
2026-09-04 14:20:21.822 BaldursGateIIEnhancedEdition[85223:118479367] INFO: scanning:(7) $HOME/Library/Application Support/Steam/steamapps/common/Baldur's Gate II Enhanced Edition/lang/en_US/movies
2026-09-04 14:20:21.822 BaldursGateIIEnhancedEdition[85223:118479367] INFO: scanning:(8) $HOME/Documents/Baldur's Gate II - Enhanced Edition/override
2026-09-04 14:20:21.822 BaldursGateIIEnhancedEdition[85223:118479367] INFO: scanning:(9) $HOME/Documents/Baldur's Gate II - Enhanced Edition/scripts
2026-09-04 14:20:21.822 BaldursGateIIEnhancedEdition[85223:118479367] INFO: scanning:(10) $HOME/Documents/Baldur's Gate II - Enhanced Edition/sounds
2026-09-04 14:20:21.822 BaldursGateIIEnhancedEdition[85223:118479367] INFO: scanning:(11) $HOME/Documents/Baldur's Gate II - Enhanced Edition/portraits
2026-09-04 14:20:21.822 BaldursGateIIEnhancedEdition[85223:118479367] INFO: scanning:(12) $HOME/Documents/Baldur's Gate II - Enhanced Edition/characters
2026-09-04 14:20:21.822 BaldursGateIIEnhancedEdition[85223:118479367] INFO: scanning:(13) $HOME/Documents/Baldur's Gate II - Enhanced Edition/movies
2026-09-04 14:20:21.823 BaldursGateIIEnhancedEdition[85223:118479367] INFO: LUA: A7LOG	855	10446660	1147132	Day 1, Hour 14 (3 Mirtul, 1369)	WORLD_QUICKLOOT	^0xff0cff3fQuick save successful.^-
2026-09-04 14:20:26.083 BaldursGateIIEnhancedEdition[85223:118479367] INFO: LUA: A7LOG	856	12608640	1151392	Day 1, Hour 22 (3 Mirtul, 1369)	WORLD_QUICKLOOT	^0xffc8ffc8You have rested for 8 hours.^-
2026-09-04 14:20:26.083 BaldursGateIIEnhancedEdition[85223:118479367] INFO: LUA: A7LOG	857	12608640	1151392	Day 1, Hour 22 (3 Mirtul, 1369)	WORLD_QUICKLOOT	^0xffc8ffc8Healing spells cast on rest until fully healed.^-
2026-09-04 14:20:26.097 BaldursGateIIEnhancedEdition[85223:118479367] INFO: LUA: A7LOG	858	12608700	1151405	Day 1, Hour 22 (3 Mirtul, 1369)	WORLD_QUICKLOOT	^0xffffb3f3Imoen^-: ^0xffbed7d7Stopped Detecting Traps / Illusions^-
2026-09-04 14:20:26.097 BaldursGateIIEnhancedEdition[85223:118479367] INFO: LUA: A7LOG	859	12608700	1151406	Day 1, Hour 22 (3 Mirtul, 1369)	WORLD_QUICKLOOT	^0xffcb967dBooprikt^-: ^0xffbed7d7Stopped Detecting Traps / Illusions^-
2026-09-04 14:20:26.125 BaldursGateIIEnhancedEdition[85223:118479367] INFO: LUA: A7LOG	860	12608700	1151434	Day 1, Hour 22 (3 Mirtul, 1369)	WORLD_QUICKLOOT	^0xffffb3f3Imoen^-: ^0xffbed7d7Detecting Traps / Illusions^-
2026-09-04 14:20:26.633 BaldursGateIIEnhancedEdition[85223:118479367] INFO: LUA: A7LOG	861	12609180	1151942	Day 1, Hour 22 (3 Mirtul, 1369)	WORLD_QUICKLOOT	^0xffcb967dBooprikt^-: ^0xffbed7d7Detecting Traps / Illusions^-
2026-09-04 14:20:29.758 BaldursGateIIEnhancedEdition[85223:118479367] INFO: LUA: A7LOG	862	12611940	1155066	Day 1, Hour 22 (3 Mirtul, 1369)	WORLD_QUICKLOOT	^0xffd6bd9fJaheira^-: ^0xffd7c8a0Yes?^-
2026-09-04 14:21:07.786 BaldursGateIIEnhancedEdition[85223:118479367] INFO: LUA: A7LOG	863	12613320	1193094	Day 1, Hour 22 (3 Mirtul, 1369)	WORLD_QUICKLOOT	^0xffd6bd9fJaheira^-: ^0xffd7c8a0I am ready.^-
2026-09-04 14:21:08.721 BaldursGateIIEnhancedEdition[85223:118479367] INFO: scanning:(0) $HOME/Library/Application Support/Steam/steamapps/common/Baldur's Gate II Enhanced Edition/override
2026-09-04 14:21:08.732 BaldursGateIIEnhancedEdition[85223:118479367] INFO: scanning:(1) $HOME/Library/Application Support/Steam/steamapps/common/Baldur's Gate II Enhanced Edition/scripts
2026-09-04 14:21:08.733 BaldursGateIIEnhancedEdition[85223:118479367] INFO: scanning:(2) $HOME/Library/Application Support/Steam/steamapps/common/Baldur's Gate II Enhanced Edition/sounds
2026-09-04 14:21:08.733 BaldursGateIIEnhancedEdition[85223:118479367] INFO: scanning:(3) $HOME/Library/Application Support/Steam/steamapps/common/Baldur's Gate II Enhanced Edition/lang/en_US/sounds
2026-09-04 14:21:08.736 BaldursGateIIEnhancedEdition[85223:118479367] INFO: scanning:(4) $HOME/Library/Application Support/Steam/steamapps/common/Baldur's Gate II Enhanced Edition/portraits
2026-09-04 14:21:08.736 BaldursGateIIEnhancedEdition[85223:118479367] INFO: scanning:(5) $HOME/Library/Application Support/Steam/steamapps/common/Baldur's Gate II Enhanced Edition/characters
2026-09-04 14:21:08.736 BaldursGateIIEnhancedEdition[85223:118479367] INFO: scanning:(6) $HOME/Library/Application Support/Steam/steamapps/common/Baldur's Gate II Enhanced Edition/movies
2026-09-04 14:21:08.737 BaldursGateIIEnhancedEdition[85223:118479367] INFO: scanning:(7) $HOME/Library/Application Support/Steam/steamapps/common/Baldur's Gate II Enhanced Edition/lang/en_US/movies
2026-09-04 14:21:08.737 BaldursGateIIEnhancedEdition[85223:118479367] INFO: scanning:(8) $HOME/Documents/Baldur's Gate II - Enhanced Edition/override
2026-09-04 14:21:08.737 BaldursGateIIEnhancedEdition[85223:118479367] INFO: scanning:(9) $HOME/Documents/Baldur's Gate II - Enhanced Edition/scripts
2026-09-04 14:21:08.737 BaldursGateIIEnhancedEdition[85223:118479367] INFO: scanning:(10) $HOME/Documents/Baldur's Gate II - Enhanced Edition/sounds
2026-09-04 14:21:08.737 BaldursGateIIEnhancedEdition[85223:118479367] INFO: scanning:(11) $HOME/Documents/Baldur's Gate II - Enhanced Edition/portraits
2026-09-04 14:21:08.737 BaldursGateIIEnhancedEdition[85223:118479367] INFO: scanning:(12) $HOME/Documents/Baldur's Gate II - Enhanced Edition/characters
2026-09-04 14:21:08.737 BaldursGateIIEnhancedEdition[85223:118479367] INFO: scanning:(13) $HOME/Documents/Baldur's Gate II - Enhanced Edition/movies
2026-09-04 14:21:08.762 BaldursGateIIEnhancedEdition[85223:118479367] INFO: scanning:(0) $HOME/Library/Application Support/Steam/steamapps/common/Baldur's Gate II Enhanced Edition/override
2026-09-04 14:21:08.763 BaldursGateIIEnhancedEdition[85223:118479367] INFO: scanning:(1) $HOME/Library/Application Support/Steam/steamapps/common/Baldur's Gate II Enhanced Edition/scripts
2026-09-04 14:21:08.763 BaldursGateIIEnhancedEdition[85223:118479367] INFO: scanning:(2) $HOME/Library/Application Support/Steam/steamapps/common/Baldur's Gate II Enhanced Edition/sounds
2026-09-04 14:21:08.763 BaldursGateIIEnhancedEdition[85223:118479367] INFO: scanning:(3) $HOME/Library/Application Support/Steam/steamapps/common/Baldur's Gate II Enhanced Edition/lang/en_US/sounds
2026-09-04 14:21:08.763 BaldursGateIIEnhancedEdition[85223:118479367] INFO: scanning:(4) $HOME/Library/Application Support/Steam/steamapps/common/Baldur's Gate II Enhanced Edition/portraits
2026-09-04 14:21:08.763 BaldursGateIIEnhancedEdition[85223:118479367] INFO: scanning:(5) $HOME/Library/Application Support/Steam/steamapps/common/Baldur's Gate II Enhanced Edition/characters
2026-09-04 14:21:08.763 BaldursGateIIEnhancedEdition[85223:118479367] INFO: scanning:(6) $HOME/Library/Application Support/Steam/steamapps/common/Baldur's Gate II Enhanced Edition/movies
2026-09-04 14:21:08.763 BaldursGateIIEnhancedEdition[85223:118479367] INFO: scanning:(7) $HOME/Library/Application Support/Steam/steamapps/common/Baldur's Gate II Enhanced Edition/lang/en_US/movies
2026-09-04 14:21:08.763 BaldursGateIIEnhancedEdition[85223:118479367] INFO: scanning:(8) $HOME/Documents/Baldur's Gate II - Enhanced Edition/override
2026-09-04 14:21:08.763 BaldursGateIIEnhancedEdition[85223:118479367] INFO: scanning:(9) $HOME/Documents/Baldur's Gate II - Enhanced Edition/scripts
2026-09-04 14:21:08.763 BaldursGateIIEnhancedEdition[85223:118479367] INFO: scanning:(10) $HOME/Documents/Baldur's Gate II - Enhanced Edition/sounds
2026-09-04 14:21:08.764 BaldursGateIIEnhancedEdition[85223:118479367] INFO: scanning:(11) $HOME/Documents/Baldur's Gate II - Enhanced Edition/portraits
2026-09-04 14:21:08.764 BaldursGateIIEnhancedEdition[85223:118479367] INFO: scanning:(12) $HOME/Documents/Baldur's Gate II - Enhanced Edition/characters
2026-09-04 14:21:08.764 BaldursGateIIEnhancedEdition[85223:118479367] INFO: scanning:(13) $HOME/Documents/Baldur's Gate II - Enhanced Edition/movies
2026-09-04 14:21:08.765 BaldursGateIIEnhancedEdition[85223:118479367] INFO: scanning:(0) $HOME/Library/Application Support/Steam/steamapps/common/Baldur's Gate II Enhanced Edition/override
2026-09-04 14:21:08.766 BaldursGateIIEnhancedEdition[85223:118479367] INFO: scanning:(1) $HOME/Library/Application Support/Steam/steamapps/common/Baldur's Gate II Enhanced Edition/scripts
2026-09-04 14:21:08.766 BaldursGateIIEnhancedEdition[85223:118479367] INFO: scanning:(2) $HOME/Library/Application Support/Steam/steamapps/common/Baldur's Gate II Enhanced Edition/sounds
2026-09-04 14:21:08.766 BaldursGateIIEnhancedEdition[85223:118479367] INFO: scanning:(3) $HOME/Library/Application Support/Steam/steamapps/common/Baldur's Gate II Enhanced Edition/lang/en_US/sounds
2026-09-04 14:21:08.767 BaldursGateIIEnhancedEdition[85223:118479367] INFO: scanning:(4) $HOME/Library/Application Support/Steam/steamapps/common/Baldur's Gate II Enhanced Edition/portraits
2026-09-04 14:21:08.767 BaldursGateIIEnhancedEdition[85223:118479367] INFO: scanning:(5) $HOME/Library/Application Support/Steam/steamapps/common/Baldur's Gate II Enhanced Edition/characters
2026-09-04 14:21:08.767 BaldursGateIIEnhancedEdition[85223:118479367] INFO: scanning:(6) $HOME/Library/Application Support/Steam/steamapps/common/Baldur's Gate II Enhanced Edition/movies
2026-09-04 14:21:08.767 BaldursGateIIEnhancedEdition[85223:118479367] INFO: scanning:(7) $HOME/Library/Application Support/Steam/steamapps/common/Baldur's Gate II Enhanced Edition/lang/en_US/movies
2026-09-04 14:21:08.767 BaldursGateIIEnhancedEdition[85223:118479367] INFO: scanning:(8) $HOME/Documents/Baldur's Gate II - Enhanced Edition/override
2026-09-04 14:21:08.767 BaldursGateIIEnhancedEdition[85223:118479367] INFO: scanning:(9) $HOME/Documents/Baldur's Gate II - Enhanced Edition/scripts
2026-09-04 14:21:08.767 BaldursGateIIEnhancedEdition[85223:118479367] INFO: scanning:(10) $HOME/Documents/Baldur's Gate II - Enhanced Edition/sounds
2026-09-04 14:21:08.767 BaldursGateIIEnhancedEdition[85223:118479367] INFO: scanning:(11) $HOME/Documents/Baldur's Gate II - Enhanced Edition/portraits
2026-09-04 14:21:08.767 BaldursGateIIEnhancedEdition[85223:118479367] INFO: scanning:(12) $HOME/Documents/Baldur's Gate II - Enhanced Edition/characters
2026-09-04 14:21:08.767 BaldursGateIIEnhancedEdition[85223:118479367] INFO: scanning:(13) $HOME/Documents/Baldur's Gate II - Enhanced Edition/movies
2026-09-04 14:21:08.768 BaldursGateIIEnhancedEdition[85223:118479367] INFO: scanning:(0) $HOME/Library/Application Support/Steam/steamapps/common/Baldur's Gate II Enhanced Edition/override
2026-09-04 14:21:08.770 BaldursGateIIEnhancedEdition[85223:118479367] INFO: scanning:(1) $HOME/Library/Application Support/Steam/steamapps/common/Baldur's Gate II Enhanced Edition/scripts
2026-09-04 14:21:08.770 BaldursGateIIEnhancedEdition[85223:118479367] INFO: scanning:(2) $HOME/Library/Application Support/Steam/steamapps/common/Baldur's Gate II Enhanced Edition/sounds
2026-09-04 14:21:08.770 BaldursGateIIEnhancedEdition[85223:118479367] INFO: scanning:(3) $HOME/Library/Application Support/Steam/steamapps/common/Baldur's Gate II Enhanced Edition/lang/en_US/sounds
2026-09-04 14:21:08.770 BaldursGateIIEnhancedEdition[85223:118479367] INFO: scanning:(4) $HOME/Library/Application Support/Steam/steamapps/common/Baldur's Gate II Enhanced Edition/portraits
2026-09-04 14:21:08.770 BaldursGateIIEnhancedEdition[85223:118479367] INFO: scanning:(5) $HOME/Library/Application Support/Steam/steamapps/common/Baldur's Gate II Enhanced Edition/characters
2026-09-04 14:21:08.770 BaldursGateIIEnhancedEdition[85223:118479367] INFO: scanning:(6) $HOME/Library/Application Support/Steam/steamapps/common/Baldur's Gate II Enhanced Edition/movies
2026-09-04 14:21:08.770 BaldursGateIIEnhancedEdition[85223:118479367] INFO: scanning:(7) $HOME/Library/Application Support/Steam/steamapps/common/Baldur's Gate II Enhanced Edition/lang/en_US/movies
2026-09-04 14:21:08.770 BaldursGateIIEnhancedEdition[85223:118479367] INFO: scanning:(8) $HOME/Documents/Baldur's Gate II - Enhanced Edition/override
2026-09-04 14:21:08.770 BaldursGateIIEnhancedEdition[85223:118479367] INFO: scanning:(9) $HOME/Documents/Baldur's Gate II - Enhanced Edition/scripts
2026-09-04 14:21:08.770 BaldursGateIIEnhancedEdition[85223:118479367] INFO: scanning:(10) $HOME/Documents/Baldur's Gate II - Enhanced Edition/sounds
2026-09-04 14:21:08.770 BaldursGateIIEnhancedEdition[85223:118479367] INFO: scanning:(11) $HOME/Documents/Baldur's Gate II - Enhanced Edition/portraits
2026-09-04 14:21:08.770 BaldursGateIIEnhancedEdition[85223:118479367] INFO: scanning:(12) $HOME/Documents/Baldur's Gate II - Enhanced Edition/characters
2026-09-04 14:21:08.770 BaldursGateIIEnhancedEdition[85223:118479367] INFO: scanning:(13) $HOME/Documents/Baldur's Gate II - Enhanced Edition/movies
2026-09-04 14:21:08.771 BaldursGateIIEnhancedEdition[85223:118479367] INFO: scanning:(0) $HOME/Library/Application Support/Steam/steamapps/common/Baldur's Gate II Enhanced Edition/override
2026-09-04 14:21:08.773 BaldursGateIIEnhancedEdition[85223:118479367] INFO: scanning:(1) $HOME/Library/Application Support/Steam/steamapps/common/Baldur's Gate II Enhanced Edition/scripts
2026-09-04 14:21:08.773 BaldursGateIIEnhancedEdition[85223:118479367] INFO: scanning:(2) $HOME/Library/Application Support/Steam/steamapps/common/Baldur's Gate II Enhanced Edition/sounds
2026-09-04 14:21:08.773 BaldursGateIIEnhancedEdition[85223:118479367] INFO: scanning:(3) $HOME/Library/Application Support/Steam/steamapps/common/Baldur's Gate II Enhanced Edition/lang/en_US/sounds
2026-09-04 14:21:08.773 BaldursGateIIEnhancedEdition[85223:118479367] INFO: scanning:(4) $HOME/Library/Application Support/Steam/steamapps/common/Baldur's Gate II Enhanced Edition/portraits
2026-09-04 14:21:08.773 BaldursGateIIEnhancedEdition[85223:118479367] INFO: scanning:(5) $HOME/Library/Application Support/Steam/steamapps/common/Baldur's Gate II Enhanced Edition/characters
2026-09-04 14:21:08.773 BaldursGateIIEnhancedEdition[85223:118479367] INFO: scanning:(6) $HOME/Library/Application Support/Steam/steamapps/common/Baldur's Gate II Enhanced Edition/movies
2026-09-04 14:21:08.773 BaldursGateIIEnhancedEdition[85223:118479367] INFO: scanning:(7) $HOME/Library/Application Support/Steam/steamapps/common/Baldur's Gate II Enhanced Edition/lang/en_US/movies
2026-09-04 14:21:08.773 BaldursGateIIEnhancedEdition[85223:118479367] INFO: scanning:(8) $HOME/Documents/Baldur's Gate II - Enhanced Edition/override
2026-09-04 14:21:08.773 BaldursGateIIEnhancedEdition[85223:118479367] INFO: scanning:(9) $HOME/Documents/Baldur's Gate II - Enhanced Edition/scripts
2026-09-04 14:21:08.773 BaldursGateIIEnhancedEdition[85223:118479367] INFO: scanning:(10) $HOME/Documents/Baldur's Gate II - Enhanced Edition/sounds
2026-09-04 14:21:08.773 BaldursGateIIEnhancedEdition[85223:118479367] INFO: scanning:(11) $HOME/Documents/Baldur's Gate II - Enhanced Edition/portraits
2026-09-04 14:21:08.773 BaldursGateIIEnhancedEdition[85223:118479367] INFO: scanning:(12) $HOME/Documents/Baldur's Gate II - Enhanced Edition/characters
2026-09-04 14:21:08.773 BaldursGateIIEnhancedEdition[85223:118479367] INFO: scanning:(13) $HOME/Documents/Baldur's Gate II - Enhanced Edition/movies
2026-09-04 14:21:08.786 BaldursGateIIEnhancedEdition[85223:118479367] INFO: scanning:(0) $HOME/Library/Application Support/Steam/steamapps/common/Baldur's Gate II Enhanced Edition/override
2026-09-04 14:21:08.788 BaldursGateIIEnhancedEdition[85223:118479367] INFO: scanning:(1) $HOME/Library/Application Support/Steam/steamapps/common/Baldur's Gate II Enhanced Edition/scripts
2026-09-04 14:21:08.788 BaldursGateIIEnhancedEdition[85223:118479367] INFO: scanning:(2) $HOME/Library/Application Support/Steam/steamapps/common/Baldur's Gate II Enhanced Edition/sounds
2026-09-04 14:21:08.788 BaldursGateIIEnhancedEdition[85223:118479367] INFO: scanning:(3) $HOME/Library/Application Support/Steam/steamapps/common/Baldur's Gate II Enhanced Edition/lang/en_US/sounds
2026-09-04 14:21:08.788 BaldursGateIIEnhancedEdition[85223:118479367] INFO: scanning:(4) $HOME/Library/Application Support/Steam/steamapps/common/Baldur's Gate II Enhanced Edition/portraits
2026-09-04 14:21:08.788 BaldursGateIIEnhancedEdition[85223:118479367] INFO: scanning:(5) $HOME/Library/Application Support/Steam/steamapps/common/Baldur's Gate II Enhanced Edition/characters
2026-09-04 14:21:08.788 BaldursGateIIEnhancedEdition[85223:118479367] INFO: scanning:(6) $HOME/Library/Application Support/Steam/steamapps/common/Baldur's Gate II Enhanced Edition/movies
2026-09-04 14:21:08.788 BaldursGateIIEnhancedEdition[85223:118479367] INFO: scanning:(7) $HOME/Library/Application Support/Steam/steamapps/common/Baldur's Gate II Enhanced Edition/lang/en_US/movies
2026-09-04 14:21:08.788 BaldursGateIIEnhancedEdition[85223:118479367] INFO: scanning:(8) $HOME/Documents/Baldur's Gate II - Enhanced Edition/override
2026-09-04 14:21:08.788 BaldursGateIIEnhancedEdition[85223:118479367] INFO: scanning:(9) $HOME/Documents/Baldur's Gate II - Enhanced Edition/scripts
2026-09-04 14:21:08.788 BaldursGateIIEnhancedEdition[85223:118479367] INFO: scanning:(10) $HOME/Documents/Baldur's Gate II - Enhanced Edition/sounds
2026-09-04 14:21:08.788 BaldursGateIIEnhancedEdition[85223:118479367] INFO: scanning:(11) $HOME/Documents/Baldur's Gate II - Enhanced Edition/portraits
2026-09-04 14:21:08.788 BaldursGateIIEnhancedEdition[85223:118479367] INFO: scanning:(12) $HOME/Documents/Baldur's Gate II - Enhanced Edition/characters
2026-09-04 14:21:08.788 BaldursGateIIEnhancedEdition[85223:118479367] INFO: scanning:(13) $HOME/Documents/Baldur's Gate II - Enhanced Edition/movies
2026-09-04 14:21:08.790 BaldursGateIIEnhancedEdition[85223:118479367] INFO: scanning:(0) $HOME/Library/Application Support/Steam/steamapps/common/Baldur's Gate II Enhanced Edition/override
2026-09-04 14:21:08.791 BaldursGateIIEnhancedEdition[85223:118479367] INFO: scanning:(1) $HOME/Library/Application Support/Steam/steamapps/common/Baldur's Gate II Enhanced Edition/scripts
2026-09-04 14:21:08.791 BaldursGateIIEnhancedEdition[85223:118479367] INFO: scanning:(2) $HOME/Library/Application Support/Steam/steamapps/common/Baldur's Gate II Enhanced Edition/sounds
2026-09-04 14:21:08.791 BaldursGateIIEnhancedEdition[85223:118479367] INFO: scanning:(3) $HOME/Library/Application Support/Steam/steamapps/common/Baldur's Gate II Enhanced Edition/lang/en_US/sounds
2026-09-04 14:21:08.792 BaldursGateIIEnhancedEdition[85223:118479367] INFO: scanning:(4) $HOME/Library/Application Support/Steam/steamapps/common/Baldur's Gate II Enhanced Edition/portraits
2026-09-04 14:21:08.792 BaldursGateIIEnhancedEdition[85223:118479367] INFO: scanning:(5) $HOME/Library/Application Support/Steam/steamapps/common/Baldur's Gate II Enhanced Edition/characters
2026-09-04 14:21:08.792 BaldursGateIIEnhancedEdition[85223:118479367] INFO: scanning:(6) $HOME/Library/Application Support/Steam/steamapps/common/Baldur's Gate II Enhanced Edition/movies
2026-09-04 14:21:08.792 BaldursGateIIEnhancedEdition[85223:118479367] INFO: scanning:(7) $HOME/Library/Application Support/Steam/steamapps/common/Baldur's Gate II Enhanced Edition/lang/en_US/movies
2026-09-04 14:21:08.792 BaldursGateIIEnhancedEdition[85223:118479367] INFO: scanning:(8) $HOME/Documents/Baldur's Gate II - Enhanced Edition/override
2026-09-04 14:21:08.792 BaldursGateIIEnhancedEdition[85223:118479367] INFO: scanning:(9) $HOME/Documents/Baldur's Gate II - Enhanced Edition/scripts
2026-09-04 14:21:08.792 BaldursGateIIEnhancedEdition[85223:118479367] INFO: scanning:(10) $HOME/Documents/Baldur's Gate II - Enhanced Edition/sounds
2026-09-04 14:21:08.792 BaldursGateIIEnhancedEdition[85223:118479367] INFO: scanning:(11) $HOME/Documents/Baldur's Gate II - Enhanced Edition/portraits
2026-09-04 14:21:08.792 BaldursGateIIEnhancedEdition[85223:118479367] INFO: scanning:(12) $HOME/Documents/Baldur's Gate II - Enhanced Edition/characters
2026-09-04 14:21:08.792 BaldursGateIIEnhancedEdition[85223:118479367] INFO: scanning:(13) $HOME/Documents/Baldur's Gate II - Enhanced Edition/movies
2026-09-04 14:21:08.793 BaldursGateIIEnhancedEdition[85223:118479367] INFO: scanning:(0) $HOME/Library/Application Support/Steam/steamapps/common/Baldur's Gate II Enhanced Edition/override
2026-09-04 14:21:08.794 BaldursGateIIEnhancedEdition[85223:118479367] INFO: scanning:(1) $HOME/Library/Application Support/Steam/steamapps/common/Baldur's Gate II Enhanced Edition/scripts
2026-09-04 14:21:08.794 BaldursGateIIEnhancedEdition[85223:118479367] INFO: scanning:(2) $HOME/Library/Application Support/Steam/steamapps/common/Baldur's Gate II Enhanced Edition/sounds
2026-09-04 14:21:08.794 BaldursGateIIEnhancedEdition[85223:118479367] INFO: scanning:(3) $HOME/Library/Application Support/Steam/steamapps/common/Baldur's Gate II Enhanced Edition/lang/en_US/sounds
2026-09-04 14:21:08.795 BaldursGateIIEnhancedEdition[85223:118479367] INFO: scanning:(4) $HOME/Library/Application Support/Steam/steamapps/common/Baldur's Gate II Enhanced Edition/portraits
2026-09-04 14:21:08.795 BaldursGateIIEnhancedEdition[85223:118479367] INFO: scanning:(5) $HOME/Library/Application Support/Steam/steamapps/common/Baldur's Gate II Enhanced Edition/characters
2026-09-04 14:21:08.795 BaldursGateIIEnhancedEdition[85223:118479367] INFO: scanning:(6) $HOME/Library/Application Support/Steam/steamapps/common/Baldur's Gate II Enhanced Edition/movies
2026-09-04 14:21:08.795 BaldursGateIIEnhancedEdition[85223:118479367] INFO: scanning:(7) $HOME/Library/Application Support/Steam/steamapps/common/Baldur's Gate II Enhanced Edition/lang/en_US/movies
2026-09-04 14:21:08.795 BaldursGateIIEnhancedEdition[85223:118479367] INFO: scanning:(8) $HOME/Documents/Baldur's Gate II - Enhanced Edition/override
2026-09-04 14:21:08.795 BaldursGateIIEnhancedEdition[85223:118479367] INFO: scanning:(9) $HOME/Documents/Baldur's Gate II - Enhanced Edition/scripts
2026-09-04 14:21:08.795 BaldursGateIIEnhancedEdition[85223:118479367] INFO: scanning:(10) $HOME/Documents/Baldur's Gate II - Enhanced Edition/sounds
2026-09-04 14:21:08.795 BaldursGateIIEnhancedEdition[85223:118479367] INFO: scanning:(11) $HOME/Documents/Baldur's Gate II - Enhanced Edition/portraits
2026-09-04 14:21:08.795 BaldursGateIIEnhancedEdition[85223:118479367] INFO: scanning:(12) $HOME/Documents/Baldur's Gate II - Enhanced Edition/characters
2026-09-04 14:21:08.795 BaldursGateIIEnhancedEdition[85223:118479367] INFO: scanning:(13) $HOME/Documents/Baldur's Gate II - Enhanced Edition/movies
2026-09-04 14:21:08.796 BaldursGateIIEnhancedEdition[85223:118479367] INFO: scanning:(0) $HOME/Library/Application Support/Steam/steamapps/common/Baldur's Gate II Enhanced Edition/override
2026-09-04 14:21:08.797 BaldursGateIIEnhancedEdition[85223:118479367] INFO: scanning:(1) $HOME/Library/Application Support/Steam/steamapps/common/Baldur's Gate II Enhanced Edition/scripts
2026-09-04 14:21:08.798 BaldursGateIIEnhancedEdition[85223:118479367] INFO: scanning:(2) $HOME/Library/Application Support/Steam/steamapps/common/Baldur's Gate II Enhanced Edition/sounds
2026-09-04 14:21:08.798 BaldursGateIIEnhancedEdition[85223:118479367] INFO: scanning:(3) $HOME/Library/Application Support/Steam/steamapps/common/Baldur's Gate II Enhanced Edition/lang/en_US/sounds
2026-09-04 14:21:08.798 BaldursGateIIEnhancedEdition[85223:118479367] INFO: scanning:(4) $HOME/Library/Application Support/Steam/steamapps/common/Baldur's Gate II Enhanced Edition/portraits
2026-09-04 14:21:08.798 BaldursGateIIEnhancedEdition[85223:118479367] INFO: scanning:(5) $HOME/Library/Application Support/Steam/steamapps/common/Baldur's Gate II Enhanced Edition/characters
2026-09-04 14:21:08.798 BaldursGateIIEnhancedEdition[85223:118479367] INFO: scanning:(6) $HOME/Library/Application Support/Steam/steamapps/common/Baldur's Gate II Enhanced Edition/movies
2026-09-04 14:21:08.798 BaldursGateIIEnhancedEdition[85223:118479367] INFO: scanning:(7) $HOME/Library/Application Support/Steam/steamapps/common/Baldur's Gate II Enhanced Edition/lang/en_US/movies
2026-09-04 14:21:08.798 BaldursGateIIEnhancedEdition[85223:118479367] INFO: scanning:(8) $HOME/Documents/Baldur's Gate II - Enhanced Edition/override
2026-09-04 14:21:08.798 BaldursGateIIEnhancedEdition[85223:118479367] INFO: scanning:(9) $HOME/Documents/Baldur's Gate II - Enhanced Edition/scripts
2026-09-04 14:21:08.798 BaldursGateIIEnhancedEdition[85223:118479367] INFO: scanning:(10) $HOME/Documents/Baldur's Gate II - Enhanced Edition/sounds
2026-09-04 14:21:08.798 BaldursGateIIEnhancedEdition[85223:118479367] INFO: scanning:(11) $HOME/Documents/Baldur's Gate II - Enhanced Edition/portraits
2026-09-04 14:21:08.798 BaldursGateIIEnhancedEdition[85223:118479367] INFO: scanning:(12) $HOME/Documents/Baldur's Gate II - Enhanced Edition/characters
2026-09-04 14:21:08.798 BaldursGateIIEnhancedEdition[85223:118479367] INFO: scanning:(13) $HOME/Documents/Baldur's Gate II - Enhanced Edition/movies
2026-09-04 14:21:08.799 BaldursGateIIEnhancedEdition[85223:118479367] INFO: scanning:(0) $HOME/Library/Application Support/Steam/steamapps/common/Baldur's Gate II Enhanced Edition/override
2026-09-04 14:21:08.800 BaldursGateIIEnhancedEdition[85223:118479367] INFO: scanning:(1) $HOME/Library/Application Support/Steam/steamapps/common/Baldur's Gate II Enhanced Edition/scripts
2026-09-04 14:21:08.800 BaldursGateIIEnhancedEdition[85223:118479367] INFO: scanning:(2) $HOME/Library/Application Support/Steam/steamapps/common/Baldur's Gate II Enhanced Edition/sounds
2026-09-04 14:21:08.800 BaldursGateIIEnhancedEdition[85223:118479367] INFO: scanning:(3) $HOME/Library/Application Support/Steam/steamapps/common/Baldur's Gate II Enhanced Edition/lang/en_US/sounds
2026-09-04 14:21:08.801 BaldursGateIIEnhancedEdition[85223:118479367] INFO: scanning:(4) $HOME/Library/Application Support/Steam/steamapps/common/Baldur's Gate II Enhanced Edition/portraits
2026-09-04 14:21:08.801 BaldursGateIIEnhancedEdition[85223:118479367] INFO: scanning:(5) $HOME/Library/Application Support/Steam/steamapps/common/Baldur's Gate II Enhanced Edition/characters
2026-09-04 14:21:08.801 BaldursGateIIEnhancedEdition[85223:118479367] INFO: scanning:(6) $HOME/Library/Application Support/Steam/steamapps/common/Baldur's Gate II Enhanced Edition/movies
2026-09-04 14:21:08.801 BaldursGateIIEnhancedEdition[85223:118479367] INFO: scanning:(7) $HOME/Library/Application Support/Steam/steamapps/common/Baldur's Gate II Enhanced Edition/lang/en_US/movies
2026-09-04 14:21:08.801 BaldursGateIIEnhancedEdition[85223:118479367] INFO: scanning:(8) $HOME/Documents/Baldur's Gate II - Enhanced Edition/override
2026-09-04 14:21:08.801 BaldursGateIIEnhancedEdition[85223:118479367] INFO: scanning:(9) $HOME/Documents/Baldur's Gate II - Enhanced Edition/scripts
2026-09-04 14:21:08.801 BaldursGateIIEnhancedEdition[85223:118479367] INFO: scanning:(10) $HOME/Documents/Baldur's Gate II - Enhanced Edition/sounds
2026-09-04 14:21:08.801 BaldursGateIIEnhancedEdition[85223:118479367] INFO: scanning:(11) $HOME/Documents/Baldur's Gate II - Enhanced Edition/portraits
2026-09-04 14:21:08.801 BaldursGateIIEnhancedEdition[85223:118479367] INFO: scanning:(12) $HOME/Documents/Baldur's Gate II - Enhanced Edition/characters
2026-09-04 14:21:08.801 BaldursGateIIEnhancedEdition[85223:118479367] INFO: scanning:(13) $HOME/Documents/Baldur's Gate II - Enhanced Edition/movies
2026-09-04 14:21:08.802 BaldursGateIIEnhancedEdition[85223:118479367] INFO: LUA: A7LOG	864	12614160	1194110	Day 1, Hour 22 (3 Mirtul, 1369)	WORLD_QUICKLOOT	^0xff0cff3fQuick save successful.^-
2026-09-04 14:21:09.603 BaldursGateIIEnhancedEdition[85223:118479367] INFO: LUA: A7LOG	865	12614880	1194911	Day 1, Hour 22 (3 Mirtul, 1369)	WORLD_QUICKLOOT	^0xffd6bd9fJaheira^-: ^0xffd7c8a0It is done.^-
2026-09-04 14:21:12.481 BaldursGateIIEnhancedEdition[85223:118479367] INFO: LUA: A7LOG	866	12617400	1197789	Day 1, Hour 22 (3 Mirtul, 1369)	WORLD_QUICKLOOT	^0xffcb967dBooprikt^-: ^0xffbed7d7Stopped Detecting Traps / Illusions^-
2026-09-04 14:21:12.520 BaldursGateIIEnhancedEdition[85223:118479367] INFO: LUA: A7LOG	867	12617400	1197828	Day 1, Hour 22 (3 Mirtul, 1369)	WORLD_QUICKLOOT	^0xffffb3f3Imoen^-: ^0xffbed7d7Stopped Detecting Traps / Illusions^-
2026-09-04 14:21:12.555 BaldursGateIIEnhancedEdition[85223:118479367] INFO: LUA: A7LOG	868	12617460	1197863	Day 1, Hour 22 (3 Mirtul, 1369)	WORLD_QUICKLOOT	^0xffbed7d7LOCKED^-
2026-09-04 14:21:13.845 BaldursGateIIEnhancedEdition[85223:118479367] INFO: LUA: A7LOG	869	12618600	1199153	Day 1, Hour 22 (3 Mirtul, 1369)	WORLD_QUICKLOOT	^0xffcb967dBooprikt^-: ^0xffbed7d7Detecting Traps / Illusions^-
2026-09-04 14:21:14.493 BaldursGateIIEnhancedEdition[85223:118479367] INFO: LUA: A7LOG	870	12619140	1199801	Day 1, Hour 22 (3 Mirtul, 1369)	WORLD_QUICKLOOT	^0xffffb3f3Imoen^-: ^0xffbed7d7Detecting Traps / Illusions^-
2026-09-04 14:21:18.492 BaldursGateIIEnhancedEdition[85223:118479367] INFO: scanning:(0) $HOME/Library/Application Support/Steam/steamapps/common/Baldur's Gate II Enhanced Edition/override
2026-09-04 14:21:18.495 BaldursGateIIEnhancedEdition[85223:118479367] INFO: scanning:(1) $HOME/Library/Application Support/Steam/steamapps/common/Baldur's Gate II Enhanced Edition/scripts
2026-09-04 14:21:18.496 BaldursGateIIEnhancedEdition[85223:118479367] INFO: scanning:(2) $HOME/Library/Application Support/Steam/steamapps/common/Baldur's Gate II Enhanced Edition/sounds
2026-09-04 14:21:18.496 BaldursGateIIEnhancedEdition[85223:118479367] INFO: scanning:(3) $HOME/Library/Application Support/Steam/steamapps/common/Baldur's Gate II Enhanced Edition/lang/en_US/sounds
2026-09-04 14:21:18.496 BaldursGateIIEnhancedEdition[85223:118479367] INFO: scanning:(4) $HOME/Library/Application Support/Steam/steamapps/common/Baldur's Gate II Enhanced Edition/portraits
2026-09-04 14:21:18.496 BaldursGateIIEnhancedEdition[85223:118479367] INFO: scanning:(5) $HOME/Library/Application Support/Steam/steamapps/common/Baldur's Gate II Enhanced Edition/characters
2026-09-04 14:21:18.496 BaldursGateIIEnhancedEdition[85223:118479367] INFO: scanning:(6) $HOME/Library/Application Support/Steam/steamapps/common/Baldur's Gate II Enhanced Edition/movies
2026-09-04 14:21:18.496 BaldursGateIIEnhancedEdition[85223:118479367] INFO: scanning:(7) $HOME/Library/Application Support/Steam/steamapps/common/Baldur's Gate II Enhanced Edition/lang/en_US/movies
2026-09-04 14:21:18.496 BaldursGateIIEnhancedEdition[85223:118479367] INFO: scanning:(8) $HOME/Documents/Baldur's Gate II - Enhanced Edition/override
2026-09-04 14:21:18.496 BaldursGateIIEnhancedEdition[85223:118479367] INFO: scanning:(9) $HOME/Documents/Baldur's Gate II - Enhanced Edition/scripts
2026-09-04 14:21:18.496 BaldursGateIIEnhancedEdition[85223:118479367] INFO: scanning:(10) $HOME/Documents/Baldur's Gate II - Enhanced Edition/sounds
2026-09-04 14:21:18.496 BaldursGateIIEnhancedEdition[85223:118479367] INFO: scanning:(11) $HOME/Documents/Baldur's Gate II - Enhanced Edition/portraits
2026-09-04 14:21:18.496 BaldursGateIIEnhancedEdition[85223:118479367] INFO: scanning:(12) $HOME/Documents/Baldur's Gate II - Enhanced Edition/characters
2026-09-04 14:21:18.496 BaldursGateIIEnhancedEdition[85223:118479367] INFO: scanning:(13) $HOME/Documents/Baldur's Gate II - Enhanced Edition/movies
2026-09-04 14:21:18.518 BaldursGateIIEnhancedEdition[85223:118479367] INFO: scanning:(0) $HOME/Library/Application Support/Steam/steamapps/common/Baldur's Gate II Enhanced Edition/override
2026-09-04 14:21:18.520 BaldursGateIIEnhancedEdition[85223:118479367] INFO: scanning:(1) $HOME/Library/Application Support/Steam/steamapps/common/Baldur's Gate II Enhanced Edition/scripts
2026-09-04 14:21:18.520 BaldursGateIIEnhancedEdition[85223:118479367] INFO: scanning:(2) $HOME/Library/Application Support/Steam/steamapps/common/Baldur's Gate II Enhanced Edition/sounds
2026-09-04 14:21:18.520 BaldursGateIIEnhancedEdition[85223:118479367] INFO: scanning:(3) $HOME/Library/Application Support/Steam/steamapps/common/Baldur's Gate II Enhanced Edition/lang/en_US/sounds
2026-09-04 14:21:18.520 BaldursGateIIEnhancedEdition[85223:118479367] INFO: scanning:(4) $HOME/Library/Application Support/Steam/steamapps/common/Baldur's Gate II Enhanced Edition/portraits
2026-09-04 14:21:18.520 BaldursGateIIEnhancedEdition[85223:118479367] INFO: scanning:(5) $HOME/Library/Application Support/Steam/steamapps/common/Baldur's Gate II Enhanced Edition/characters
2026-09-04 14:21:18.520 BaldursGateIIEnhancedEdition[85223:118479367] INFO: scanning:(6) $HOME/Library/Application Support/Steam/steamapps/common/Baldur's Gate II Enhanced Edition/movies
2026-09-04 14:21:18.520 BaldursGateIIEnhancedEdition[85223:118479367] INFO: scanning:(7) $HOME/Library/Application Support/Steam/steamapps/common/Baldur's Gate II Enhanced Edition/lang/en_US/movies
2026-09-04 14:21:18.520 BaldursGateIIEnhancedEdition[85223:118479367] INFO: scanning:(8) $HOME/Documents/Baldur's Gate II - Enhanced Edition/override
2026-09-04 14:21:18.520 BaldursGateIIEnhancedEdition[85223:118479367] INFO: scanning:(9) $HOME/Documents/Baldur's Gate II - Enhanced Edition/scripts
2026-09-04 14:21:18.520 BaldursGateIIEnhancedEdition[85223:118479367] INFO: scanning:(10) $HOME/Documents/Baldur's Gate II - Enhanced Edition/sounds
2026-09-04 14:21:18.520 BaldursGateIIEnhancedEdition[85223:118479367] INFO: scanning:(11) $HOME/Documents/Baldur's Gate II - Enhanced Edition/portraits
2026-09-04 14:21:18.520 BaldursGateIIEnhancedEdition[85223:118479367] INFO: scanning:(12) $HOME/Documents/Baldur's Gate II - Enhanced Edition/characters
2026-09-04 14:21:18.520 BaldursGateIIEnhancedEdition[85223:118479367] INFO: scanning:(13) $HOME/Documents/Baldur's Gate II - Enhanced Edition/movies
2026-09-04 14:21:18.521 BaldursGateIIEnhancedEdition[85223:118479367] INFO: scanning:(0) $HOME/Library/Application Support/Steam/steamapps/common/Baldur's Gate II Enhanced Edition/override
2026-09-04 14:21:18.523 BaldursGateIIEnhancedEdition[85223:118479367] INFO: scanning:(1) $HOME/Library/Application Support/Steam/steamapps/common/Baldur's Gate II Enhanced Edition/scripts
2026-09-04 14:21:18.523 BaldursGateIIEnhancedEdition[85223:118479367] INFO: scanning:(2) $HOME/Library/Application Support/Steam/steamapps/common/Baldur's Gate II Enhanced Edition/sounds
2026-09-04 14:21:18.523 BaldursGateIIEnhancedEdition[85223:118479367] INFO: scanning:(3) $HOME/Library/Application Support/Steam/steamapps/common/Baldur's Gate II Enhanced Edition/lang/en_US/sounds
2026-09-04 14:21:18.523 BaldursGateIIEnhancedEdition[85223:118479367] INFO: scanning:(4) $HOME/Library/Application Support/Steam/steamapps/common/Baldur's Gate II Enhanced Edition/portraits
2026-09-04 14:21:18.523 BaldursGateIIEnhancedEdition[85223:118479367] INFO: scanning:(5) $HOME/Library/Application Support/Steam/steamapps/common/Baldur's Gate II Enhanced Edition/characters
2026-09-04 14:21:18.523 BaldursGateIIEnhancedEdition[85223:118479367] INFO: scanning:(6) $HOME/Library/Application Support/Steam/steamapps/common/Baldur's Gate II Enhanced Edition/movies
2026-09-04 14:21:18.523 BaldursGateIIEnhancedEdition[85223:118479367] INFO: scanning:(7) $HOME/Library/Application Support/Steam/steamapps/common/Baldur's Gate II Enhanced Edition/lang/en_US/movies
2026-09-04 14:21:18.523 BaldursGateIIEnhancedEdition[85223:118479367] INFO: scanning:(8) $HOME/Documents/Baldur's Gate II - Enhanced Edition/override
2026-09-04 14:21:18.523 BaldursGateIIEnhancedEdition[85223:118479367] INFO: scanning:(9) $HOME/Documents/Baldur's Gate II - Enhanced Edition/scripts
2026-09-04 14:21:18.523 BaldursGateIIEnhancedEdition[85223:118479367] INFO: scanning:(10) $HOME/Documents/Baldur's Gate II - Enhanced Edition/sounds
2026-09-04 14:21:18.523 BaldursGateIIEnhancedEdition[85223:118479367] INFO: scanning:(11) $HOME/Documents/Baldur's Gate II - Enhanced Edition/portraits
2026-09-04 14:21:18.523 BaldursGateIIEnhancedEdition[85223:118479367] INFO: scanning:(12) $HOME/Documents/Baldur's Gate II - Enhanced Edition/characters
2026-09-04 14:21:18.523 BaldursGateIIEnhancedEdition[85223:118479367] INFO: scanning:(13) $HOME/Documents/Baldur's Gate II - Enhanced Edition/movies
2026-09-04 14:21:18.524 BaldursGateIIEnhancedEdition[85223:118479367] INFO: scanning:(0) $HOME/Library/Application Support/Steam/steamapps/common/Baldur's Gate II Enhanced Edition/override
2026-09-04 14:21:18.525 BaldursGateIIEnhancedEdition[85223:118479367] INFO: scanning:(1) $HOME/Library/Application Support/Steam/steamapps/common/Baldur's Gate II Enhanced Edition/scripts
2026-09-04 14:21:18.525 BaldursGateIIEnhancedEdition[85223:118479367] INFO: scanning:(2) $HOME/Library/Application Support/Steam/steamapps/common/Baldur's Gate II Enhanced Edition/sounds
2026-09-04 14:21:18.525 BaldursGateIIEnhancedEdition[85223:118479367] INFO: scanning:(3) $HOME/Library/Application Support/Steam/steamapps/common/Baldur's Gate II Enhanced Edition/lang/en_US/sounds
2026-09-04 14:21:18.526 BaldursGateIIEnhancedEdition[85223:118479367] INFO: scanning:(4) $HOME/Library/Application Support/Steam/steamapps/common/Baldur's Gate II Enhanced Edition/portraits
2026-09-04 14:21:18.526 BaldursGateIIEnhancedEdition[85223:118479367] INFO: scanning:(5) $HOME/Library/Application Support/Steam/steamapps/common/Baldur's Gate II Enhanced Edition/characters
2026-09-04 14:21:18.526 BaldursGateIIEnhancedEdition[85223:118479367] INFO: scanning:(6) $HOME/Library/Application Support/Steam/steamapps/common/Baldur's Gate II Enhanced Edition/movies
2026-09-04 14:21:18.526 BaldursGateIIEnhancedEdition[85223:118479367] INFO: scanning:(7) $HOME/Library/Application Support/Steam/steamapps/common/Baldur's Gate II Enhanced Edition/lang/en_US/movies
2026-09-04 14:21:18.526 BaldursGateIIEnhancedEdition[85223:118479367] INFO: scanning:(8) $HOME/Documents/Baldur's Gate II - Enhanced Edition/override
2026-09-04 14:21:18.526 BaldursGateIIEnhancedEdition[85223:118479367] INFO: scanning:(9) $HOME/Documents/Baldur's Gate II - Enhanced Edition/scripts
2026-09-04 14:21:18.526 BaldursGateIIEnhancedEdition[85223:118479367] INFO: scanning:(10) $HOME/Documents/Baldur's Gate II - Enhanced Edition/sounds
2026-09-04 14:21:18.526 BaldursGateIIEnhancedEdition[85223:118479367] INFO: scanning:(11) $HOME/Documents/Baldur's Gate II - Enhanced Edition/portraits
2026-09-04 14:21:18.526 BaldursGateIIEnhancedEdition[85223:118479367] INFO: scanning:(12) $HOME/Documents/Baldur's Gate II - Enhanced Edition/characters
2026-09-04 14:21:18.526 BaldursGateIIEnhancedEdition[85223:118479367] INFO: scanning:(13) $HOME/Documents/Baldur's Gate II - Enhanced Edition/movies
2026-09-04 14:21:18.527 BaldursGateIIEnhancedEdition[85223:118479367] INFO: scanning:(0) $HOME/Library/Application Support/Steam/steamapps/common/Baldur's Gate II Enhanced Edition/override
2026-09-04 14:21:18.528 BaldursGateIIEnhancedEdition[85223:118479367] INFO: scanning:(1) $HOME/Library/Application Support/Steam/steamapps/common/Baldur's Gate II Enhanced Edition/scripts
2026-09-04 14:21:18.528 BaldursGateIIEnhancedEdition[85223:118479367] INFO: scanning:(2) $HOME/Library/Application Support/Steam/steamapps/common/Baldur's Gate II Enhanced Edition/sounds
2026-09-04 14:21:18.528 BaldursGateIIEnhancedEdition[85223:118479367] INFO: scanning:(3) $HOME/Library/Application Support/Steam/steamapps/common/Baldur's Gate II Enhanced Edition/lang/en_US/sounds
2026-09-04 14:21:18.529 BaldursGateIIEnhancedEdition[85223:118479367] INFO: scanning:(4) $HOME/Library/Application Support/Steam/steamapps/common/Baldur's Gate II Enhanced Edition/portraits
2026-09-04 14:21:18.529 BaldursGateIIEnhancedEdition[85223:118479367] INFO: scanning:(5) $HOME/Library/Application Support/Steam/steamapps/common/Baldur's Gate II Enhanced Edition/characters
2026-09-04 14:21:18.529 BaldursGateIIEnhancedEdition[85223:118479367] INFO: scanning:(6) $HOME/Library/Application Support/Steam/steamapps/common/Baldur's Gate II Enhanced Edition/movies
2026-09-04 14:21:18.529 BaldursGateIIEnhancedEdition[85223:118479367] INFO: scanning:(7) $HOME/Library/Application Support/Steam/steamapps/common/Baldur's Gate II Enhanced Edition/lang/en_US/movies
2026-09-04 14:21:18.529 BaldursGateIIEnhancedEdition[85223:118479367] INFO: scanning:(8) $HOME/Documents/Baldur's Gate II - Enhanced Edition/override
2026-09-04 14:21:18.529 BaldursGateIIEnhancedEdition[85223:118479367] INFO: scanning:(9) $HOME/Documents/Baldur's Gate II - Enhanced Edition/scripts
2026-09-04 14:21:18.529 BaldursGateIIEnhancedEdition[85223:118479367] INFO: scanning:(10) $HOME/Documents/Baldur's Gate II - Enhanced Edition/sounds
2026-09-04 14:21:18.529 BaldursGateIIEnhancedEdition[85223:118479367] INFO: scanning:(11) $HOME/Documents/Baldur's Gate II - Enhanced Edition/portraits
2026-09-04 14:21:18.529 BaldursGateIIEnhancedEdition[85223:118479367] INFO: scanning:(12) $HOME/Documents/Baldur's Gate II - Enhanced Edition/characters
2026-09-04 14:21:18.529 BaldursGateIIEnhancedEdition[85223:118479367] INFO: scanning:(13) $HOME/Documents/Baldur's Gate II - Enhanced Edition/movies
2026-09-04 14:21:18.536 BaldursGateIIEnhancedEdition[85223:118479367] INFO: scanning:(0) $HOME/Library/Application Support/Steam/steamapps/common/Baldur's Gate II Enhanced Edition/override
2026-09-04 14:21:18.537 BaldursGateIIEnhancedEdition[85223:118479367] INFO: scanning:(1) $HOME/Library/Application Support/Steam/steamapps/common/Baldur's Gate II Enhanced Edition/scripts
2026-09-04 14:21:18.537 BaldursGateIIEnhancedEdition[85223:118479367] INFO: scanning:(2) $HOME/Library/Application Support/Steam/steamapps/common/Baldur's Gate II Enhanced Edition/sounds
2026-09-04 14:21:18.538 BaldursGateIIEnhancedEdition[85223:118479367] INFO: scanning:(3) $HOME/Library/Application Support/Steam/steamapps/common/Baldur's Gate II Enhanced Edition/lang/en_US/sounds
2026-09-04 14:21:18.538 BaldursGateIIEnhancedEdition[85223:118479367] INFO: scanning:(4) $HOME/Library/Application Support/Steam/steamapps/common/Baldur's Gate II Enhanced Edition/portraits
2026-09-04 14:21:18.538 BaldursGateIIEnhancedEdition[85223:118479367] INFO: scanning:(5) $HOME/Library/Application Support/Steam/steamapps/common/Baldur's Gate II Enhanced Edition/characters
2026-09-04 14:21:18.538 BaldursGateIIEnhancedEdition[85223:118479367] INFO: scanning:(6) $HOME/Library/Application Support/Steam/steamapps/common/Baldur's Gate II Enhanced Edition/movies
2026-09-04 14:21:18.538 BaldursGateIIEnhancedEdition[85223:118479367] INFO: scanning:(7) $HOME/Library/Application Support/Steam/steamapps/common/Baldur's Gate II Enhanced Edition/lang/en_US/movies
2026-09-04 14:21:18.538 BaldursGateIIEnhancedEdition[85223:118479367] INFO: scanning:(8) $HOME/Documents/Baldur's Gate II - Enhanced Edition/override
2026-09-04 14:21:18.538 BaldursGateIIEnhancedEdition[85223:118479367] INFO: scanning:(9) $HOME/Documents/Baldur's Gate II - Enhanced Edition/scripts
2026-09-04 14:21:18.538 BaldursGateIIEnhancedEdition[85223:118479367] INFO: scanning:(10) $HOME/Documents/Baldur's Gate II - Enhanced Edition/sounds
2026-09-04 14:21:18.538 BaldursGateIIEnhancedEdition[85223:118479367] INFO: scanning:(11) $HOME/Documents/Baldur's Gate II - Enhanced Edition/portraits
2026-09-04 14:21:18.538 BaldursGateIIEnhancedEdition[85223:118479367] INFO: scanning:(12) $HOME/Documents/Baldur's Gate II - Enhanced Edition/characters
2026-09-04 14:21:18.538 BaldursGateIIEnhancedEdition[85223:118479367] INFO: scanning:(13) $HOME/Documents/Baldur's Gate II - Enhanced Edition/movies
2026-09-04 14:21:18.539 BaldursGateIIEnhancedEdition[85223:118479367] INFO: scanning:(0) $HOME/Library/Application Support/Steam/steamapps/common/Baldur's Gate II Enhanced Edition/override
2026-09-04 14:21:18.540 BaldursGateIIEnhancedEdition[85223:118479367] INFO: scanning:(1) $HOME/Library/Application Support/Steam/steamapps/common/Baldur's Gate II Enhanced Edition/scripts
2026-09-04 14:21:18.540 BaldursGateIIEnhancedEdition[85223:118479367] INFO: scanning:(2) $HOME/Library/Application Support/Steam/steamapps/common/Baldur's Gate II Enhanced Edition/sounds
2026-09-04 14:21:18.540 BaldursGateIIEnhancedEdition[85223:118479367] INFO: scanning:(3) $HOME/Library/Application Support/Steam/steamapps/common/Baldur's Gate II Enhanced Edition/lang/en_US/sounds
2026-09-04 14:21:18.541 BaldursGateIIEnhancedEdition[85223:118479367] INFO: scanning:(4) $HOME/Library/Application Support/Steam/steamapps/common/Baldur's Gate II Enhanced Edition/portraits
2026-09-04 14:21:18.541 BaldursGateIIEnhancedEdition[85223:118479367] INFO: scanning:(5) $HOME/Library/Application Support/Steam/steamapps/common/Baldur's Gate II Enhanced Edition/characters
2026-09-04 14:21:18.541 BaldursGateIIEnhancedEdition[85223:118479367] INFO: scanning:(6) $HOME/Library/Application Support/Steam/steamapps/common/Baldur's Gate II Enhanced Edition/movies
2026-09-04 14:21:18.541 BaldursGateIIEnhancedEdition[85223:118479367] INFO: scanning:(7) $HOME/Library/Application Support/Steam/steamapps/common/Baldur's Gate II Enhanced Edition/lang/en_US/movies
2026-09-04 14:21:18.541 BaldursGateIIEnhancedEdition[85223:118479367] INFO: scanning:(8) $HOME/Documents/Baldur's Gate II - Enhanced Edition/override
2026-09-04 14:21:18.541 BaldursGateIIEnhancedEdition[85223:118479367] INFO: scanning:(9) $HOME/Documents/Baldur's Gate II - Enhanced Edition/scripts
2026-09-04 14:21:18.541 BaldursGateIIEnhancedEdition[85223:118479367] INFO: scanning:(10) $HOME/Documents/Baldur's Gate II - Enhanced Edition/sounds
2026-09-04 14:21:18.541 BaldursGateIIEnhancedEdition[85223:118479367] INFO: scanning:(11) $HOME/Documents/Baldur's Gate II - Enhanced Edition/portraits
2026-09-04 14:21:18.541 BaldursGateIIEnhancedEdition[85223:118479367] INFO: scanning:(12) $HOME/Documents/Baldur's Gate II - Enhanced Edition/characters
2026-09-04 14:21:18.541 BaldursGateIIEnhancedEdition[85223:118479367] INFO: scanning:(13) $HOME/Documents/Baldur's Gate II - Enhanced Edition/movies
2026-09-04 14:21:18.542 BaldursGateIIEnhancedEdition[85223:118479367] INFO: scanning:(0) $HOME/Library/Application Support/Steam/steamapps/common/Baldur's Gate II Enhanced Edition/override
2026-09-04 14:21:18.543 BaldursGateIIEnhancedEdition[85223:118479367] INFO: scanning:(1) $HOME/Library/Application Support/Steam/steamapps/common/Baldur's Gate II Enhanced Edition/scripts
2026-09-04 14:21:18.543 BaldursGateIIEnhancedEdition[85223:118479367] INFO: scanning:(2) $HOME/Library/Application Support/Steam/steamapps/common/Baldur's Gate II Enhanced Edition/sounds
2026-09-04 14:21:18.543 BaldursGateIIEnhancedEdition[85223:118479367] INFO: scanning:(3) $HOME/Library/Application Support/Steam/steamapps/common/Baldur's Gate II Enhanced Edition/lang/en_US/sounds
2026-09-04 14:21:18.543 BaldursGateIIEnhancedEdition[85223:118479367] INFO: scanning:(4) $HOME/Library/Application Support/Steam/steamapps/common/Baldur's Gate II Enhanced Edition/portraits
2026-09-04 14:21:18.543 BaldursGateIIEnhancedEdition[85223:118479367] INFO: scanning:(5) $HOME/Library/Application Support/Steam/steamapps/common/Baldur's Gate II Enhanced Edition/characters
2026-09-04 14:21:18.543 BaldursGateIIEnhancedEdition[85223:118479367] INFO: scanning:(6) $HOME/Library/Application Support/Steam/steamapps/common/Baldur's Gate II Enhanced Edition/movies
2026-09-04 14:21:18.543 BaldursGateIIEnhancedEdition[85223:118479367] INFO: scanning:(7) $HOME/Library/Application Support/Steam/steamapps/common/Baldur's Gate II Enhanced Edition/lang/en_US/movies
2026-09-04 14:21:18.543 BaldursGateIIEnhancedEdition[85223:118479367] INFO: scanning:(8) $HOME/Documents/Baldur's Gate II - Enhanced Edition/override
2026-09-04 14:21:18.543 BaldursGateIIEnhancedEdition[85223:118479367] INFO: scanning:(9) $HOME/Documents/Baldur's Gate II - Enhanced Edition/scripts
2026-09-04 14:21:18.543 BaldursGateIIEnhancedEdition[85223:118479367] INFO: scanning:(10) $HOME/Documents/Baldur's Gate II - Enhanced Edition/sounds
2026-09-04 14:21:18.543 BaldursGateIIEnhancedEdition[85223:118479367] INFO: scanning:(11) $HOME/Documents/Baldur's Gate II - Enhanced Edition/portraits
2026-09-04 14:21:18.544 BaldursGateIIEnhancedEdition[85223:118479367] INFO: scanning:(12) $HOME/Documents/Baldur's Gate II - Enhanced Edition/characters
2026-09-04 14:21:18.544 BaldursGateIIEnhancedEdition[85223:118479367] INFO: scanning:(13) $HOME/Documents/Baldur's Gate II - Enhanced Edition/movies
2026-09-04 14:21:18.545 BaldursGateIIEnhancedEdition[85223:118479367] INFO: scanning:(0) $HOME/Library/Application Support/Steam/steamapps/common/Baldur's Gate II Enhanced Edition/override
2026-09-04 14:21:18.546 BaldursGateIIEnhancedEdition[85223:118479367] INFO: scanning:(1) $HOME/Library/Application Support/Steam/steamapps/common/Baldur's Gate II Enhanced Edition/scripts
2026-09-04 14:21:18.546 BaldursGateIIEnhancedEdition[85223:118479367] INFO: scanning:(2) $HOME/Library/Application Support/Steam/steamapps/common/Baldur's Gate II Enhanced Edition/sounds
2026-09-04 14:21:18.546 BaldursGateIIEnhancedEdition[85223:118479367] INFO: scanning:(3) $HOME/Library/Application Support/Steam/steamapps/common/Baldur's Gate II Enhanced Edition/lang/en_US/sounds
2026-09-04 14:21:18.546 BaldursGateIIEnhancedEdition[85223:118479367] INFO: scanning:(4) $HOME/Library/Application Support/Steam/steamapps/common/Baldur's Gate II Enhanced Edition/portraits
2026-09-04 14:21:18.546 BaldursGateIIEnhancedEdition[85223:118479367] INFO: scanning:(5) $HOME/Library/Application Support/Steam/steamapps/common/Baldur's Gate II Enhanced Edition/characters
2026-09-04 14:21:18.546 BaldursGateIIEnhancedEdition[85223:118479367] INFO: scanning:(6) $HOME/Library/Application Support/Steam/steamapps/common/Baldur's Gate II Enhanced Edition/movies
2026-09-04 14:21:18.546 BaldursGateIIEnhancedEdition[85223:118479367] INFO: scanning:(7) $HOME/Library/Application Support/Steam/steamapps/common/Baldur's Gate II Enhanced Edition/lang/en_US/movies
2026-09-04 14:21:18.546 BaldursGateIIEnhancedEdition[85223:118479367] INFO: scanning:(8) $HOME/Documents/Baldur's Gate II - Enhanced Edition/override
2026-09-04 14:21:18.546 BaldursGateIIEnhancedEdition[85223:118479367] INFO: scanning:(9) $HOME/Documents/Baldur's Gate II - Enhanced Edition/scripts
2026-09-04 14:21:18.546 BaldursGateIIEnhancedEdition[85223:118479367] INFO: scanning:(10) $HOME/Documents/Baldur's Gate II - Enhanced Edition/sounds
2026-09-04 14:21:18.546 BaldursGateIIEnhancedEdition[85223:118479367] INFO: scanning:(11) $HOME/Documents/Baldur's Gate II - Enhanced Edition/portraits
2026-09-04 14:21:18.546 BaldursGateIIEnhancedEdition[85223:118479367] INFO: scanning:(12) $HOME/Documents/Baldur's Gate II - Enhanced Edition/characters
2026-09-04 14:21:18.546 BaldursGateIIEnhancedEdition[85223:118479367] INFO: scanning:(13) $HOME/Documents/Baldur's Gate II - Enhanced Edition/movies
2026-09-04 14:21:18.547 BaldursGateIIEnhancedEdition[85223:118479367] INFO: scanning:(0) $HOME/Library/Application Support/Steam/steamapps/common/Baldur's Gate II Enhanced Edition/override
2026-09-04 14:21:18.549 BaldursGateIIEnhancedEdition[85223:118479367] INFO: scanning:(1) $HOME/Library/Application Support/Steam/steamapps/common/Baldur's Gate II Enhanced Edition/scripts
2026-09-04 14:21:18.549 BaldursGateIIEnhancedEdition[85223:118479367] INFO: scanning:(2) $HOME/Library/Application Support/Steam/steamapps/common/Baldur's Gate II Enhanced Edition/sounds
2026-09-04 14:21:18.549 BaldursGateIIEnhancedEdition[85223:118479367] INFO: scanning:(3) $HOME/Library/Application Support/Steam/steamapps/common/Baldur's Gate II Enhanced Edition/lang/en_US/sounds
2026-09-04 14:21:18.549 BaldursGateIIEnhancedEdition[85223:118479367] INFO: scanning:(4) $HOME/Library/Application Support/Steam/steamapps/common/Baldur's Gate II Enhanced Edition/portraits
2026-09-04 14:21:18.549 BaldursGateIIEnhancedEdition[85223:118479367] INFO: scanning:(5) $HOME/Library/Application Support/Steam/steamapps/common/Baldur's Gate II Enhanced Edition/characters
2026-09-04 14:21:18.549 BaldursGateIIEnhancedEdition[85223:118479367] INFO: scanning:(6) $HOME/Library/Application Support/Steam/steamapps/common/Baldur's Gate II Enhanced Edition/movies
2026-09-04 14:21:18.549 BaldursGateIIEnhancedEdition[85223:118479367] INFO: scanning:(7) $HOME/Library/Application Support/Steam/steamapps/common/Baldur's Gate II Enhanced Edition/lang/en_US/movies
2026-09-04 14:21:18.549 BaldursGateIIEnhancedEdition[85223:118479367] INFO: scanning:(8) $HOME/Documents/Baldur's Gate II - Enhanced Edition/override
2026-09-04 14:21:18.549 BaldursGateIIEnhancedEdition[85223:118479367] INFO: scanning:(9) $HOME/Documents/Baldur's Gate II - Enhanced Edition/scripts
2026-09-04 14:21:18.549 BaldursGateIIEnhancedEdition[85223:118479367] INFO: scanning:(10) $HOME/Documents/Baldur's Gate II - Enhanced Edition/sounds
2026-09-04 14:21:18.549 BaldursGateIIEnhancedEdition[85223:118479367] INFO: scanning:(11) $HOME/Documents/Baldur's Gate II - Enhanced Edition/portraits
2026-09-04 14:21:18.549 BaldursGateIIEnhancedEdition[85223:118479367] INFO: scanning:(12) $HOME/Documents/Baldur's Gate II - Enhanced Edition/characters
2026-09-04 14:21:18.549 BaldursGateIIEnhancedEdition[85223:118479367] INFO: scanning:(13) $HOME/Documents/Baldur's Gate II - Enhanced Edition/movies
2026-09-04 14:21:18.550 BaldursGateIIEnhancedEdition[85223:118479367] INFO: LUA: A7LOG	871	12622680	1203858	Day 1, Hour 22 (3 Mirtul, 1369)	WORLD_QUICKLOOT	^0xff0cff3fQuick save successful.^-
2026-09-04 14:21:21.288 BaldursGateIIEnhancedEdition[85223:118479367] INFO: LUA: A7LOG	872	12625080	1206596	Day 1, Hour 22 (3 Mirtul, 1369)	WORLD_QUICKLOOT	^0xffd6bd9fJaheira^-: ^0xffd7c8a0Trap Sprung^-
2026-09-04 14:21:21.360 BaldursGateIIEnhancedEdition[85223:118479367] INFO: sAchieveID=NONE,m_sGlobalName=SPRITE_IS_DEADjaheira,m_nValue=1
2026-09-04 14:21:21.360 BaldursGateIIEnhancedEdition[85223:118479367] INFO: sAchieveID=NONE,m_sGlobalName=SPRITE_IS_DEADPLAYER3,m_nValue=1
2026-09-04 14:21:21.362 BaldursGateIIEnhancedEdition[85223:118479367] INFO: LUA: A7LOG	873	12625080	1206670	Day 1, Hour 22 (3 Mirtul, 1369)	WORLD_QUICKLOOT	^0xffd6bd9fJaheira^-: ^0xffbed7d7Damage Taken (92)^-
2026-09-04 14:21:21.362 BaldursGateIIEnhancedEdition[85223:118479367] INFO: LUA: A7LOG	874	12625080	1206670	Day 1, Hour 22 (3 Mirtul, 1369)	WORLD_QUICKLOOT	^0xffd6bd9fJaheira^-: ^0xffbed7d7Death^-
2026-09-04 14:21:21.362 BaldursGateIIEnhancedEdition[85223:118479367] INFO: LUA: A7LOG	875	12625080	1206670	Day 1, Hour 22 (3 Mirtul, 1369)	WORLD_QUICKLOOT	^0xff0000ffPAUSED^-
2026-09-04 14:21:21.390 BaldursGateIIEnhancedEdition[85223:118479367] INFO: LUA: A7LOG	876	12625080	1206698	Day 1, Hour 22 (3 Mirtul, 1369)	WORLD_QUICKLOOT	^0xffd6bd9fJaheira^-: ^0xffbed7d7Auto-Paused: Dead^-
2026-09-04 14:21:25.592 BaldursGateIIEnhancedEdition[85223:118479367] INFO: scanning:(0) $HOME/Library/Application Support/Steam/steamapps/common/Baldur's Gate II Enhanced Edition/override
2026-09-04 14:21:25.606 BaldursGateIIEnhancedEdition[85223:118479367] INFO: scanning:(1) $HOME/Library/Application Support/Steam/steamapps/common/Baldur's Gate II Enhanced Edition/scripts
2026-09-04 14:21:25.607 BaldursGateIIEnhancedEdition[85223:118479367] INFO: scanning:(2) $HOME/Library/Application Support/Steam/steamapps/common/Baldur's Gate II Enhanced Edition/sounds
2026-09-04 14:21:25.607 BaldursGateIIEnhancedEdition[85223:118479367] INFO: scanning:(3) $HOME/Library/Application Support/Steam/steamapps/common/Baldur's Gate II Enhanced Edition/lang/en_US/sounds
2026-09-04 14:21:25.609 BaldursGateIIEnhancedEdition[85223:118479367] INFO: scanning:(4) $HOME/Library/Application Support/Steam/steamapps/common/Baldur's Gate II Enhanced Edition/portraits
2026-09-04 14:21:25.609 BaldursGateIIEnhancedEdition[85223:118479367] INFO: scanning:(5) $HOME/Library/Application Support/Steam/steamapps/common/Baldur's Gate II Enhanced Edition/characters
2026-09-04 14:21:25.609 BaldursGateIIEnhancedEdition[85223:118479367] INFO: scanning:(6) $HOME/Library/Application Support/Steam/steamapps/common/Baldur's Gate II Enhanced Edition/movies
2026-09-04 14:21:25.609 BaldursGateIIEnhancedEdition[85223:118479367] INFO: scanning:(7) $HOME/Library/Application Support/Steam/steamapps/common/Baldur's Gate II Enhanced Edition/lang/en_US/movies
2026-09-04 14:21:25.609 BaldursGateIIEnhancedEdition[85223:118479367] INFO: scanning:(8) $HOME/Documents/Baldur's Gate II - Enhanced Edition/override
2026-09-04 14:21:25.609 BaldursGateIIEnhancedEdition[85223:118479367] INFO: scanning:(9) $HOME/Documents/Baldur's Gate II - Enhanced Edition/scripts
2026-09-04 14:21:25.609 BaldursGateIIEnhancedEdition[85223:118479367] INFO: scanning:(10) $HOME/Documents/Baldur's Gate II - Enhanced Edition/sounds
2026-09-04 14:21:25.609 BaldursGateIIEnhancedEdition[85223:118479367] INFO: scanning:(11) $HOME/Documents/Baldur's Gate II - Enhanced Edition/portraits
2026-09-04 14:21:25.609 BaldursGateIIEnhancedEdition[85223:118479367] INFO: scanning:(12) $HOME/Documents/Baldur's Gate II - Enhanced Edition/characters
2026-09-04 14:21:25.609 BaldursGateIIEnhancedEdition[85223:118479367] INFO: scanning:(13) $HOME/Documents/Baldur's Gate II - Enhanced Edition/movies
2026-09-04 14:21:27.256 BaldursGateIIEnhancedEdition[85223:118479367] INFO: LUA: Initializing Quests
2026-09-04 14:21:27.314 BaldursGateIIEnhancedEdition[85223:118479367] INFO: LUA: Initializing Quests
2026-09-04 14:21:27.330 BaldursGateIIEnhancedEdition[85223:118479367] INFO: sAchieveID=NONE,m_sGlobalName=GameDifficulty,m_nValue=6
2026-09-04 14:21:27.330 BaldursGateIIEnhancedEdition[85223:118479367] INFO: sAchieveID=NONE,m_sGlobalName=GameDifficulty,m_nValue=6
2026-09-04 14:21:27.330 BaldursGateIIEnhancedEdition[85223:118479367] INFO: sAchieveID=NONE,m_sGlobalName=GameDifficulty,m_nValue=6
2026-09-04 14:21:28.922 BaldursGateIIEnhancedEdition[85223:118479367] INFO: LUA: A7LOG	877	12623820	1214229	Day 1, Hour 22 (3 Mirtul, 1369)	WORLD_QUICKLOOT	^0xffcb967dBooprikt^-: ^0xffd7c8a0Hmm?^-
2026-09-04 14:21:31.252 BaldursGateIIEnhancedEdition[85223:118479367] INFO: LUA: A7LOG	878	12625860	1216560	Day 1, Hour 22 (3 Mirtul, 1369)	WORLD_QUICKLOOT	^0xffd6bd9fJaheira^-: ^0xffd7c8a0Nature's servant awaits.^-
2026-09-04 14:21:31.983 BaldursGateIIEnhancedEdition[85223:118479367] INFO: LUA: A7LOG	879	12626520	1217291	Day 1, Hour 22 (3 Mirtul, 1369)	WORLD_QUICKLOOT	^0xffd6bd9fJaheira^-: ^0xffd7c8a0It is done.^-
2026-09-04 14:21:35.313 BaldursGateIIEnhancedEdition[85223:118479367] INFO: LUA: A7LOG	880	12629400	1220621	Day 1, Hour 22 (3 Mirtul, 1369)	WORLD_QUICKLOOT	^0xffcb967dBooprikt^-: ^0xffd7c8a0I'm waiting.^-
2026-09-04 14:21:36.069 BaldursGateIIEnhancedEdition[85223:118479367] INFO: LUA: A7LOG	881	12630060	1221377	Day 1, Hour 22 (3 Mirtul, 1369)	WORLD_QUICKLOOT	^0xffffb3f3Imoen^-: ^0xffd7c8a0Yep?^-
2026-09-04 14:21:37.127 BaldursGateIIEnhancedEdition[85223:118479367] INFO: LUA: A7LOG	882	12631020	1222435	Day 1, Hour 22 (3 Mirtul, 1369)	WORLD_QUICKLOOT	^0xffcb967dBooprikt^-: ^0xffd7c8a0Yes?^-
2026-09-04 14:21:37.650 BaldursGateIIEnhancedEdition[85223:118479367] INFO: LUA: A7LOG	883	12631440	1222958	Day 1, Hour 22 (3 Mirtul, 1369)	WORLD_QUICKLOOT	^0xffcb967dBooprikt^-: ^0xffd7c8a0Nothing to it.^-
2026-09-04 14:21:40.509 BaldursGateIIEnhancedEdition[85223:118479367] INFO: LUA: A7LOG	884	12633900	1225817	Day 1, Hour 22 (3 Mirtul, 1369)	WORLD_QUICKLOOT	^0xffcb967dBooprikt^-: ^0xffbed7d7Trap Detected^-
2026-09-04 14:21:40.509 BaldursGateIIEnhancedEdition[85223:118479367] INFO: LUA: A7LOG	885	12633900	1225817	Day 1, Hour 22 (3 Mirtul, 1369)	WORLD_QUICKLOOT	^0xff0000ffPAUSED^-
2026-09-04 14:21:40.541 BaldursGateIIEnhancedEdition[85223:118479367] INFO: LUA: A7LOG	886	12633900	1225849	Day 1, Hour 22 (3 Mirtul, 1369)	WORLD_QUICKLOOT	^0xffcb967dBooprikt^-: ^0xffbed7d7Auto-Paused: Trap Found^-
2026-09-04 14:21:42.142 BaldursGateIIEnhancedEdition[85223:118479367] INFO: LUA: A7LOG	887	12633900	1227450	Day 1, Hour 22 (3 Mirtul, 1369)	WORLD_QUICKLOOT	^0xffcb967dBooprikt^-: ^0xffbed7d7Stopped Detecting Traps / Illusions^-
2026-09-04 14:21:44.592 BaldursGateIIEnhancedEdition[85223:118479367] INFO: LUA: A7LOG	888	12633960	1229900	Day 1, Hour 22 (3 Mirtul, 1369)	WORLD_QUICKLOOT	^0xff0000ffUNPAUSED^-
2026-09-04 14:21:45.278 BaldursGateIIEnhancedEdition[85223:118479367] INFO: LUA: A7LOG	889	12634560	1230585	Day 1, Hour 22 (3 Mirtul, 1369)	WORLD_QUICKLOOT	^0xffcb967dBooprikt^-: ^0xffbed7d7Trap Disarmed^-
2026-09-04 14:21:45.308 BaldursGateIIEnhancedEdition[85223:118479367] INFO: LUA: A7LOG	890	12634560	1230616	Day 1, Hour 22 (3 Mirtul, 1369)	WORLD_QUICKLOOT	^0xffc8ffc8The Party Has Gained Experience: 1750^-
2026-09-04 14:21:46.714 BaldursGateIIEnhancedEdition[85223:118479367] INFO: LUA: A7LOG	891	12635820	1232022	Day 1, Hour 22 (3 Mirtul, 1369)	WORLD_QUICKLOOT	^0xffcb967dBooprikt^-: ^0xffbed7d7Detecting Traps / Illusions^-
2026-09-04 14:21:46.965 BaldursGateIIEnhancedEdition[85223:118479367] INFO: LUA: A7LOG	892	12636000	1232273	Day 1, Hour 22 (3 Mirtul, 1369)	WORLD_QUICKLOOT	^0xffffb3f3Imoen^-: ^0xffd7c8a0This place is just too darn creepy. I really want out of here.^-
2026-09-04 14:21:48.388 BaldursGateIIEnhancedEdition[85223:118479367] INFO: scanning:(0) $HOME/Library/Application Support/Steam/steamapps/common/Baldur's Gate II Enhanced Edition/override
2026-09-04 14:21:48.392 BaldursGateIIEnhancedEdition[85223:118479367] INFO: scanning:(1) $HOME/Library/Application Support/Steam/steamapps/common/Baldur's Gate II Enhanced Edition/scripts
2026-09-04 14:21:48.393 BaldursGateIIEnhancedEdition[85223:118479367] INFO: scanning:(2) $HOME/Library/Application Support/Steam/steamapps/common/Baldur's Gate II Enhanced Edition/sounds
2026-09-04 14:21:48.393 BaldursGateIIEnhancedEdition[85223:118479367] INFO: scanning:(3) $HOME/Library/Application Support/Steam/steamapps/common/Baldur's Gate II Enhanced Edition/lang/en_US/sounds
2026-09-04 14:21:48.393 BaldursGateIIEnhancedEdition[85223:118479367] INFO: scanning:(4) $HOME/Library/Application Support/Steam/steamapps/common/Baldur's Gate II Enhanced Edition/portraits
2026-09-04 14:21:48.393 BaldursGateIIEnhancedEdition[85223:118479367] INFO: scanning:(5) $HOME/Library/Application Support/Steam/steamapps/common/Baldur's Gate II Enhanced Edition/characters
2026-09-04 14:21:48.393 BaldursGateIIEnhancedEdition[85223:118479367] INFO: scanning:(6) $HOME/Library/Application Support/Steam/steamapps/common/Baldur's Gate II Enhanced Edition/movies
2026-09-04 14:21:48.393 BaldursGateIIEnhancedEdition[85223:118479367] INFO: scanning:(7) $HOME/Library/Application Support/Steam/steamapps/common/Baldur's Gate II Enhanced Edition/lang/en_US/movies
2026-09-04 14:21:48.393 BaldursGateIIEnhancedEdition[85223:118479367] INFO: scanning:(8) $HOME/Documents/Baldur's Gate II - Enhanced Edition/override
2026-09-04 14:21:48.394 BaldursGateIIEnhancedEdition[85223:118479367] INFO: scanning:(9) $HOME/Documents/Baldur's Gate II - Enhanced Edition/scripts
2026-09-04 14:21:48.394 BaldursGateIIEnhancedEdition[85223:118479367] INFO: scanning:(10) $HOME/Documents/Baldur's Gate II - Enhanced Edition/sounds
2026-09-04 14:21:48.394 BaldursGateIIEnhancedEdition[85223:118479367] INFO: scanning:(11) $HOME/Documents/Baldur's Gate II - Enhanced Edition/portraits
2026-09-04 14:21:48.394 BaldursGateIIEnhancedEdition[85223:118479367] INFO: scanning:(12) $HOME/Documents/Baldur's Gate II - Enhanced Edition/characters
2026-09-04 14:21:48.394 BaldursGateIIEnhancedEdition[85223:118479367] INFO: scanning:(13) $HOME/Documents/Baldur's Gate II - Enhanced Edition/movies
2026-09-04 14:21:48.420 BaldursGateIIEnhancedEdition[85223:118479367] INFO: scanning:(0) $HOME/Library/Application Support/Steam/steamapps/common/Baldur's Gate II Enhanced Edition/override
2026-09-04 14:21:48.422 BaldursGateIIEnhancedEdition[85223:118479367] INFO: scanning:(1) $HOME/Library/Application Support/Steam/steamapps/common/Baldur's Gate II Enhanced Edition/scripts
2026-09-04 14:21:48.422 BaldursGateIIEnhancedEdition[85223:118479367] INFO: scanning:(2) $HOME/Library/Application Support/Steam/steamapps/common/Baldur's Gate II Enhanced Edition/sounds
2026-09-04 14:21:48.422 BaldursGateIIEnhancedEdition[85223:118479367] INFO: scanning:(3) $HOME/Library/Application Support/Steam/steamapps/common/Baldur's Gate II Enhanced Edition/lang/en_US/sounds
2026-09-04 14:21:48.422 BaldursGateIIEnhancedEdition[85223:118479367] INFO: scanning:(4) $HOME/Library/Application Support/Steam/steamapps/common/Baldur's Gate II Enhanced Edition/portraits
2026-09-04 14:21:48.422 BaldursGateIIEnhancedEdition[85223:118479367] INFO: scanning:(5) $HOME/Library/Application Support/Steam/steamapps/common/Baldur's Gate II Enhanced Edition/characters
2026-09-04 14:21:48.422 BaldursGateIIEnhancedEdition[85223:118479367] INFO: scanning:(6) $HOME/Library/Application Support/Steam/steamapps/common/Baldur's Gate II Enhanced Edition/movies
2026-09-04 14:21:48.422 BaldursGateIIEnhancedEdition[85223:118479367] INFO: scanning:(7) $HOME/Library/Application Support/Steam/steamapps/common/Baldur's Gate II Enhanced Edition/lang/en_US/movies
2026-09-04 14:21:48.422 BaldursGateIIEnhancedEdition[85223:118479367] INFO: scanning:(8) $HOME/Documents/Baldur's Gate II - Enhanced Edition/override
2026-09-04 14:21:48.422 BaldursGateIIEnhancedEdition[85223:118479367] INFO: scanning:(9) $HOME/Documents/Baldur's Gate II - Enhanced Edition/scripts
2026-09-04 14:21:48.422 BaldursGateIIEnhancedEdition[85223:118479367] INFO: scanning:(10) $HOME/Documents/Baldur's Gate II - Enhanced Edition/sounds
2026-09-04 14:21:48.422 BaldursGateIIEnhancedEdition[85223:118479367] INFO: scanning:(11) $HOME/Documents/Baldur's Gate II - Enhanced Edition/portraits
2026-09-04 14:21:48.422 BaldursGateIIEnhancedEdition[85223:118479367] INFO: scanning:(12) $HOME/Documents/Baldur's Gate II - Enhanced Edition/characters
2026-09-04 14:21:48.422 BaldursGateIIEnhancedEdition[85223:118479367] INFO: scanning:(13) $HOME/Documents/Baldur's Gate II - Enhanced Edition/movies
2026-09-04 14:21:48.423 BaldursGateIIEnhancedEdition[85223:118479367] INFO: scanning:(0) $HOME/Library/Application Support/Steam/steamapps/common/Baldur's Gate II Enhanced Edition/override
2026-09-04 14:21:48.425 BaldursGateIIEnhancedEdition[85223:118479367] INFO: scanning:(1) $HOME/Library/Application Support/Steam/steamapps/common/Baldur's Gate II Enhanced Edition/scripts
2026-09-04 14:21:48.425 BaldursGateIIEnhancedEdition[85223:118479367] INFO: scanning:(2) $HOME/Library/Application Support/Steam/steamapps/common/Baldur's Gate II Enhanced Edition/sounds
2026-09-04 14:21:48.425 BaldursGateIIEnhancedEdition[85223:118479367] INFO: scanning:(3) $HOME/Library/Application Support/Steam/steamapps/common/Baldur's Gate II Enhanced Edition/lang/en_US/sounds
2026-09-04 14:21:48.425 BaldursGateIIEnhancedEdition[85223:118479367] INFO: scanning:(4) $HOME/Library/Application Support/Steam/steamapps/common/Baldur's Gate II Enhanced Edition/portraits
2026-09-04 14:21:48.425 BaldursGateIIEnhancedEdition[85223:118479367] INFO: scanning:(5) $HOME/Library/Application Support/Steam/steamapps/common/Baldur's Gate II Enhanced Edition/characters
2026-09-04 14:21:48.425 BaldursGateIIEnhancedEdition[85223:118479367] INFO: scanning:(6) $HOME/Library/Application Support/Steam/steamapps/common/Baldur's Gate II Enhanced Edition/movies
2026-09-04 14:21:48.425 BaldursGateIIEnhancedEdition[85223:118479367] INFO: scanning:(7) $HOME/Library/Application Support/Steam/steamapps/common/Baldur's Gate II Enhanced Edition/lang/en_US/movies
2026-09-04 14:21:48.425 BaldursGateIIEnhancedEdition[85223:118479367] INFO: scanning:(8) $HOME/Documents/Baldur's Gate II - Enhanced Edition/override
2026-09-04 14:21:48.425 BaldursGateIIEnhancedEdition[85223:118479367] INFO: scanning:(9) $HOME/Documents/Baldur's Gate II - Enhanced Edition/scripts
2026-09-04 14:21:48.425 BaldursGateIIEnhancedEdition[85223:118479367] INFO: scanning:(10) $HOME/Documents/Baldur's Gate II - Enhanced Edition/sounds
2026-09-04 14:21:48.425 BaldursGateIIEnhancedEdition[85223:118479367] INFO: scanning:(11) $HOME/Documents/Baldur's Gate II - Enhanced Edition/portraits
2026-09-04 14:21:48.425 BaldursGateIIEnhancedEdition[85223:118479367] INFO: scanning:(12) $HOME/Documents/Baldur's Gate II - Enhanced Edition/characters
2026-09-04 14:21:48.425 BaldursGateIIEnhancedEdition[85223:118479367] INFO: scanning:(13) $HOME/Documents/Baldur's Gate II - Enhanced Edition/movies
2026-09-04 14:21:48.427 BaldursGateIIEnhancedEdition[85223:118479367] INFO: scanning:(0) $HOME/Library/Application Support/Steam/steamapps/common/Baldur's Gate II Enhanced Edition/override
2026-09-04 14:21:48.428 BaldursGateIIEnhancedEdition[85223:118479367] INFO: scanning:(1) $HOME/Library/Application Support/Steam/steamapps/common/Baldur's Gate II Enhanced Edition/scripts
2026-09-04 14:21:48.428 BaldursGateIIEnhancedEdition[85223:118479367] INFO: scanning:(2) $HOME/Library/Application Support/Steam/steamapps/common/Baldur's Gate II Enhanced Edition/sounds
2026-09-04 14:21:48.428 BaldursGateIIEnhancedEdition[85223:118479367] INFO: scanning:(3) $HOME/Library/Application Support/Steam/steamapps/common/Baldur's Gate II Enhanced Edition/lang/en_US/sounds
2026-09-04 14:21:48.428 BaldursGateIIEnhancedEdition[85223:118479367] INFO: scanning:(4) $HOME/Library/Application Support/Steam/steamapps/common/Baldur's Gate II Enhanced Edition/portraits
2026-09-04 14:21:48.428 BaldursGateIIEnhancedEdition[85223:118479367] INFO: scanning:(5) $HOME/Library/Application Support/Steam/steamapps/common/Baldur's Gate II Enhanced Edition/characters
2026-09-04 14:21:48.428 BaldursGateIIEnhancedEdition[85223:118479367] INFO: scanning:(6) $HOME/Library/Application Support/Steam/steamapps/common/Baldur's Gate II Enhanced Edition/movies
2026-09-04 14:21:48.428 BaldursGateIIEnhancedEdition[85223:118479367] INFO: scanning:(7) $HOME/Library/Application Support/Steam/steamapps/common/Baldur's Gate II Enhanced Edition/lang/en_US/movies
2026-09-04 14:21:48.428 BaldursGateIIEnhancedEdition[85223:118479367] INFO: scanning:(8) $HOME/Documents/Baldur's Gate II - Enhanced Edition/override
2026-09-04 14:21:48.428 BaldursGateIIEnhancedEdition[85223:118479367] INFO: scanning:(9) $HOME/Documents/Baldur's Gate II - Enhanced Edition/scripts
2026-09-04 14:21:48.428 BaldursGateIIEnhancedEdition[85223:118479367] INFO: scanning:(10) $HOME/Documents/Baldur's Gate II - Enhanced Edition/sounds
2026-09-04 14:21:48.428 BaldursGateIIEnhancedEdition[85223:118479367] INFO: scanning:(11) $HOME/Documents/Baldur's Gate II - Enhanced Edition/portraits
2026-09-04 14:21:48.428 BaldursGateIIEnhancedEdition[85223:118479367] INFO: scanning:(12) $HOME/Documents/Baldur's Gate II - Enhanced Edition/characters
2026-09-04 14:21:48.428 BaldursGateIIEnhancedEdition[85223:118479367] INFO: scanning:(13) $HOME/Documents/Baldur's Gate II - Enhanced Edition/movies
2026-09-04 14:21:48.430 BaldursGateIIEnhancedEdition[85223:118479367] INFO: scanning:(0) $HOME/Library/Application Support/Steam/steamapps/common/Baldur's Gate II Enhanced Edition/override
2026-09-04 14:21:48.431 BaldursGateIIEnhancedEdition[85223:118479367] INFO: scanning:(1) $HOME/Library/Application Support/Steam/steamapps/common/Baldur's Gate II Enhanced Edition/scripts
2026-09-04 14:21:48.431 BaldursGateIIEnhancedEdition[85223:118479367] INFO: scanning:(2) $HOME/Library/Application Support/Steam/steamapps/common/Baldur's Gate II Enhanced Edition/sounds
2026-09-04 14:21:48.431 BaldursGateIIEnhancedEdition[85223:118479367] INFO: scanning:(3) $HOME/Library/Application Support/Steam/steamapps/common/Baldur's Gate II Enhanced Edition/lang/en_US/sounds
2026-09-04 14:21:48.431 BaldursGateIIEnhancedEdition[85223:118479367] INFO: scanning:(4) $HOME/Library/Application Support/Steam/steamapps/common/Baldur's Gate II Enhanced Edition/portraits
2026-09-04 14:21:48.431 BaldursGateIIEnhancedEdition[85223:118479367] INFO: scanning:(5) $HOME/Library/Application Support/Steam/steamapps/common/Baldur's Gate II Enhanced Edition/characters
2026-09-04 14:21:48.431 BaldursGateIIEnhancedEdition[85223:118479367] INFO: scanning:(6) $HOME/Library/Application Support/Steam/steamapps/common/Baldur's Gate II Enhanced Edition/movies
2026-09-04 14:21:48.431 BaldursGateIIEnhancedEdition[85223:118479367] INFO: scanning:(7) $HOME/Library/Application Support/Steam/steamapps/common/Baldur's Gate II Enhanced Edition/lang/en_US/movies
2026-09-04 14:21:48.431 BaldursGateIIEnhancedEdition[85223:118479367] INFO: scanning:(8) $HOME/Documents/Baldur's Gate II - Enhanced Edition/override
2026-09-04 14:21:48.431 BaldursGateIIEnhancedEdition[85223:118479367] INFO: scanning:(9) $HOME/Documents/Baldur's Gate II - Enhanced Edition/scripts
2026-09-04 14:21:48.431 BaldursGateIIEnhancedEdition[85223:118479367] INFO: scanning:(10) $HOME/Documents/Baldur's Gate II - Enhanced Edition/sounds
2026-09-04 14:21:48.431 BaldursGateIIEnhancedEdition[85223:118479367] INFO: scanning:(11) $HOME/Documents/Baldur's Gate II - Enhanced Edition/portraits
2026-09-04 14:21:48.431 BaldursGateIIEnhancedEdition[85223:118479367] INFO: scanning:(12) $HOME/Documents/Baldur's Gate II - Enhanced Edition/characters
2026-09-04 14:21:48.431 BaldursGateIIEnhancedEdition[85223:118479367] INFO: scanning:(13) $HOME/Documents/Baldur's Gate II - Enhanced Edition/movies
2026-09-04 14:21:48.440 BaldursGateIIEnhancedEdition[85223:118479367] INFO: scanning:(0) $HOME/Library/Application Support/Steam/steamapps/common/Baldur's Gate II Enhanced Edition/override
2026-09-04 14:21:48.442 BaldursGateIIEnhancedEdition[85223:118479367] INFO: scanning:(1) $HOME/Library/Application Support/Steam/steamapps/common/Baldur's Gate II Enhanced Edition/scripts
2026-09-04 14:21:48.442 BaldursGateIIEnhancedEdition[85223:118479367] INFO: scanning:(2) $HOME/Library/Application Support/Steam/steamapps/common/Baldur's Gate II Enhanced Edition/sounds
2026-09-04 14:21:48.442 BaldursGateIIEnhancedEdition[85223:118479367] INFO: scanning:(3) $HOME/Library/Application Support/Steam/steamapps/common/Baldur's Gate II Enhanced Edition/lang/en_US/sounds
2026-09-04 14:21:48.442 BaldursGateIIEnhancedEdition[85223:118479367] INFO: scanning:(4) $HOME/Library/Application Support/Steam/steamapps/common/Baldur's Gate II Enhanced Edition/portraits
2026-09-04 14:21:48.442 BaldursGateIIEnhancedEdition[85223:118479367] INFO: scanning:(5) $HOME/Library/Application Support/Steam/steamapps/common/Baldur's Gate II Enhanced Edition/characters
2026-09-04 14:21:48.442 BaldursGateIIEnhancedEdition[85223:118479367] INFO: scanning:(6) $HOME/Library/Application Support/Steam/steamapps/common/Baldur's Gate II Enhanced Edition/movies
2026-09-04 14:21:48.442 BaldursGateIIEnhancedEdition[85223:118479367] INFO: scanning:(7) $HOME/Library/Application Support/Steam/steamapps/common/Baldur's Gate II Enhanced Edition/lang/en_US/movies
2026-09-04 14:21:48.442 BaldursGateIIEnhancedEdition[85223:118479367] INFO: scanning:(8) $HOME/Documents/Baldur's Gate II - Enhanced Edition/override
2026-09-04 14:21:48.442 BaldursGateIIEnhancedEdition[85223:118479367] INFO: scanning:(9) $HOME/Documents/Baldur's Gate II - Enhanced Edition/scripts
2026-09-04 14:21:48.442 BaldursGateIIEnhancedEdition[85223:118479367] INFO: scanning:(10) $HOME/Documents/Baldur's Gate II - Enhanced Edition/sounds
2026-09-04 14:21:48.442 BaldursGateIIEnhancedEdition[85223:118479367] INFO: scanning:(11) $HOME/Documents/Baldur's Gate II - Enhanced Edition/portraits
2026-09-04 14:21:48.442 BaldursGateIIEnhancedEdition[85223:118479367] INFO: scanning:(12) $HOME/Documents/Baldur's Gate II - Enhanced Edition/characters
2026-09-04 14:21:48.442 BaldursGateIIEnhancedEdition[85223:118479367] INFO: scanning:(13) $HOME/Documents/Baldur's Gate II - Enhanced Edition/movies
2026-09-04 14:21:48.443 BaldursGateIIEnhancedEdition[85223:118479367] INFO: scanning:(0) $HOME/Library/Application Support/Steam/steamapps/common/Baldur's Gate II Enhanced Edition/override
2026-09-04 14:21:48.445 BaldursGateIIEnhancedEdition[85223:118479367] INFO: scanning:(1) $HOME/Library/Application Support/Steam/steamapps/common/Baldur's Gate II Enhanced Edition/scripts
2026-09-04 14:21:48.445 BaldursGateIIEnhancedEdition[85223:118479367] INFO: scanning:(2) $HOME/Library/Application Support/Steam/steamapps/common/Baldur's Gate II Enhanced Edition/sounds
2026-09-04 14:21:48.445 BaldursGateIIEnhancedEdition[85223:118479367] INFO: scanning:(3) $HOME/Library/Application Support/Steam/steamapps/common/Baldur's Gate II Enhanced Edition/lang/en_US/sounds
2026-09-04 14:21:48.445 BaldursGateIIEnhancedEdition[85223:118479367] INFO: scanning:(4) $HOME/Library/Application Support/Steam/steamapps/common/Baldur's Gate II Enhanced Edition/portraits
2026-09-04 14:21:48.445 BaldursGateIIEnhancedEdition[85223:118479367] INFO: scanning:(5) $HOME/Library/Application Support/Steam/steamapps/common/Baldur's Gate II Enhanced Edition/characters
2026-09-04 14:21:48.445 BaldursGateIIEnhancedEdition[85223:118479367] INFO: scanning:(6) $HOME/Library/Application Support/Steam/steamapps/common/Baldur's Gate II Enhanced Edition/movies
2026-09-04 14:21:48.445 BaldursGateIIEnhancedEdition[85223:118479367] INFO: scanning:(7) $HOME/Library/Application Support/Steam/steamapps/common/Baldur's Gate II Enhanced Edition/lang/en_US/movies
2026-09-04 14:21:48.445 BaldursGateIIEnhancedEdition[85223:118479367] INFO: scanning:(8) $HOME/Documents/Baldur's Gate II - Enhanced Edition/override
2026-09-04 14:21:48.445 BaldursGateIIEnhancedEdition[85223:118479367] INFO: scanning:(9) $HOME/Documents/Baldur's Gate II - Enhanced Edition/scripts
2026-09-04 14:21:48.445 BaldursGateIIEnhancedEdition[85223:118479367] INFO: scanning:(10) $HOME/Documents/Baldur's Gate II - Enhanced Edition/sounds
2026-09-04 14:21:48.445 BaldursGateIIEnhancedEdition[85223:118479367] INFO: scanning:(11) $HOME/Documents/Baldur's Gate II - Enhanced Edition/portraits
2026-09-04 14:21:48.445 BaldursGateIIEnhancedEdition[85223:118479367] INFO: scanning:(12) $HOME/Documents/Baldur's Gate II - Enhanced Edition/characters
2026-09-04 14:21:48.445 BaldursGateIIEnhancedEdition[85223:118479367] INFO: scanning:(13) $HOME/Documents/Baldur's Gate II - Enhanced Edition/movies
2026-09-04 14:21:48.446 BaldursGateIIEnhancedEdition[85223:118479367] INFO: scanning:(0) $HOME/Library/Application Support/Steam/steamapps/common/Baldur's Gate II Enhanced Edition/override
2026-09-04 14:21:48.448 BaldursGateIIEnhancedEdition[85223:118479367] INFO: scanning:(1) $HOME/Library/Application Support/Steam/steamapps/common/Baldur's Gate II Enhanced Edition/scripts
2026-09-04 14:21:48.448 BaldursGateIIEnhancedEdition[85223:118479367] INFO: scanning:(2) $HOME/Library/Application Support/Steam/steamapps/common/Baldur's Gate II Enhanced Edition/sounds
2026-09-04 14:21:48.448 BaldursGateIIEnhancedEdition[85223:118479367] INFO: scanning:(3) $HOME/Library/Application Support/Steam/steamapps/common/Baldur's Gate II Enhanced Edition/lang/en_US/sounds
2026-09-04 14:21:48.448 BaldursGateIIEnhancedEdition[85223:118479367] INFO: scanning:(4) $HOME/Library/Application Support/Steam/steamapps/common/Baldur's Gate II Enhanced Edition/portraits
2026-09-04 14:21:48.448 BaldursGateIIEnhancedEdition[85223:118479367] INFO: scanning:(5) $HOME/Library/Application Support/Steam/steamapps/common/Baldur's Gate II Enhanced Edition/characters
2026-09-04 14:21:48.448 BaldursGateIIEnhancedEdition[85223:118479367] INFO: scanning:(6) $HOME/Library/Application Support/Steam/steamapps/common/Baldur's Gate II Enhanced Edition/movies
2026-09-04 14:21:48.448 BaldursGateIIEnhancedEdition[85223:118479367] INFO: scanning:(7) $HOME/Library/Application Support/Steam/steamapps/common/Baldur's Gate II Enhanced Edition/lang/en_US/movies
2026-09-04 14:21:48.448 BaldursGateIIEnhancedEdition[85223:118479367] INFO: scanning:(8) $HOME/Documents/Baldur's Gate II - Enhanced Edition/override
2026-09-04 14:21:48.448 BaldursGateIIEnhancedEdition[85223:118479367] INFO: scanning:(9) $HOME/Documents/Baldur's Gate II - Enhanced Edition/scripts
2026-09-04 14:21:48.448 BaldursGateIIEnhancedEdition[85223:118479367] INFO: scanning:(10) $HOME/Documents/Baldur's Gate II - Enhanced Edition/sounds
2026-09-04 14:21:48.448 BaldursGateIIEnhancedEdition[85223:118479367] INFO: scanning:(11) $HOME/Documents/Baldur's Gate II - Enhanced Edition/portraits
2026-09-04 14:21:48.448 BaldursGateIIEnhancedEdition[85223:118479367] INFO: scanning:(12) $HOME/Documents/Baldur's Gate II - Enhanced Edition/characters
2026-09-04 14:21:48.448 BaldursGateIIEnhancedEdition[85223:118479367] INFO: scanning:(13) $HOME/Documents/Baldur's Gate II - Enhanced Edition/movies
2026-09-04 14:21:48.449 BaldursGateIIEnhancedEdition[85223:118479367] INFO: scanning:(0) $HOME/Library/Application Support/Steam/steamapps/common/Baldur's Gate II Enhanced Edition/override
2026-09-04 14:21:48.450 BaldursGateIIEnhancedEdition[85223:118479367] INFO: scanning:(1) $HOME/Library/Application Support/Steam/steamapps/common/Baldur's Gate II Enhanced Edition/scripts
2026-09-04 14:21:48.450 BaldursGateIIEnhancedEdition[85223:118479367] INFO: scanning:(2) $HOME/Library/Application Support/Steam/steamapps/common/Baldur's Gate II Enhanced Edition/sounds
2026-09-04 14:21:48.450 BaldursGateIIEnhancedEdition[85223:118479367] INFO: scanning:(3) $HOME/Library/Application Support/Steam/steamapps/common/Baldur's Gate II Enhanced Edition/lang/en_US/sounds
2026-09-04 14:21:48.451 BaldursGateIIEnhancedEdition[85223:118479367] INFO: scanning:(4) $HOME/Library/Application Support/Steam/steamapps/common/Baldur's Gate II Enhanced Edition/portraits
2026-09-04 14:21:48.451 BaldursGateIIEnhancedEdition[85223:118479367] INFO: scanning:(5) $HOME/Library/Application Support/Steam/steamapps/common/Baldur's Gate II Enhanced Edition/characters
2026-09-04 14:21:48.451 BaldursGateIIEnhancedEdition[85223:118479367] INFO: scanning:(6) $HOME/Library/Application Support/Steam/steamapps/common/Baldur's Gate II Enhanced Edition/movies
2026-09-04 14:21:48.451 BaldursGateIIEnhancedEdition[85223:118479367] INFO: scanning:(7) $HOME/Library/Application Support/Steam/steamapps/common/Baldur's Gate II Enhanced Edition/lang/en_US/movies
2026-09-04 14:21:48.451 BaldursGateIIEnhancedEdition[85223:118479367] INFO: scanning:(8) $HOME/Documents/Baldur's Gate II - Enhanced Edition/override
2026-09-04 14:21:48.451 BaldursGateIIEnhancedEdition[85223:118479367] INFO: scanning:(9) $HOME/Documents/Baldur's Gate II - Enhanced Edition/scripts
2026-09-04 14:21:48.451 BaldursGateIIEnhancedEdition[85223:118479367] INFO: scanning:(10) $HOME/Documents/Baldur's Gate II - Enhanced Edition/sounds
2026-09-04 14:21:48.451 BaldursGateIIEnhancedEdition[85223:118479367] INFO: scanning:(11) $HOME/Documents/Baldur's Gate II - Enhanced Edition/portraits
2026-09-04 14:21:48.451 BaldursGateIIEnhancedEdition[85223:118479367] INFO: scanning:(12) $HOME/Documents/Baldur's Gate II - Enhanced Edition/characters
2026-09-04 14:21:48.451 BaldursGateIIEnhancedEdition[85223:118479367] INFO: scanning:(13) $HOME/Documents/Baldur's Gate II - Enhanced Edition/movies
2026-09-04 14:21:48.452 BaldursGateIIEnhancedEdition[85223:118479367] INFO: scanning:(0) $HOME/Library/Application Support/Steam/steamapps/common/Baldur's Gate II Enhanced Edition/override
2026-09-04 14:21:48.453 BaldursGateIIEnhancedEdition[85223:118479367] INFO: scanning:(1) $HOME/Library/Application Support/Steam/steamapps/common/Baldur's Gate II Enhanced Edition/scripts
2026-09-04 14:21:48.453 BaldursGateIIEnhancedEdition[85223:118479367] INFO: scanning:(2) $HOME/Library/Application Support/Steam/steamapps/common/Baldur's Gate II Enhanced Edition/sounds
2026-09-04 14:21:48.453 BaldursGateIIEnhancedEdition[85223:118479367] INFO: scanning:(3) $HOME/Library/Application Support/Steam/steamapps/common/Baldur's Gate II Enhanced Edition/lang/en_US/sounds
2026-09-04 14:21:48.454 BaldursGateIIEnhancedEdition[85223:118479367] INFO: scanning:(4) $HOME/Library/Application Support/Steam/steamapps/common/Baldur's Gate II Enhanced Edition/portraits
2026-09-04 14:21:48.454 BaldursGateIIEnhancedEdition[85223:118479367] INFO: scanning:(5) $HOME/Library/Application Support/Steam/steamapps/common/Baldur's Gate II Enhanced Edition/characters
2026-09-04 14:21:48.454 BaldursGateIIEnhancedEdition[85223:118479367] INFO: scanning:(6) $HOME/Library/Application Support/Steam/steamapps/common/Baldur's Gate II Enhanced Edition/movies
2026-09-04 14:21:48.454 BaldursGateIIEnhancedEdition[85223:118479367] INFO: scanning:(7) $HOME/Library/Application Support/Steam/steamapps/common/Baldur's Gate II Enhanced Edition/lang/en_US/movies
2026-09-04 14:21:48.454 BaldursGateIIEnhancedEdition[85223:118479367] INFO: scanning:(8) $HOME/Documents/Baldur's Gate II - Enhanced Edition/override
2026-09-04 14:21:48.454 BaldursGateIIEnhancedEdition[85223:118479367] INFO: scanning:(9) $HOME/Documents/Baldur's Gate II - Enhanced Edition/scripts
2026-09-04 14:21:48.454 BaldursGateIIEnhancedEdition[85223:118479367] INFO: scanning:(10) $HOME/Documents/Baldur's Gate II - Enhanced Edition/sounds
2026-09-04 14:21:48.454 BaldursGateIIEnhancedEdition[85223:118479367] INFO: scanning:(11) $HOME/Documents/Baldur's Gate II - Enhanced Edition/portraits
2026-09-04 14:21:48.454 BaldursGateIIEnhancedEdition[85223:118479367] INFO: scanning:(12) $HOME/Documents/Baldur's Gate II - Enhanced Edition/characters
2026-09-04 14:21:48.454 BaldursGateIIEnhancedEdition[85223:118479367] INFO: scanning:(13) $HOME/Documents/Baldur's Gate II - Enhanced Edition/movies
2026-09-04 14:21:48.454 BaldursGateIIEnhancedEdition[85223:118479367] INFO: LUA: A7LOG	893	12637260	1233762	Day 1, Hour 22 (3 Mirtul, 1369)	WORLD_QUICKLOOT	^0xff0cff3fQuick save successful.^-
2026-09-04 14:21:52.926 BaldursGateIIEnhancedEdition[85223:118479367] INFO: LUA: A7LOG	894	12641160	1238234	Day 1, Hour 22 (3 Mirtul, 1369)	WORLD_QUICKLOOT	^0xffd6bd9fJaheira^-: ^0xffd7c8a0I await your need.^-
2026-09-04 14:21:53.657 BaldursGateIIEnhancedEdition[85223:118479367] INFO: LUA: A7LOG	895	12641760	1238964	Day 1, Hour 22 (3 Mirtul, 1369)	WORLD_QUICKLOOT	^0xffd6bd9fJaheira^-: ^0xffd7c8a0I am willing.^-
2026-09-04 14:21:58.783 BaldursGateIIEnhancedEdition[85223:118479367] INFO: LUA: A7LOG	896	12646260	1244091	Day 1, Hour 22 (3 Mirtul, 1369)	WORLD_QUICKLOOT	^0xffcb967dBooprikt^-: ^0xffd7c8a0Hmm?^-
2026-09-04 14:21:59.688 BaldursGateIIEnhancedEdition[85223:118479367] INFO: LUA: A7LOG	897	12647040	1244996	Day 1, Hour 22 (3 Mirtul, 1369)	WORLD_QUICKLOOT	^0xffcb967dBooprikt^-: ^0xffbed7d7Stopped Detecting Traps / Illusions^-
2026-09-04 14:22:00.001 BaldursGateIIEnhancedEdition[85223:118479367] INFO: LUA: A7LOG	898	12647340	1245308	Day 1, Hour 22 (3 Mirtul, 1369)	WORLD_QUICKLOOT	^0xffcb967dBooprikt^-: ^0xffbed7d7Detecting Traps / Illusions^-
2026-09-04 14:22:01.587 BaldursGateIIEnhancedEdition[85223:118479367] INFO: LUA: A7LOG	899	12648720	1246894	Day 1, Hour 22 (3 Mirtul, 1369)	WORLD_QUICKLOOT	^0xffcb967dBooprikt^-: ^0xffbed7d7Stopped Detecting Traps / Illusions^-
2026-09-04 14:22:07.852 BaldursGateIIEnhancedEdition[85223:118479367] INFO: LUA: A7LOG	900	12654180	1253160	Day 1, Hour 22 (3 Mirtul, 1369)	WORLD_QUICKLOOT	^0xff0000ffPAUSED^-
2026-09-04 14:22:07.901 BaldursGateIIEnhancedEdition[85223:118479367] INFO: LUA: A7LOG	901	12654180	1253208	Day 1, Hour 22 (3 Mirtul, 1369)	WORLD_QUICKLOOT	^0xffcb967dBooprikt^-: ^0xffbed7d7Casts Animate Dead^-
2026-09-04 14:22:07.901 BaldursGateIIEnhancedEdition[85223:118479367] INFO: LUA: A7LOG	902	12654180	1253208	Day 1, Hour 22 (3 Mirtul, 1369)	WORLD_QUICKLOOT	^0xffcb967dBooprikt^-: ^0xffbed7d7Auto-Paused: Spell Cast^-
2026-09-04 14:22:09.520 BaldursGateIIEnhancedEdition[85223:118479367] INFO: LUA: A7LOG	903	12654180	1254827	Day 1, Hour 22 (3 Mirtul, 1369)	WORLD_QUICKLOOT	^0xff0000ffUNPAUSED^-
2026-09-04 14:22:10.374 BaldursGateIIEnhancedEdition[85223:118479367] INFO: LUA: A7LOG	904	12654960	1255681	Day 1, Hour 22 (3 Mirtul, 1369)	WORLD_QUICKLOOT	^0xffcb967dBooprikt^-: ^0xffbed7d7Detecting Traps / Illusions^-
2026-09-04 14:22:14.898 BaldursGateIIEnhancedEdition[85223:118479367] INFO: scanning:(0) $HOME/Library/Application Support/Steam/steamapps/common/Baldur's Gate II Enhanced Edition/override
2026-09-04 14:22:14.902 BaldursGateIIEnhancedEdition[85223:118479367] INFO: scanning:(1) $HOME/Library/Application Support/Steam/steamapps/common/Baldur's Gate II Enhanced Edition/scripts
2026-09-04 14:22:14.903 BaldursGateIIEnhancedEdition[85223:118479367] INFO: scanning:(2) $HOME/Library/Application Support/Steam/steamapps/common/Baldur's Gate II Enhanced Edition/sounds
2026-09-04 14:22:14.903 BaldursGateIIEnhancedEdition[85223:118479367] INFO: scanning:(3) $HOME/Library/Application Support/Steam/steamapps/common/Baldur's Gate II Enhanced Edition/lang/en_US/sounds
2026-09-04 14:22:14.903 BaldursGateIIEnhancedEdition[85223:118479367] INFO: scanning:(4) $HOME/Library/Application Support/Steam/steamapps/common/Baldur's Gate II Enhanced Edition/portraits
2026-09-04 14:22:14.903 BaldursGateIIEnhancedEdition[85223:118479367] INFO: scanning:(5) $HOME/Library/Application Support/Steam/steamapps/common/Baldur's Gate II Enhanced Edition/characters
2026-09-04 14:22:14.903 BaldursGateIIEnhancedEdition[85223:118479367] INFO: scanning:(6) $HOME/Library/Application Support/Steam/steamapps/common/Baldur's Gate II Enhanced Edition/movies
2026-09-04 14:22:14.903 BaldursGateIIEnhancedEdition[85223:118479367] INFO: scanning:(7) $HOME/Library/Application Support/Steam/steamapps/common/Baldur's Gate II Enhanced Edition/lang/en_US/movies
2026-09-04 14:22:14.903 BaldursGateIIEnhancedEdition[85223:118479367] INFO: scanning:(8) $HOME/Documents/Baldur's Gate II - Enhanced Edition/override
2026-09-04 14:22:14.903 BaldursGateIIEnhancedEdition[85223:118479367] INFO: scanning:(9) $HOME/Documents/Baldur's Gate II - Enhanced Edition/scripts
2026-09-04 14:22:14.903 BaldursGateIIEnhancedEdition[85223:118479367] INFO: scanning:(10) $HOME/Documents/Baldur's Gate II - Enhanced Edition/sounds
2026-09-04 14:22:14.903 BaldursGateIIEnhancedEdition[85223:118479367] INFO: scanning:(11) $HOME/Documents/Baldur's Gate II - Enhanced Edition/portraits
2026-09-04 14:22:14.903 BaldursGateIIEnhancedEdition[85223:118479367] INFO: scanning:(12) $HOME/Documents/Baldur's Gate II - Enhanced Edition/characters
2026-09-04 14:22:14.903 BaldursGateIIEnhancedEdition[85223:118479367] INFO: scanning:(13) $HOME/Documents/Baldur's Gate II - Enhanced Edition/movies
2026-09-04 14:22:14.935 BaldursGateIIEnhancedEdition[85223:118479367] INFO: scanning:(0) $HOME/Library/Application Support/Steam/steamapps/common/Baldur's Gate II Enhanced Edition/override
2026-09-04 14:22:14.937 BaldursGateIIEnhancedEdition[85223:118479367] INFO: scanning:(1) $HOME/Library/Application Support/Steam/steamapps/common/Baldur's Gate II Enhanced Edition/scripts
2026-09-04 14:22:14.937 BaldursGateIIEnhancedEdition[85223:118479367] INFO: scanning:(2) $HOME/Library/Application Support/Steam/steamapps/common/Baldur's Gate II Enhanced Edition/sounds
2026-09-04 14:22:14.937 BaldursGateIIEnhancedEdition[85223:118479367] INFO: scanning:(3) $HOME/Library/Application Support/Steam/steamapps/common/Baldur's Gate II Enhanced Edition/lang/en_US/sounds
2026-09-04 14:22:14.937 BaldursGateIIEnhancedEdition[85223:118479367] INFO: scanning:(4) $HOME/Library/Application Support/Steam/steamapps/common/Baldur's Gate II Enhanced Edition/portraits
2026-09-04 14:22:14.937 BaldursGateIIEnhancedEdition[85223:118479367] INFO: scanning:(5) $HOME/Library/Application Support/Steam/steamapps/common/Baldur's Gate II Enhanced Edition/characters
2026-09-04 14:22:14.937 BaldursGateIIEnhancedEdition[85223:118479367] INFO: scanning:(6) $HOME/Library/Application Support/Steam/steamapps/common/Baldur's Gate II Enhanced Edition/movies
2026-09-04 14:22:14.937 BaldursGateIIEnhancedEdition[85223:118479367] INFO: scanning:(7) $HOME/Library/Application Support/Steam/steamapps/common/Baldur's Gate II Enhanced Edition/lang/en_US/movies
2026-09-04 14:22:14.937 BaldursGateIIEnhancedEdition[85223:118479367] INFO: scanning:(8) $HOME/Documents/Baldur's Gate II - Enhanced Edition/override
2026-09-04 14:22:14.937 BaldursGateIIEnhancedEdition[85223:118479367] INFO: scanning:(9) $HOME/Documents/Baldur's Gate II - Enhanced Edition/scripts
2026-09-04 14:22:14.937 BaldursGateIIEnhancedEdition[85223:118479367] INFO: scanning:(10) $HOME/Documents/Baldur's Gate II - Enhanced Edition/sounds
2026-09-04 14:22:14.937 BaldursGateIIEnhancedEdition[85223:118479367] INFO: scanning:(11) $HOME/Documents/Baldur's Gate II - Enhanced Edition/portraits
2026-09-04 14:22:14.937 BaldursGateIIEnhancedEdition[85223:118479367] INFO: scanning:(12) $HOME/Documents/Baldur's Gate II - Enhanced Edition/characters
2026-09-04 14:22:14.937 BaldursGateIIEnhancedEdition[85223:118479367] INFO: scanning:(13) $HOME/Documents/Baldur's Gate II - Enhanced Edition/movies
2026-09-04 14:22:14.939 BaldursGateIIEnhancedEdition[85223:118479367] INFO: scanning:(0) $HOME/Library/Application Support/Steam/steamapps/common/Baldur's Gate II Enhanced Edition/override
2026-09-04 14:22:14.940 BaldursGateIIEnhancedEdition[85223:118479367] INFO: scanning:(1) $HOME/Library/Application Support/Steam/steamapps/common/Baldur's Gate II Enhanced Edition/scripts
2026-09-04 14:22:14.940 BaldursGateIIEnhancedEdition[85223:118479367] INFO: scanning:(2) $HOME/Library/Application Support/Steam/steamapps/common/Baldur's Gate II Enhanced Edition/sounds
2026-09-04 14:22:14.940 BaldursGateIIEnhancedEdition[85223:118479367] INFO: scanning:(3) $HOME/Library/Application Support/Steam/steamapps/common/Baldur's Gate II Enhanced Edition/lang/en_US/sounds
2026-09-04 14:22:14.941 BaldursGateIIEnhancedEdition[85223:118479367] INFO: scanning:(4) $HOME/Library/Application Support/Steam/steamapps/common/Baldur's Gate II Enhanced Edition/portraits
2026-09-04 14:22:14.941 BaldursGateIIEnhancedEdition[85223:118479367] INFO: scanning:(5) $HOME/Library/Application Support/Steam/steamapps/common/Baldur's Gate II Enhanced Edition/characters
2026-09-04 14:22:14.941 BaldursGateIIEnhancedEdition[85223:118479367] INFO: scanning:(6) $HOME/Library/Application Support/Steam/steamapps/common/Baldur's Gate II Enhanced Edition/movies
2026-09-04 14:22:14.941 BaldursGateIIEnhancedEdition[85223:118479367] INFO: scanning:(7) $HOME/Library/Application Support/Steam/steamapps/common/Baldur's Gate II Enhanced Edition/lang/en_US/movies
2026-09-04 14:22:14.941 BaldursGateIIEnhancedEdition[85223:118479367] INFO: scanning:(8) $HOME/Documents/Baldur's Gate II - Enhanced Edition/override
2026-09-04 14:22:14.941 BaldursGateIIEnhancedEdition[85223:118479367] INFO: scanning:(9) $HOME/Documents/Baldur's Gate II - Enhanced Edition/scripts
2026-09-04 14:22:14.941 BaldursGateIIEnhancedEdition[85223:118479367] INFO: scanning:(10) $HOME/Documents/Baldur's Gate II - Enhanced Edition/sounds
2026-09-04 14:22:14.941 BaldursGateIIEnhancedEdition[85223:118479367] INFO: scanning:(11) $HOME/Documents/Baldur's Gate II - Enhanced Edition/portraits
2026-09-04 14:22:14.941 BaldursGateIIEnhancedEdition[85223:118479367] INFO: scanning:(12) $HOME/Documents/Baldur's Gate II - Enhanced Edition/characters
2026-09-04 14:22:14.941 BaldursGateIIEnhancedEdition[85223:118479367] INFO: scanning:(13) $HOME/Documents/Baldur's Gate II - Enhanced Edition/movies
2026-09-04 14:22:14.942 BaldursGateIIEnhancedEdition[85223:118479367] INFO: scanning:(0) $HOME/Library/Application Support/Steam/steamapps/common/Baldur's Gate II Enhanced Edition/override
2026-09-04 14:22:14.944 BaldursGateIIEnhancedEdition[85223:118479367] INFO: scanning:(1) $HOME/Library/Application Support/Steam/steamapps/common/Baldur's Gate II Enhanced Edition/scripts
2026-09-04 14:22:14.944 BaldursGateIIEnhancedEdition[85223:118479367] INFO: scanning:(2) $HOME/Library/Application Support/Steam/steamapps/common/Baldur's Gate II Enhanced Edition/sounds
2026-09-04 14:22:14.944 BaldursGateIIEnhancedEdition[85223:118479367] INFO: scanning:(3) $HOME/Library/Application Support/Steam/steamapps/common/Baldur's Gate II Enhanced Edition/lang/en_US/sounds
2026-09-04 14:22:14.944 BaldursGateIIEnhancedEdition[85223:118479367] INFO: scanning:(4) $HOME/Library/Application Support/Steam/steamapps/common/Baldur's Gate II Enhanced Edition/portraits
2026-09-04 14:22:14.944 BaldursGateIIEnhancedEdition[85223:118479367] INFO: scanning:(5) $HOME/Library/Application Support/Steam/steamapps/common/Baldur's Gate II Enhanced Edition/characters
2026-09-04 14:22:14.944 BaldursGateIIEnhancedEdition[85223:118479367] INFO: scanning:(6) $HOME/Library/Application Support/Steam/steamapps/common/Baldur's Gate II Enhanced Edition/movies
2026-09-04 14:22:14.944 BaldursGateIIEnhancedEdition[85223:118479367] INFO: scanning:(7) $HOME/Library/Application Support/Steam/steamapps/common/Baldur's Gate II Enhanced Edition/lang/en_US/movies
2026-09-04 14:22:14.944 BaldursGateIIEnhancedEdition[85223:118479367] INFO: scanning:(8) $HOME/Documents/Baldur's Gate II - Enhanced Edition/override
2026-09-04 14:22:14.944 BaldursGateIIEnhancedEdition[85223:118479367] INFO: scanning:(9) $HOME/Documents/Baldur's Gate II - Enhanced Edition/scripts
2026-09-04 14:22:14.944 BaldursGateIIEnhancedEdition[85223:118479367] INFO: scanning:(10) $HOME/Documents/Baldur's Gate II - Enhanced Edition/sounds
2026-09-04 14:22:14.944 BaldursGateIIEnhancedEdition[85223:118479367] INFO: scanning:(11) $HOME/Documents/Baldur's Gate II - Enhanced Edition/portraits
2026-09-04 14:22:14.944 BaldursGateIIEnhancedEdition[85223:118479367] INFO: scanning:(12) $HOME/Documents/Baldur's Gate II - Enhanced Edition/characters
2026-09-04 14:22:14.944 BaldursGateIIEnhancedEdition[85223:118479367] INFO: scanning:(13) $HOME/Documents/Baldur's Gate II - Enhanced Edition/movies
2026-09-04 14:22:14.946 BaldursGateIIEnhancedEdition[85223:118479367] INFO: scanning:(0) $HOME/Library/Application Support/Steam/steamapps/common/Baldur's Gate II Enhanced Edition/override
2026-09-04 14:22:14.947 BaldursGateIIEnhancedEdition[85223:118479367] INFO: scanning:(1) $HOME/Library/Application Support/Steam/steamapps/common/Baldur's Gate II Enhanced Edition/scripts
2026-09-04 14:22:14.947 BaldursGateIIEnhancedEdition[85223:118479367] INFO: scanning:(2) $HOME/Library/Application Support/Steam/steamapps/common/Baldur's Gate II Enhanced Edition/sounds
2026-09-04 14:22:14.947 BaldursGateIIEnhancedEdition[85223:118479367] INFO: scanning:(3) $HOME/Library/Application Support/Steam/steamapps/common/Baldur's Gate II Enhanced Edition/lang/en_US/sounds
2026-09-04 14:22:14.947 BaldursGateIIEnhancedEdition[85223:118479367] INFO: scanning:(4) $HOME/Library/Application Support/Steam/steamapps/common/Baldur's Gate II Enhanced Edition/portraits
2026-09-04 14:22:14.947 BaldursGateIIEnhancedEdition[85223:118479367] INFO: scanning:(5) $HOME/Library/Application Support/Steam/steamapps/common/Baldur's Gate II Enhanced Edition/characters
2026-09-04 14:22:14.947 BaldursGateIIEnhancedEdition[85223:118479367] INFO: scanning:(6) $HOME/Library/Application Support/Steam/steamapps/common/Baldur's Gate II Enhanced Edition/movies
2026-09-04 14:22:14.947 BaldursGateIIEnhancedEdition[85223:118479367] INFO: scanning:(7) $HOME/Library/Application Support/Steam/steamapps/common/Baldur's Gate II Enhanced Edition/lang/en_US/movies
2026-09-04 14:22:14.947 BaldursGateIIEnhancedEdition[85223:118479367] INFO: scanning:(8) $HOME/Documents/Baldur's Gate II - Enhanced Edition/override
2026-09-04 14:22:14.947 BaldursGateIIEnhancedEdition[85223:118479367] INFO: scanning:(9) $HOME/Documents/Baldur's Gate II - Enhanced Edition/scripts
2026-09-04 14:22:14.947 BaldursGateIIEnhancedEdition[85223:118479367] INFO: scanning:(10) $HOME/Documents/Baldur's Gate II - Enhanced Edition/sounds
2026-09-04 14:22:14.947 BaldursGateIIEnhancedEdition[85223:118479367] INFO: scanning:(11) $HOME/Documents/Baldur's Gate II - Enhanced Edition/portraits
2026-09-04 14:22:14.947 BaldursGateIIEnhancedEdition[85223:118479367] INFO: scanning:(12) $HOME/Documents/Baldur's Gate II - Enhanced Edition/characters
2026-09-04 14:22:14.947 BaldursGateIIEnhancedEdition[85223:118479367] INFO: scanning:(13) $HOME/Documents/Baldur's Gate II - Enhanced Edition/movies
2026-09-04 14:22:14.959 BaldursGateIIEnhancedEdition[85223:118479367] INFO: scanning:(0) $HOME/Library/Application Support/Steam/steamapps/common/Baldur's Gate II Enhanced Edition/override
2026-09-04 14:22:14.960 BaldursGateIIEnhancedEdition[85223:118479367] INFO: scanning:(1) $HOME/Library/Application Support/Steam/steamapps/common/Baldur's Gate II Enhanced Edition/scripts
2026-09-04 14:22:14.960 BaldursGateIIEnhancedEdition[85223:118479367] INFO: scanning:(2) $HOME/Library/Application Support/Steam/steamapps/common/Baldur's Gate II Enhanced Edition/sounds
2026-09-04 14:22:14.960 BaldursGateIIEnhancedEdition[85223:118479367] INFO: scanning:(3) $HOME/Library/Application Support/Steam/steamapps/common/Baldur's Gate II Enhanced Edition/lang/en_US/sounds
2026-09-04 14:22:14.960 BaldursGateIIEnhancedEdition[85223:118479367] INFO: scanning:(4) $HOME/Library/Application Support/Steam/steamapps/common/Baldur's Gate II Enhanced Edition/portraits
2026-09-04 14:22:14.960 BaldursGateIIEnhancedEdition[85223:118479367] INFO: scanning:(5) $HOME/Library/Application Support/Steam/steamapps/common/Baldur's Gate II Enhanced Edition/characters
2026-09-04 14:22:14.960 BaldursGateIIEnhancedEdition[85223:118479367] INFO: scanning:(6) $HOME/Library/Application Support/Steam/steamapps/common/Baldur's Gate II Enhanced Edition/movies
2026-09-04 14:22:14.960 BaldursGateIIEnhancedEdition[85223:118479367] INFO: scanning:(7) $HOME/Library/Application Support/Steam/steamapps/common/Baldur's Gate II Enhanced Edition/lang/en_US/movies
2026-09-04 14:22:14.960 BaldursGateIIEnhancedEdition[85223:118479367] INFO: scanning:(8) $HOME/Documents/Baldur's Gate II - Enhanced Edition/override
2026-09-04 14:22:14.960 BaldursGateIIEnhancedEdition[85223:118479367] INFO: scanning:(9) $HOME/Documents/Baldur's Gate II - Enhanced Edition/scripts
2026-09-04 14:22:14.960 BaldursGateIIEnhancedEdition[85223:118479367] INFO: scanning:(10) $HOME/Documents/Baldur's Gate II - Enhanced Edition/sounds
2026-09-04 14:22:14.960 BaldursGateIIEnhancedEdition[85223:118479367] INFO: scanning:(11) $HOME/Documents/Baldur's Gate II - Enhanced Edition/portraits
2026-09-04 14:22:14.961 BaldursGateIIEnhancedEdition[85223:118479367] INFO: scanning:(12) $HOME/Documents/Baldur's Gate II - Enhanced Edition/characters
2026-09-04 14:22:14.961 BaldursGateIIEnhancedEdition[85223:118479367] INFO: scanning:(13) $HOME/Documents/Baldur's Gate II - Enhanced Edition/movies
2026-09-04 14:22:14.962 BaldursGateIIEnhancedEdition[85223:118479367] INFO: scanning:(0) $HOME/Library/Application Support/Steam/steamapps/common/Baldur's Gate II Enhanced Edition/override
2026-09-04 14:22:14.963 BaldursGateIIEnhancedEdition[85223:118479367] INFO: scanning:(1) $HOME/Library/Application Support/Steam/steamapps/common/Baldur's Gate II Enhanced Edition/scripts
2026-09-04 14:22:14.963 BaldursGateIIEnhancedEdition[85223:118479367] INFO: scanning:(2) $HOME/Library/Application Support/Steam/steamapps/common/Baldur's Gate II Enhanced Edition/sounds
2026-09-04 14:22:14.963 BaldursGateIIEnhancedEdition[85223:118479367] INFO: scanning:(3) $HOME/Library/Application Support/Steam/steamapps/common/Baldur's Gate II Enhanced Edition/lang/en_US/sounds
2026-09-04 14:22:14.964 BaldursGateIIEnhancedEdition[85223:118479367] INFO: scanning:(4) $HOME/Library/Application Support/Steam/steamapps/common/Baldur's Gate II Enhanced Edition/portraits
2026-09-04 14:22:14.964 BaldursGateIIEnhancedEdition[85223:118479367] INFO: scanning:(5) $HOME/Library/Application Support/Steam/steamapps/common/Baldur's Gate II Enhanced Edition/characters
2026-09-04 14:22:14.964 BaldursGateIIEnhancedEdition[85223:118479367] INFO: scanning:(6) $HOME/Library/Application Support/Steam/steamapps/common/Baldur's Gate II Enhanced Edition/movies
2026-09-04 14:22:14.964 BaldursGateIIEnhancedEdition[85223:118479367] INFO: scanning:(7) $HOME/Library/Application Support/Steam/steamapps/common/Baldur's Gate II Enhanced Edition/lang/en_US/movies
2026-09-04 14:22:14.964 BaldursGateIIEnhancedEdition[85223:118479367] INFO: scanning:(8) $HOME/Documents/Baldur's Gate II - Enhanced Edition/override
2026-09-04 14:22:14.964 BaldursGateIIEnhancedEdition[85223:118479367] INFO: scanning:(9) $HOME/Documents/Baldur's Gate II - Enhanced Edition/scripts
2026-09-04 14:22:14.964 BaldursGateIIEnhancedEdition[85223:118479367] INFO: scanning:(10) $HOME/Documents/Baldur's Gate II - Enhanced Edition/sounds
2026-09-04 14:22:14.964 BaldursGateIIEnhancedEdition[85223:118479367] INFO: scanning:(11) $HOME/Documents/Baldur's Gate II - Enhanced Edition/portraits
2026-09-04 14:22:14.964 BaldursGateIIEnhancedEdition[85223:118479367] INFO: scanning:(12) $HOME/Documents/Baldur's Gate II - Enhanced Edition/characters
2026-09-04 14:22:14.964 BaldursGateIIEnhancedEdition[85223:118479367] INFO: scanning:(13) $HOME/Documents/Baldur's Gate II - Enhanced Edition/movies
2026-09-04 14:22:14.965 BaldursGateIIEnhancedEdition[85223:118479367] INFO: scanning:(0) $HOME/Library/Application Support/Steam/steamapps/common/Baldur's Gate II Enhanced Edition/override
2026-09-04 14:22:14.967 BaldursGateIIEnhancedEdition[85223:118479367] INFO: scanning:(1) $HOME/Library/Application Support/Steam/steamapps/common/Baldur's Gate II Enhanced Edition/scripts
2026-09-04 14:22:14.967 BaldursGateIIEnhancedEdition[85223:118479367] INFO: scanning:(2) $HOME/Library/Application Support/Steam/steamapps/common/Baldur's Gate II Enhanced Edition/sounds
2026-09-04 14:22:14.967 BaldursGateIIEnhancedEdition[85223:118479367] INFO: scanning:(3) $HOME/Library/Application Support/Steam/steamapps/common/Baldur's Gate II Enhanced Edition/lang/en_US/sounds
2026-09-04 14:22:14.967 BaldursGateIIEnhancedEdition[85223:118479367] INFO: scanning:(4) $HOME/Library/Application Support/Steam/steamapps/common/Baldur's Gate II Enhanced Edition/portraits
2026-09-04 14:22:14.967 BaldursGateIIEnhancedEdition[85223:118479367] INFO: scanning:(5) $HOME/Library/Application Support/Steam/steamapps/common/Baldur's Gate II Enhanced Edition/characters
2026-09-04 14:22:14.967 BaldursGateIIEnhancedEdition[85223:118479367] INFO: scanning:(6) $HOME/Library/Application Support/Steam/steamapps/common/Baldur's Gate II Enhanced Edition/movies
2026-09-04 14:22:14.967 BaldursGateIIEnhancedEdition[85223:118479367] INFO: scanning:(7) $HOME/Library/Application Support/Steam/steamapps/common/Baldur's Gate II Enhanced Edition/lang/en_US/movies
2026-09-04 14:22:14.967 BaldursGateIIEnhancedEdition[85223:118479367] INFO: scanning:(8) $HOME/Documents/Baldur's Gate II - Enhanced Edition/override
2026-09-04 14:22:14.967 BaldursGateIIEnhancedEdition[85223:118479367] INFO: scanning:(9) $HOME/Documents/Baldur's Gate II - Enhanced Edition/scripts
2026-09-04 14:22:14.967 BaldursGateIIEnhancedEdition[85223:118479367] INFO: scanning:(10) $HOME/Documents/Baldur's Gate II - Enhanced Edition/sounds
2026-09-04 14:22:14.967 BaldursGateIIEnhancedEdition[85223:118479367] INFO: scanning:(11) $HOME/Documents/Baldur's Gate II - Enhanced Edition/portraits
2026-09-04 14:22:14.967 BaldursGateIIEnhancedEdition[85223:118479367] INFO: scanning:(12) $HOME/Documents/Baldur's Gate II - Enhanced Edition/characters
2026-09-04 14:22:14.967 BaldursGateIIEnhancedEdition[85223:118479367] INFO: scanning:(13) $HOME/Documents/Baldur's Gate II - Enhanced Edition/movies
2026-09-04 14:22:14.968 BaldursGateIIEnhancedEdition[85223:118479367] INFO: scanning:(0) $HOME/Library/Application Support/Steam/steamapps/common/Baldur's Gate II Enhanced Edition/override
2026-09-04 14:22:14.970 BaldursGateIIEnhancedEdition[85223:118479367] INFO: scanning:(1) $HOME/Library/Application Support/Steam/steamapps/common/Baldur's Gate II Enhanced Edition/scripts
2026-09-04 14:22:14.970 BaldursGateIIEnhancedEdition[85223:118479367] INFO: scanning:(2) $HOME/Library/Application Support/Steam/steamapps/common/Baldur's Gate II Enhanced Edition/sounds
2026-09-04 14:22:14.970 BaldursGateIIEnhancedEdition[85223:118479367] INFO: scanning:(3) $HOME/Library/Application Support/Steam/steamapps/common/Baldur's Gate II Enhanced Edition/lang/en_US/sounds
2026-09-04 14:22:14.970 BaldursGateIIEnhancedEdition[85223:118479367] INFO: scanning:(4) $HOME/Library/Application Support/Steam/steamapps/common/Baldur's Gate II Enhanced Edition/portraits
2026-09-04 14:22:14.970 BaldursGateIIEnhancedEdition[85223:118479367] INFO: scanning:(5) $HOME/Library/Application Support/Steam/steamapps/common/Baldur's Gate II Enhanced Edition/characters
2026-09-04 14:22:14.970 BaldursGateIIEnhancedEdition[85223:118479367] INFO: scanning:(6) $HOME/Library/Application Support/Steam/steamapps/common/Baldur's Gate II Enhanced Edition/movies
2026-09-04 14:22:14.970 BaldursGateIIEnhancedEdition[85223:118479367] INFO: scanning:(7) $HOME/Library/Application Support/Steam/steamapps/common/Baldur's Gate II Enhanced Edition/lang/en_US/movies
2026-09-04 14:22:14.970 BaldursGateIIEnhancedEdition[85223:118479367] INFO: scanning:(8) $HOME/Documents/Baldur's Gate II - Enhanced Edition/override
2026-09-04 14:22:14.970 BaldursGateIIEnhancedEdition[85223:118479367] INFO: scanning:(9) $HOME/Documents/Baldur's Gate II - Enhanced Edition/scripts
2026-09-04 14:22:14.970 BaldursGateIIEnhancedEdition[85223:118479367] INFO: scanning:(10) $HOME/Documents/Baldur's Gate II - Enhanced Edition/sounds
2026-09-04 14:22:14.970 BaldursGateIIEnhancedEdition[85223:118479367] INFO: scanning:(11) $HOME/Documents/Baldur's Gate II - Enhanced Edition/portraits
2026-09-04 14:22:14.970 BaldursGateIIEnhancedEdition[85223:118479367] INFO: scanning:(12) $HOME/Documents/Baldur's Gate II - Enhanced Edition/characters
2026-09-04 14:22:14.970 BaldursGateIIEnhancedEdition[85223:118479367] INFO: scanning:(13) $HOME/Documents/Baldur's Gate II - Enhanced Edition/movies
2026-09-04 14:22:14.971 BaldursGateIIEnhancedEdition[85223:118479367] INFO: scanning:(0) $HOME/Library/Application Support/Steam/steamapps/common/Baldur's Gate II Enhanced Edition/override
2026-09-04 14:22:14.973 BaldursGateIIEnhancedEdition[85223:118479367] INFO: scanning:(1) $HOME/Library/Application Support/Steam/steamapps/common/Baldur's Gate II Enhanced Edition/scripts
2026-09-04 14:22:14.973 BaldursGateIIEnhancedEdition[85223:118479367] INFO: scanning:(2) $HOME/Library/Application Support/Steam/steamapps/common/Baldur's Gate II Enhanced Edition/sounds
2026-09-04 14:22:14.973 BaldursGateIIEnhancedEdition[85223:118479367] INFO: scanning:(3) $HOME/Library/Application Support/Steam/steamapps/common/Baldur's Gate II Enhanced Edition/lang/en_US/sounds
2026-09-04 14:22:14.973 BaldursGateIIEnhancedEdition[85223:118479367] INFO: scanning:(4) $HOME/Library/Application Support/Steam/steamapps/common/Baldur's Gate II Enhanced Edition/portraits
2026-09-04 14:22:14.973 BaldursGateIIEnhancedEdition[85223:118479367] INFO: scanning:(5) $HOME/Library/Application Support/Steam/steamapps/common/Baldur's Gate II Enhanced Edition/characters
2026-09-04 14:22:14.973 BaldursGateIIEnhancedEdition[85223:118479367] INFO: scanning:(6) $HOME/Library/Application Support/Steam/steamapps/common/Baldur's Gate II Enhanced Edition/movies
2026-09-04 14:22:14.973 BaldursGateIIEnhancedEdition[85223:118479367] INFO: scanning:(7) $HOME/Library/Application Support/Steam/steamapps/common/Baldur's Gate II Enhanced Edition/lang/en_US/movies
2026-09-04 14:22:14.973 BaldursGateIIEnhancedEdition[85223:118479367] INFO: scanning:(8) $HOME/Documents/Baldur's Gate II - Enhanced Edition/override
2026-09-04 14:22:14.973 BaldursGateIIEnhancedEdition[85223:118479367] INFO: scanning:(9) $HOME/Documents/Baldur's Gate II - Enhanced Edition/scripts
2026-09-04 14:22:14.973 BaldursGateIIEnhancedEdition[85223:118479367] INFO: scanning:(10) $HOME/Documents/Baldur's Gate II - Enhanced Edition/sounds
2026-09-04 14:22:14.973 BaldursGateIIEnhancedEdition[85223:118479367] INFO: scanning:(11) $HOME/Documents/Baldur's Gate II - Enhanced Edition/portraits
2026-09-04 14:22:14.973 BaldursGateIIEnhancedEdition[85223:118479367] INFO: scanning:(12) $HOME/Documents/Baldur's Gate II - Enhanced Edition/characters
2026-09-04 14:22:14.973 BaldursGateIIEnhancedEdition[85223:118479367] INFO: scanning:(13) $HOME/Documents/Baldur's Gate II - Enhanced Edition/movies
2026-09-04 14:22:14.974 BaldursGateIIEnhancedEdition[85223:118479367] INFO: LUA: A7LOG	905	12658920	1260282	Day 1, Hour 22 (3 Mirtul, 1369)	WORLD_QUICKLOOT	^0xff0cff3fQuick save successful.^-
2026-09-04 14:22:16.650 BaldursGateIIEnhancedEdition[85223:118479367] INFO: LUA: A7LOG	906	12660300	1261957	Day 1, Hour 22 (3 Mirtul, 1369)	WORLD_QUICKLOOT	^0xff0000ffPAUSED^-
2026-09-04 14:22:17.781 BaldursGateIIEnhancedEdition[85223:118479367] INFO: LUA: A7LOG	907	12660300	1263088	Day 1, Hour 22 (3 Mirtul, 1369)	WORLD_QUICKLOOT	^0xffd6bd9fJaheira^-: ^0xffd7c8a0Yes?^-
2026-09-04 14:22:19.120 BaldursGateIIEnhancedEdition[85223:118479367] INFO: LUA: A7LOG	908	12660300	1264427	Day 1, Hour 22 (3 Mirtul, 1369)	WORLD_QUICKLOOT	^0xffd6bd9fJaheira^-: ^0xffd7c8a0I go.^-
2026-09-04 14:22:20.307 BaldursGateIIEnhancedEdition[85223:118479367] INFO: LUA: A7LOG	909	12660360	1265615	Day 1, Hour 22 (3 Mirtul, 1369)	WORLD_QUICKLOOT	^0xff0000ffUNPAUSED^-
2026-09-04 14:22:21.543 BaldursGateIIEnhancedEdition[85223:118479367] INFO: LUA: A7LOG	910	12661320	1266851	Day 1, Hour 22 (3 Mirtul, 1369)	WORLD_QUICKLOOT	^0xff0000ffPAUSED^-
2026-09-04 14:22:24.016 BaldursGateIIEnhancedEdition[85223:118479367] INFO: LUA: A7LOG	911	12661320	1269323	Day 1, Hour 22 (3 Mirtul, 1369)	WORLD_QUICKLOOT	^0xffd6bd9fJaheira^-: ^0xffd7c8a0I am ready.^-
2026-09-04 14:22:24.571 BaldursGateIIEnhancedEdition[85223:118479367] INFO: LUA: A7LOG	912	12661320	1269878	Day 1, Hour 22 (3 Mirtul, 1369)	WORLD_QUICKLOOT	^0xffd6bd9fJaheira^-: ^0xffd7c8a0As I would have done.^-
2026-09-04 14:22:24.994 BaldursGateIIEnhancedEdition[85223:118479367] INFO: LUA: A7LOG	913	12661380	1270302	Day 1, Hour 22 (3 Mirtul, 1369)	WORLD_QUICKLOOT	^0xff0000ffUNPAUSED^-
2026-09-04 14:22:25.606 BaldursGateIIEnhancedEdition[85223:118479367] INFO: LUA: A7LOG	914	12661800	1270913	Day 1, Hour 22 (3 Mirtul, 1369)	WORLD_QUICKLOOT	^0xff0000ffPAUSED^-
2026-09-04 14:22:27.378 BaldursGateIIEnhancedEdition[85223:118479367] INFO: LUA: A7LOG	915	12661800	1272686	Day 1, Hour 22 (3 Mirtul, 1369)	WORLD_QUICKLOOT	^0xff0000ffUNPAUSED^-
2026-09-04 14:22:28.699 BaldursGateIIEnhancedEdition[85223:118479367] INFO: LUA: A7LOG	916	12662880	1274006	Day 1, Hour 22 (3 Mirtul, 1369)	WORLD_QUICKLOOT	^0xff0000ffPAUSED^-
2026-09-04 14:22:28.732 BaldursGateIIEnhancedEdition[85223:118479367] INFO: LUA: A7LOG	917	12662880	1274039	Day 1, Hour 22 (3 Mirtul, 1369)	WORLD_QUICKLOOT	^0xffc0a1aaMinsc^-: ^0xffbed7d7Auto-Paused: Enemy Sighted^-
2026-09-04 14:22:31.735 BaldursGateIIEnhancedEdition[85223:118479367] INFO: LUA: A7LOG	918	12662880	1277042	Day 1, Hour 22 (3 Mirtul, 1369)	WORLD_QUICKLOOT	^0xff018bffSkeleton Warrior^-: ^0xffbed7d7is Attacking Cambion^-
2026-09-04 14:22:32.422 BaldursGateIIEnhancedEdition[85223:118479367] INFO: LUA: A7LOG	919	12662880	1277729	Day 1, Hour 22 (3 Mirtul, 1369)	WORLD_QUICKLOOT	^0xffd6bd9fJaheira^-: ^0xffd7c8a0It is about time.^-
2026-09-04 14:22:33.419 BaldursGateIIEnhancedEdition[85223:118479367] INFO: LUA: A7LOG	920	12662880	1278727	Day 1, Hour 22 (3 Mirtul, 1369)	WORLD_QUICKLOOT	^0xffc0a1aaMinsc^-: ^0xffd7c8a0You point, I punch.^-
2026-09-04 14:22:34.799 BaldursGateIIEnhancedEdition[85223:118479367] INFO: LUA: A7LOG	921	12662880	1280107	Day 1, Hour 22 (3 Mirtul, 1369)	WORLD_QUICKLOOT	^0xffc0a1aaMinsc^-: ^0xffd7c8a0Where Minsc goes, evil stands aside.^-
2026-09-04 14:22:36.010 BaldursGateIIEnhancedEdition[85223:118479367] INFO: LUA: A7LOG	922	12662880	1281318	Day 1, Hour 22 (3 Mirtul, 1369)	WORLD_QUICKLOOT	^0xff0000ffUNPAUSED^-
2026-09-04 14:22:36.050 BaldursGateIIEnhancedEdition[85223:118479367] INFO: LUA: A7LOG	923	12662940	1281357	Day 1, Hour 22 (3 Mirtul, 1369)	WORLD_QUICKLOOT	^0xff018bffSkeleton Warrior^-: ^0xffbed7d7Attacks Cambion^-
2026-09-04 14:22:37.447 BaldursGateIIEnhancedEdition[85223:118479367] INFO: LUA: A7LOG	924	12664080	1282755	Day 1, Hour 22 (3 Mirtul, 1369)	WORLD_QUICKLOOT	^0xff0000ffPAUSED^-
2026-09-04 14:22:38.583 BaldursGateIIEnhancedEdition[85223:118479367] INFO: LUA: A7LOG	925	12664080	1283891	Day 1, Hour 22 (3 Mirtul, 1369)	WORLD_QUICKLOOT	^0xffcb967dBooprikt^-: ^0xffd7c8a0I'm waiting.^-
2026-09-04 14:22:39.242 BaldursGateIIEnhancedEdition[85223:118479367] INFO: LUA: A7LOG	926	12664080	1284549	Day 1, Hour 22 (3 Mirtul, 1369)	WORLD_QUICKLOOT	^0xffcb967dBooprikt^-: ^0xffd7c8a0Very well.^-
2026-09-04 14:22:40.134 BaldursGateIIEnhancedEdition[85223:118479367] INFO: LUA: A7LOG	927	12664080	1285442	Day 1, Hour 22 (3 Mirtul, 1369)	WORLD_QUICKLOOT	^0xff0000ffUNPAUSED^-
2026-09-04 14:22:40.682 BaldursGateIIEnhancedEdition[85223:118479367] INFO: LUA: A7LOG	928	12664500	1285989	Day 1, Hour 22 (3 Mirtul, 1369)	WORLD_QUICKLOOT	^0xff0000ffPAUSED^-
2026-09-04 14:22:41.647 BaldursGateIIEnhancedEdition[85223:118479367] INFO: LUA: A7LOG	929	12664500	1286954	Day 1, Hour 22 (3 Mirtul, 1369)	WORLD_QUICKLOOT	^0xffd6bd9fJaheira^-: ^0xffd7c8a0Speak your mind.^-
2026-09-04 14:22:42.417 BaldursGateIIEnhancedEdition[85223:118479367] INFO: LUA: A7LOG	930	12664500	1287724	Day 1, Hour 22 (3 Mirtul, 1369)	WORLD_QUICKLOOT	^0xffd6bd9fJaheira^-: ^0xffd7c8a0If it will help.^-
2026-09-04 14:22:42.635 BaldursGateIIEnhancedEdition[85223:118479367] INFO: LUA: A7LOG	931	12664500	1287942	Day 1, Hour 22 (3 Mirtul, 1369)	WORLD_QUICKLOOT	^0xff0000ffUNPAUSED^-
2026-09-04 14:22:43.533 BaldursGateIIEnhancedEdition[85223:118479367] INFO: LUA: A7LOG	932	12665280	1288840	Day 1, Hour 22 (3 Mirtul, 1369)	WORLD_QUICKLOOT	^0xffc0a1aaMinsc^-: ^0xffbed7d7Attacks Cambion^-
2026-09-04 14:22:43.708 BaldursGateIIEnhancedEdition[85223:118479367] INFO: LUA: A7LOG	933	12665460	1289015	Day 1, Hour 22 (3 Mirtul, 1369)	WORLD_QUICKLOOT	^0xffbed7d7Skeleton Warrior^-: ^0xffbed7d7Roll:16 +Luck:0 +SpecialAC:-2  +HitMod:0  +Attack of Opportunity:0  +Berserk:0  +Right:3 (+Weapon Bonus 0+Proficiency 3+STR 0+STREX 0+Melee bonus 0+Racial 0+Effects 0) +Invisible:0  +Invisible Target:0  +Range:0  +Hated Race:0  +Special Target:0  +Protections:0 ^-
2026-09-04 14:22:43.708 BaldursGateIIEnhancedEdition[85223:118479367] INFO: LUA: A7LOG	934	12665460	1289015	Day 1, Hour 22 (3 Mirtul, 1369)	WORLD_QUICKLOOT	^0xff018bffSkeleton Warrior^-: ^0xffbed7d7Attack Roll 16 + 1 = 17 : Miss^-
2026-09-04 14:22:44.360 BaldursGateIIEnhancedEdition[85223:118479367] INFO: LUA: A7LOG	935	12666000	1289667	Day 1, Hour 22 (3 Mirtul, 1369)	WORLD_QUICKLOOT	^0xffffb4b4Pushing on the lever of the machine seems to excite the demon that stands in the circle. The magic barrier that surrounds it weakens visibly. If the wheel is turned further, you expect that the magic might disappear altogether.^-
2026-09-04 14:22:44.666 BaldursGateIIEnhancedEdition[85223:118479367] INFO: LUA: A7LOG	936	12666300	1289973	Day 1, Hour 22 (3 Mirtul, 1369)	WORLD_QUICKLOOT	^0xffd6bd9fJaheira^-: ^0xffbed7d7Attacks Cambion^-
2026-09-04 14:22:45.685 BaldursGateIIEnhancedEdition[85223:118479367] INFO: LUA: A7LOG	937	12667200	1290992	Day 1, Hour 22 (3 Mirtul, 1369)	WORLD_QUICKLOOT	^0xffbed7d7Jaheira^-: ^0xffbed7d7Roll:18 +Luck:0 +SpecialAC:0  +HitMod:0  +Attack of Opportunity:0  +Berserk:0  +Right:2 (+Weapon Bonus 0+Launcher 0+Proficiency 0+Dex 2+Missile 0+Racial 0+Effects 0) +Invisible:0  +Invisible Target:0  +Range:0  +Hated Race:0  +Special Target:0  +Protections:0 ^-
2026-09-04 14:22:45.685 BaldursGateIIEnhancedEdition[85223:118479367] INFO: LUA: A7LOG	938	12667200	1290992	Day 1, Hour 22 (3 Mirtul, 1369)	WORLD_QUICKLOOT	^0xffd6bd9fJaheira^-: ^0xffbed7d7Attack Roll 18 + 2 = 20 : Hit^-
2026-09-04 14:22:45.685 BaldursGateIIEnhancedEdition[85223:118479367] INFO: LUA: A7LOG	939	12667200	1290992	Day 1, Hour 22 (3 Mirtul, 1369)	WORLD_QUICKLOOT	^0xffbed7d7Jaheira^-: ^0xffbed7d7Roll:5  +DamageMod:0  +Hand bonus:0 (+Proficiency 0+Missile 0+Effects 0) +Attack of Opportunity:0  *Backstab:0  +Berserk:0  +Strength:0  +Hated Race:0  +Special Bonus:0 ^-
2026-09-04 14:22:45.961 BaldursGateIIEnhancedEdition[85223:118479367] INFO: LUA: A7LOG	940	12667440	1291268	Day 1, Hour 22 (3 Mirtul, 1369)	WORLD_QUICKLOOT	^0xff7769d5Jaheira^-: ^0xffbed7d7Cambion was immune to my damage.^-
2026-09-04 14:22:46.743 BaldursGateIIEnhancedEdition[85223:118479367] INFO: LUA: A7LOG	941	12668100	1292050	Day 1, Hour 22 (3 Mirtul, 1369)	WORLD_QUICKLOOT	^0xffbed7d7Minsc^-: ^0xffbed7d7Roll:16 +Luck:0 +SpecialAC:-2  +HitMod:0  +Attack of Opportunity:0  +Berserk:0  +Right:3 (+Weapon Bonus 0+Proficiency 1+STR 1+STREX 1+Melee bonus 0+Racial 0+Effects 0) +Invisible:0  +Invisible Target:0  +Range:0  +Hated Race:0  +Special Target:0  +Protections:0 ^-
2026-09-04 14:22:46.743 BaldursGateIIEnhancedEdition[85223:118479367] INFO: LUA: A7LOG	942	12668100	1292051	Day 1, Hour 22 (3 Mirtul, 1369)	WORLD_QUICKLOOT	^0xffc0a1aaMinsc^-: ^0xffbed7d7Attack Roll 16 + 1 = 17 : Hit^-
2026-09-04 14:22:46.743 BaldursGateIIEnhancedEdition[85223:118479367] INFO: LUA: A7LOG	943	12668100	1292051	Day 1, Hour 22 (3 Mirtul, 1369)	WORLD_QUICKLOOT	^0xffbed7d7Minsc^-: ^0xffbed7d7Roll:6  +DamageMod:0  +Hand bonus:0 (+Proficiency 2+Melee bonus 0+Effects 0) +Attack of Opportunity:0  *Backstab:0  +Berserk:0  +Strength:5  +Hated Race:0  +Special Bonus:0 ^-
2026-09-04 14:22:46.743 BaldursGateIIEnhancedEdition[85223:118479367] INFO: LUA: A7LOG	944	12668100	1292051	Day 1, Hour 22 (3 Mirtul, 1369)	WORLD_QUICKLOOT	^0xff7769d5Minsc^-: ^0xffbed7d7Cambion was immune to my damage.^-
2026-09-04 14:22:47.632 BaldursGateIIEnhancedEdition[85223:118479367] INFO: LUA: A7LOG	945	12668880	1292939	Day 1, Hour 22 (3 Mirtul, 1369)	WORLD_QUICKLOOT	^0xffffb4b4You push the lever, and the room begins to hum. The magic barrier around the demon disappears. The fiend snarls and gnashes his teeth.^-
2026-09-04 14:22:48.145 BaldursGateIIEnhancedEdition[85223:118479367] INFO: LUA: A7LOG	946	12669360	1293452	Day 1, Hour 22 (3 Mirtul, 1369)	WORLD_QUICKLOOT	^0xff7769d5Cambion^-: ^0xffbed7d7Attacks Skeleton Warrior^-
2026-09-04 14:22:48.145 BaldursGateIIEnhancedEdition[85223:118479367] INFO: LUA: A7LOG	947	12669360	1293452	Day 1, Hour 22 (3 Mirtul, 1369)	WORLD_QUICKLOOT	^0xff018bffSkeleton Warrior^-: ^0xffbed7d7Attacks Cambion^-
2026-09-04 14:22:49.522 BaldursGateIIEnhancedEdition[85223:118479367] INFO: LUA: A7LOG	948	12670440	1294829	Day 1, Hour 22 (3 Mirtul, 1369)	WORLD_QUICKLOOT	^0xff0000ffPAUSED^-
2026-09-04 14:22:51.539 BaldursGateIIEnhancedEdition[85223:118479367] INFO: LUA: A7LOG	949	12670440	1296846	Day 1, Hour 22 (3 Mirtul, 1369)	WORLD_QUICKLOOT	^0xffd6bd9fJaheira^-: ^0xffbed7d7is Attacking Cambion^-
2026-09-04 14:22:52.770 BaldursGateIIEnhancedEdition[85223:118479367] INFO: LUA: A7LOG	950	12670440	1298077	Day 1, Hour 22 (3 Mirtul, 1369)	WORLD_QUICKLOOT	^0xffcb967dBooprikt^-: ^0xffd7c8a0Yes?^-
2026-09-04 14:22:54.290 BaldursGateIIEnhancedEdition[85223:118479367] INFO: LUA: A7LOG	951	12670440	1299597	Day 1, Hour 22 (3 Mirtul, 1369)	WORLD_QUICKLOOT	^0xffcb967dBooprikt^-: ^0xffbed7d7is Attacking Cambion^-
2026-09-04 14:22:54.290 BaldursGateIIEnhancedEdition[85223:118479367] INFO: LUA: A7LOG	952	12670440	1299597	Day 1, Hour 22 (3 Mirtul, 1369)	WORLD_QUICKLOOT	^0xffffb3f3Imoen^-: ^0xffbed7d7Stopped Detecting Traps / Illusions^-
2026-09-04 14:22:54.327 BaldursGateIIEnhancedEdition[85223:118479367] INFO: LUA: A7LOG	953	12670440	1299634	Day 1, Hour 22 (3 Mirtul, 1369)	WORLD_QUICKLOOT	^0xffcb967dBooprikt^-: ^0xffbed7d7Stopped Detecting Traps / Illusions^-
2026-09-04 14:22:55.084 BaldursGateIIEnhancedEdition[85223:118479367] INFO: LUA: A7LOG	954	12670500	1300391	Day 1, Hour 22 (3 Mirtul, 1369)	WORLD_QUICKLOOT	^0xff0000ffUNPAUSED^-
2026-09-04 14:22:55.119 BaldursGateIIEnhancedEdition[85223:118479367] INFO: LUA: A7LOG	955	12670500	1300426	Day 1, Hour 22 (3 Mirtul, 1369)	WORLD_QUICKLOOT	^0xffcb967dBooprikt^-: ^0xffbed7d7Attacks Cambion^-
2026-09-04 14:22:55.152 BaldursGateIIEnhancedEdition[85223:118479367] INFO: LUA: A7LOG	956	12670560	1300459	Day 1, Hour 22 (3 Mirtul, 1369)	WORLD_QUICKLOOT	^0xffd6bd9fJaheira^-: ^0xffbed7d7Attacks Cambion^-
2026-09-04 14:22:55.152 BaldursGateIIEnhancedEdition[85223:118479367] INFO: LUA: A7LOG	957	12670560	1300459	Day 1, Hour 22 (3 Mirtul, 1369)	WORLD_QUICKLOOT	^0xffffb3f3Imoen^-: ^0xffbed7d7Attacks Cambion^-
2026-09-04 14:22:55.361 BaldursGateIIEnhancedEdition[85223:118479367] INFO: LUA: A7LOG	958	12670740	1300668	Day 1, Hour 22 (3 Mirtul, 1369)	WORLD_QUICKLOOT	^0xffbed7d7Skeleton Warrior^-: ^0xffbed7d7Roll:14 +Luck:0 +SpecialAC:-2  +HitMod:0  +Attack of Opportunity:0  +Berserk:0  +Right:3 (+Weapon Bonus 0+Proficiency 3+STR 0+STREX 0+Melee bonus 0+Racial 0+Effects 0) +Invisible:0  +Invisible Target:0  +Range:0  +Hated Race:0  +Special Target:0  +Protections:0 ^-
2026-09-04 14:22:55.361 BaldursGateIIEnhancedEdition[85223:118479367] INFO: LUA: A7LOG	959	12670740	1300668	Day 1, Hour 22 (3 Mirtul, 1369)	WORLD_QUICKLOOT	^0xff018bffSkeleton Warrior^-: ^0xffbed7d7Attack Roll 14 + 1 = 15 : Miss^-
2026-09-04 14:22:55.501 BaldursGateIIEnhancedEdition[85223:118479367] INFO: LUA: A7LOG	960	12670860	1300808	Day 1, Hour 22 (3 Mirtul, 1369)	WORLD_QUICKLOOT	^0xffbed7d7Cambion^-: ^0xffbed7d7Roll:17 +Luck:0 +SpecialAC:0  +HitMod:0  +Attack of Opportunity:0  +Berserk:0  +Right:4 (+Weapon Bonus 1+Proficiency 0+STR 3+STREX 0+Melee bonus 0+Racial 0+Effects 0) +Invisible:0  +Invisible Target:0  +Range:0  +Hated Race:0  +Special Target:0  +Protections:0 ^-
2026-09-04 14:22:55.501 BaldursGateIIEnhancedEdition[85223:118479367] INFO: LUA: A7LOG	961	12670860	1300808	Day 1, Hour 22 (3 Mirtul, 1369)	WORLD_QUICKLOOT	^0xff7769d5Cambion^-: ^0xffbed7d7Attack Roll 17 + 4 = 21 : Hit^-
2026-09-04 14:22:55.501 BaldursGateIIEnhancedEdition[85223:118479367] INFO: LUA: A7LOG	962	12670860	1300808	Day 1, Hour 22 (3 Mirtul, 1369)	WORLD_QUICKLOOT	^0xffbed7d7Cambion^-: ^0xffbed7d7Roll:5  +DamageMod:0  +Hand bonus:0 (+Melee bonus 0+Effects 0) +Attack of Opportunity:0  *Backstab:0  +Berserk:0  +Strength:8  +Hated Race:0  +Special Bonus:0 ^-
2026-09-04 14:22:55.501 BaldursGateIIEnhancedEdition[85223:118479367] INFO: LUA: A7LOG	963	12670860	1300808	Day 1, Hour 22 (3 Mirtul, 1369)	WORLD_QUICKLOOT	^0xff018bffSkeleton Warrior^-: ^0xffbed7d7Takes 8 slashing damage from Cambion (5 damage resisted)^-
2026-09-04 14:22:55.533 BaldursGateIIEnhancedEdition[85223:118479367] INFO: LUA: A7LOG	964	12670860	1300840	Day 1, Hour 22 (3 Mirtul, 1369)	WORLD_QUICKLOOT	^0xffbed7d7Booprikt^-: ^0xffbed7d7Roll:3 +Luck:0 +SpecialAC:0  +HitMod:0  +Attack of Opportunity:0  +Berserk:0  +Right:2 (+Weapon Bonus 0+Launcher 0+Proficiency 0+Dex 2+Missile 0+Racial 0+Effects 0) +Invisible:0  +Invisible Target:0  +Range:0  +Hated Race:0  +Special Target:0  +Protections:0 ^-
2026-09-04 14:22:55.533 BaldursGateIIEnhancedEdition[85223:118479367] INFO: LUA: A7LOG	965	12670860	1300840	Day 1, Hour 22 (3 Mirtul, 1369)	WORLD_QUICKLOOT	^0xffcb967dBooprikt^-: ^0xffbed7d7Attack Roll 3 + 2 = 5 : Miss^-
2026-09-04 14:22:56.245 BaldursGateIIEnhancedEdition[85223:118479367] INFO: LUA: A7LOG	966	12671520	1301552	Day 1, Hour 22 (3 Mirtul, 1369)	WORLD_QUICKLOOT	^0xffbed7d7Imoen^-: ^0xffbed7d7Roll:8 +Luck:0 +SpecialAC:0  +HitMod:0  +Attack of Opportunity:0  +Berserk:0  +Right:3 (+Weapon Bonus 1+Launcher 0+Proficiency 0+Dex 2+Missile 0+Racial 0+Effects 0) +Invisible:0  +Invisible Target:0  +Range:0  +Hated Race:0  +Special Target:0  +Protections:0 ^-
2026-09-04 14:22:56.246 BaldursGateIIEnhancedEdition[85223:118479367] INFO: LUA: A7LOG	967	12671520	1301553	Day 1, Hour 22 (3 Mirtul, 1369)	WORLD_QUICKLOOT	^0xffffb3f3Imoen^-: ^0xffbed7d7Attack Roll 8 + 3 = 11 : Miss^-
2026-09-04 14:22:56.762 BaldursGateIIEnhancedEdition[85223:118479367] INFO: LUA: A7LOG	968	12671940	1302069	Day 1, Hour 22 (3 Mirtul, 1369)	WORLD_QUICKLOOT	^0xffc0a1aaMinsc^-: ^0xffbed7d7Attacks Cambion^-
2026-09-04 14:22:57.041 BaldursGateIIEnhancedEdition[85223:118479367] INFO: LUA: A7LOG	969	12672180	1302348	Day 1, Hour 22 (3 Mirtul, 1369)	WORLD_QUICKLOOT	^0xffd6bd9fJaheira^-: ^0xffd7c8a0Nature's servant awaits.^-
2026-09-04 14:22:57.489 BaldursGateIIEnhancedEdition[85223:118479367] INFO: LUA: A7LOG	970	12672600	1302796	Day 1, Hour 22 (3 Mirtul, 1369)	WORLD_QUICKLOOT	^0xffbed7d7Jaheira^-: ^0xffbed7d7Roll:8 +Luck:0 +SpecialAC:0  +HitMod:0  +Attack of Opportunity:0  +Berserk:0  +Right:2 (+Weapon Bonus 0+Launcher 0+Proficiency 0+Dex 2+Missile 0+Racial 0+Effects 0) +Invisible:0  +Invisible Target:0  +Range:0  +Hated Race:0  +Special Target:0  +Protections:0 ^-
2026-09-04 14:22:57.489 BaldursGateIIEnhancedEdition[85223:118479367] INFO: LUA: A7LOG	971	12672600	1302796	Day 1, Hour 22 (3 Mirtul, 1369)	WORLD_QUICKLOOT	^0xffd6bd9fJaheira^-: ^0xffbed7d7Attack Roll 8 + 2 = 10 : Miss^-
2026-09-04 14:22:57.662 BaldursGateIIEnhancedEdition[85223:118479367] INFO: LUA: A7LOG	972	12672660	1302969	Day 1, Hour 22 (3 Mirtul, 1369)	WORLD_QUICKLOOT	^0xff0000ffPAUSED^-
2026-09-04 14:23:02.103 BaldursGateIIEnhancedEdition[85223:118479367] INFO: LUA: A7LOG	973	12672660	1307410	Day 1, Hour 22 (3 Mirtul, 1369)	WORLD_QUICKLOOT	^0xffd6bd9fJaheira^-: ^0xffbed7d7is Attacking Cambion^-
2026-09-04 14:23:02.212 BaldursGateIIEnhancedEdition[85223:118479367] INFO: LUA: A7LOG	974	12672660	1307519	Day 1, Hour 22 (3 Mirtul, 1369)	WORLD_QUICKLOOT	^0xffc0a1aaMinsc^-: ^0xffd7c8a0Swords, not words!^-
2026-09-04 14:23:03.244 BaldursGateIIEnhancedEdition[85223:118479367] INFO: LUA: A7LOG	975	12672660	1308550	Day 1, Hour 22 (3 Mirtul, 1369)	WORLD_QUICKLOOT	^0xffc0a1aaMinsc^-: ^0xffbed7d7is Attacking Cambion^-
2026-09-04 14:23:03.623 BaldursGateIIEnhancedEdition[85223:118479367] INFO: LUA: A7LOG	976	12672720	1308930	Day 1, Hour 22 (3 Mirtul, 1369)	WORLD_QUICKLOOT	^0xff0000ffUNPAUSED^-
2026-09-04 14:23:03.657 BaldursGateIIEnhancedEdition[85223:118479367] INFO: LUA: A7LOG	977	12672720	1308964	Day 1, Hour 22 (3 Mirtul, 1369)	WORLD_QUICKLOOT	^0xffc0a1aaMinsc^-: ^0xffbed7d7Attacks Cambion^-
2026-09-04 14:23:03.691 BaldursGateIIEnhancedEdition[85223:118479367] INFO: LUA: A7LOG	978	12672780	1308998	Day 1, Hour 22 (3 Mirtul, 1369)	WORLD_QUICKLOOT	^0xffd6bd9fJaheira^-: ^0xffbed7d7Attacks Cambion^-
2026-09-04 14:23:04.247 BaldursGateIIEnhancedEdition[85223:118479367] INFO: LUA: A7LOG	979	12673260	1309554	Day 1, Hour 22 (3 Mirtul, 1369)	WORLD_QUICKLOOT	^0xffbed7d7Cambion^-: ^0xffbed7d7Roll:15 +Luck:0 +SpecialAC:0  +HitMod:0  +Attack of Opportunity:0  +Berserk:0  +Right:4 (+Weapon Bonus 1+Proficiency 0+STR 3+STREX 0+Melee bonus 0+Racial 0+Effects 0) +Invisible:0  +Invisible Target:0  +Range:0  +Hated Race:0  +Special Target:0  +Protections:0 ^-
2026-09-04 14:23:04.247 BaldursGateIIEnhancedEdition[85223:118479367] INFO: LUA: A7LOG	980	12673260	1309554	Day 1, Hour 22 (3 Mirtul, 1369)	WORLD_QUICKLOOT	^0xff7769d5Cambion^-: ^0xffbed7d7Attack Roll 15 + 4 = 19 : Hit^-
2026-09-04 14:23:04.247 BaldursGateIIEnhancedEdition[85223:118479367] INFO: LUA: A7LOG	981	12673260	1309554	Day 1, Hour 22 (3 Mirtul, 1369)	WORLD_QUICKLOOT	^0xffbed7d7Cambion^-: ^0xffbed7d7Roll:5  +DamageMod:0  +Hand bonus:0 (+Melee bonus 0+Effects 0) +Attack of Opportunity:0  *Backstab:0  +Berserk:0  +Strength:8  +Hated Race:0  +Special Bonus:0 ^-
2026-09-04 14:23:04.247 BaldursGateIIEnhancedEdition[85223:118479367] INFO: LUA: A7LOG	982	12673260	1309554	Day 1, Hour 22 (3 Mirtul, 1369)	WORLD_QUICKLOOT	^0xff018bffSkeleton Warrior^-: ^0xffbed7d7Takes 8 slashing damage from Cambion (5 damage resisted)^-
2026-09-04 14:23:04.994 BaldursGateIIEnhancedEdition[85223:118479367] INFO: LUA: A7LOG	983	12673920	1310300	Day 1, Hour 22 (3 Mirtul, 1369)	WORLD_QUICKLOOT	^0xffbed7d7Imoen^-: ^0xffbed7d7Roll:12 +Luck:0 +SpecialAC:0  +HitMod:0  +Attack of Opportunity:0  +Berserk:0  +Right:3 (+Weapon Bonus 1+Launcher 0+Proficiency 0+Dex 2+Missile 0+Racial 0+Effects 0) +Invisible:0  +Invisible Target:0  +Range:0  +Hated Race:0  +Special Target:0  +Protections:0 ^-
2026-09-04 14:23:04.994 BaldursGateIIEnhancedEdition[85223:118479367] INFO: LUA: A7LOG	984	12673920	1310301	Day 1, Hour 22 (3 Mirtul, 1369)	WORLD_QUICKLOOT	^0xffffb3f3Imoen^-: ^0xffbed7d7Attack Roll 12 + 3 = 15 : Miss^-
2026-09-04 14:23:06.523 BaldursGateIIEnhancedEdition[85223:118479367] INFO: LUA: A7LOG	985	12675240	1311829	Day 1, Hour 22 (3 Mirtul, 1369)	WORLD_QUICKLOOT	^0xffbed7d7Minsc^-: ^0xffbed7d7Roll:19 +Luck:0 +SpecialAC:-2  +HitMod:0  +Attack of Opportunity:0  +Berserk:0  +Right:3 (+Weapon Bonus 0+Proficiency 1+STR 1+STREX 1+Melee bonus 0+Racial 0+Effects 0) +Invisible:0  +Invisible Target:0  +Range:0  +Hated Race:0  +Special Target:0  +Protections:0 ^-
2026-09-04 14:23:06.523 BaldursGateIIEnhancedEdition[85223:118479367] INFO: LUA: A7LOG	986	12675240	1311830	Day 1, Hour 22 (3 Mirtul, 1369)	WORLD_QUICKLOOT	^0xffc0a1aaMinsc^-: ^0xffbed7d7Attack Roll 19 + 1 = 20 : Hit^-
2026-09-04 14:23:06.523 BaldursGateIIEnhancedEdition[85223:118479367] INFO: LUA: A7LOG	987	12675240	1311830	Day 1, Hour 22 (3 Mirtul, 1369)	WORLD_QUICKLOOT	^0xffbed7d7Minsc^-: ^0xffbed7d7Roll:5  +DamageMod:0  +Hand bonus:0 (+Proficiency 2+Melee bonus 0+Effects 0) +Attack of Opportunity:0  *Backstab:0  +Berserk:0  +Strength:5  +Hated Race:0  +Special Bonus:0 ^-
2026-09-04 14:23:06.523 BaldursGateIIEnhancedEdition[85223:118479367] INFO: LUA: A7LOG	988	12675240	1311830	Day 1, Hour 22 (3 Mirtul, 1369)	WORLD_QUICKLOOT	^0xff7769d5Cambion^-: ^0xffbed7d7Takes 12 slashing damage from Minsc^-
2026-09-04 14:23:07.374 BaldursGateIIEnhancedEdition[85223:118479367] INFO: LUA: A7LOG	989	12676020	1312681	Day 1, Hour 22 (3 Mirtul, 1369)	WORLD_QUICKLOOT	^0xff018bffSkeleton Warrior^-: ^0xffbed7d7Attacks Cambion^-
2026-09-04 14:23:08.295 BaldursGateIIEnhancedEdition[85223:118479367] INFO: LUA: A7LOG	990	12676800	1313602	Day 1, Hour 22 (3 Mirtul, 1369)	WORLD_QUICKLOOT	^0xffbed7d7Booprikt^-: ^0xffbed7d7Roll:4 +Luck:0 +SpecialAC:0  +HitMod:0  +Attack of Opportunity:0  +Berserk:0  +Right:2 (+Weapon Bonus 0+Launcher 0+Proficiency 0+Dex 2+Missile 0+Racial 0+Effects 0) +Invisible:0  +Invisible Target:0  +Range:0  +Hated Race:0  +Special Target:0  +Protections:0 ^-
2026-09-04 14:23:08.295 BaldursGateIIEnhancedEdition[85223:118479367] INFO: LUA: A7LOG	991	12676800	1313602	Day 1, Hour 22 (3 Mirtul, 1369)	WORLD_QUICKLOOT	^0xffcb967dBooprikt^-: ^0xffbed7d7Attack Roll 4 + 2 = 6 : Miss^-
2026-09-04 14:23:08.331 BaldursGateIIEnhancedEdition[85223:118479367] INFO: sAchieveID=NONE,m_sGlobalName=SPRITE_IS_DEADNone,m_nValue=1
2026-09-04 14:23:08.332 BaldursGateIIEnhancedEdition[85223:118479367] INFO: LUA: A7LOG	992	12676860	1313639	Day 1, Hour 22 (3 Mirtul, 1369)	WORLD_QUICKLOOT	^0xffbed7d7Cambion^-: ^0xffbed7d7Roll:20 +Luck:0 +SpecialAC:0  +HitMod:0  +Attack of Opportunity:0  +Berserk:0  +Right:4 (+Weapon Bonus 1+Proficiency 0+STR 3+STREX 0+Melee bonus 0+Racial 0+Effects 0) +Invisible:0  +Invisible Target:0  +Range:0  +Hated Race:0  +Special Target:0  +Protections:0 ^-
2026-09-04 14:23:08.332 BaldursGateIIEnhancedEdition[85223:118479367] INFO: LUA: A7LOG	993	12676860	1313639	Day 1, Hour 22 (3 Mirtul, 1369)	WORLD_QUICKLOOT	^0xff7769d5Cambion^-: ^0xffbed7d7Attack Roll 20 + 4 = 24 : Hit^-
2026-09-04 14:23:08.332 BaldursGateIIEnhancedEdition[85223:118479367] INFO: LUA: A7LOG	994	12676860	1313639	Day 1, Hour 22 (3 Mirtul, 1369)	WORLD_QUICKLOOT	^0xff7769d5Cambion^-: ^0xffbed7d7Critical Hit^-
2026-09-04 14:23:08.332 BaldursGateIIEnhancedEdition[85223:118479367] INFO: LUA: A7LOG	995	12676860	1313639	Day 1, Hour 22 (3 Mirtul, 1369)	WORLD_QUICKLOOT	^0xffbed7d7Cambion^-: ^0xffbed7d7Roll:5  +DamageMod:0  +Hand bonus:0 (+Melee bonus 0+Effects 0) +Attack of Opportunity:0  *Backstab:0  +Berserk:0  +Strength:8  +Hated Race:0  +Special Bonus:0 ^-
2026-09-04 14:23:08.332 BaldursGateIIEnhancedEdition[85223:118479367] INFO: LUA: A7LOG	996	12676860	1313639	Day 1, Hour 22 (3 Mirtul, 1369)	WORLD_QUICKLOOT	^0xff018bffSkeleton Warrior^-: ^0xffbed7d7Takes 16 slashing damage from Cambion (10 damage resisted)^-
2026-09-04 14:23:08.332 BaldursGateIIEnhancedEdition[85223:118479367] INFO: LUA: A7LOG	997	12676860	1313639	Day 1, Hour 22 (3 Mirtul, 1369)	WORLD_QUICKLOOT	^0xff018bffSkeleton Warrior^-: ^0xffbed7d7Death^-
2026-09-04 14:23:08.396 BaldursGateIIEnhancedEdition[85223:118479367] INFO: LUA: A7LOG	998	12676920	1313702	Day 1, Hour 22 (3 Mirtul, 1369)	WORLD_QUICKLOOT	^0xffbed7d7Imoen^-: ^0xffbed7d7Roll:10 +Luck:0 +SpecialAC:0  +HitMod:0  +Attack of Opportunity:0  +Berserk:0  +Right:3 (+Weapon Bonus 1+Launcher 0+Proficiency 0+Dex 2+Missile 0+Racial 0+Effects 0) +Invisible:0  +Invisible Target:0  +Range:0  +Hated Race:0  +Special Target:0  +Protections:0 ^-
2026-09-04 14:23:08.396 BaldursGateIIEnhancedEdition[85223:118479367] INFO: LUA: A7LOG	999	12676920	1313703	Day 1, Hour 22 (3 Mirtul, 1369)	WORLD_QUICKLOOT	^0xffffb3f3Imoen^-: ^0xffbed7d7Attack Roll 10 + 3 = 13 : Miss^-
2026-09-04 14:23:09.182 BaldursGateIIEnhancedEdition[85223:118479367] INFO: LUA: A7LOG	1000	12677580	1314489	Day 1, Hour 22 (3 Mirtul, 1369)	WORLD_QUICKLOOT	^0xffbed7d7Minsc^-: ^0xffbed7d7Roll:5 +Luck:0 +SpecialAC:-2  +HitMod:0  +Attack of Opportunity:0  +Berserk:0  +Right:3 (+Weapon Bonus 0+Proficiency 1+STR 1+STREX 1+Melee bonus 0+Racial 0+Effects 0) +Invisible:0  +Invisible Target:0  +Range:0  +Hated Race:0  +Special Target:0  +Protections:0 ^-
2026-09-04 14:23:09.182 BaldursGateIIEnhancedEdition[85223:118479367] INFO: LUA: A7LOG	1001	12677580	1314489	Day 1, Hour 22 (3 Mirtul, 1369)	WORLD_QUICKLOOT	^0xffc0a1aaMinsc^-: ^0xffbed7d7Attack Roll 5 + 1 = 6 : Miss^-
2026-09-04 14:23:11.059 BaldursGateIIEnhancedEdition[85223:118479367] INFO: LUA: A7LOG	1002	12679260	1316366	Day 1, Hour 22 (3 Mirtul, 1369)	WORLD_QUICKLOOT	^0xffbed7d7Cambion^-: ^0xffbed7d7Roll:9 +Luck:0 +SpecialAC:0  +HitMod:0  +Attack of Opportunity:0  +Berserk:0  +Right:4 (+Weapon Bonus 1+Proficiency 0+STR 3+STREX 0+Melee bonus 0+Racial 0+Effects 0) +Invisible:0  +Invisible Target:0  +Range:0  +Hated Race:0  +Special Target:0  +Protections:0 ^-
2026-09-04 14:23:11.059 BaldursGateIIEnhancedEdition[85223:118479367] INFO: LUA: A7LOG	1003	12679260	1316366	Day 1, Hour 22 (3 Mirtul, 1369)	WORLD_QUICKLOOT	^0xff7769d5Cambion^-: ^0xffbed7d7Attack Roll 9 + 4 = 13 : Hit^-
2026-09-04 14:23:11.059 BaldursGateIIEnhancedEdition[85223:118479367] INFO: LUA: A7LOG	1004	12679260	1316366	Day 1, Hour 22 (3 Mirtul, 1369)	WORLD_QUICKLOOT	^0xffbed7d7Cambion^-: ^0xffbed7d7Roll:6  +DamageMod:0  +Hand bonus:0 (+Melee bonus 0+Effects 0) +Attack of Opportunity:0  *Backstab:0  +Berserk:0  +Strength:8  +Hated Race:0  +Special Bonus:0 ^-
2026-09-04 14:23:11.059 BaldursGateIIEnhancedEdition[85223:118479367] INFO: LUA: A7LOG	1005	12679260	1316366	Day 1, Hour 22 (3 Mirtul, 1369)	WORLD_QUICKLOOT	^0xffc0a1aaMinsc^-: ^0xffbed7d7Takes 28 slashing damage from Cambion (14 damage bonus)^-
2026-09-04 14:23:11.125 BaldursGateIIEnhancedEdition[85223:118479367] INFO: LUA: A7LOG	1006	12679320	1316432	Day 1, Hour 22 (3 Mirtul, 1369)	WORLD_QUICKLOOT	^0xffbed7d7Imoen^-: ^0xffbed7d7Roll:5 +Luck:0 +SpecialAC:0  +HitMod:0  +Attack of Opportunity:0  +Berserk:0  +Right:3 (+Weapon Bonus 1+Launcher 0+Proficiency 0+Dex 2+Missile 0+Racial 0+Effects 0) +Invisible:0  +Invisible Target:0  +Range:0  +Hated Race:0  +Special Target:0  +Protections:0 ^-
2026-09-04 14:23:11.126 BaldursGateIIEnhancedEdition[85223:118479367] INFO: LUA: A7LOG	1007	12679320	1316432	Day 1, Hour 22 (3 Mirtul, 1369)	WORLD_QUICKLOOT	^0xffffb3f3Imoen^-: ^0xffbed7d7Attack Roll 5 + 3 = 8 : Miss^-
2026-09-04 14:23:12.054 BaldursGateIIEnhancedEdition[85223:118479367] INFO: LUA: A7LOG	1008	12680040	1317361	Day 1, Hour 22 (3 Mirtul, 1369)	WORLD_QUICKLOOT	^0xff0000ffPAUSED^-
2026-09-04 14:23:13.778 BaldursGateIIEnhancedEdition[85223:118479367] INFO: LUA: A7LOG	1009	12680040	1319085	Day 1, Hour 22 (3 Mirtul, 1369)	WORLD_QUICKLOOT	^0xffc0a1aaMinsc^-: ^0xffd7c8a0Jump on my sword while you can, evil. I won't be as gentle!^-
2026-09-04 14:23:18.389 BaldursGateIIEnhancedEdition[85223:118479367] INFO: LUA: A7LOG	1010	12680040	1323695	Day 1, Hour 22 (3 Mirtul, 1369)	WORLD_QUICKLOOT	^0xff0000ffUNPAUSED^-
2026-09-04 14:23:19.113 BaldursGateIIEnhancedEdition[85223:118479367] INFO: LUA: A7LOG	1011	12680580	1324420	Day 1, Hour 22 (3 Mirtul, 1369)	WORLD_QUICKLOOT	^0xff0000ffPAUSED^-
2026-09-04 14:23:20.113 BaldursGateIIEnhancedEdition[85223:118479367] INFO: LUA: A7LOG	1012	12680580	1325420	Day 1, Hour 22 (3 Mirtul, 1369)	WORLD_QUICKLOOT	^0xff0000ffUNPAUSED^-
2026-09-04 14:23:20.699 BaldursGateIIEnhancedEdition[85223:118479367] INFO: LUA: A7LOG	1013	12681120	1326005	Day 1, Hour 22 (3 Mirtul, 1369)	WORLD_QUICKLOOT	^0xffbed7d7Jaheira^-: ^0xffbed7d7Roll:8 +Luck:0 +SpecialAC:0  +HitMod:0  +Attack of Opportunity:0  +Berserk:0  +Right:2 (+Weapon Bonus 2+Proficiency 0+STR 0+STREX 0+Melee bonus 0+Racial 0+Effects 0) +Invisible:0  +Invisible Target:0  +Range:0  +Hated Race:0  +Special Target:0  +Protections:0 ^-
2026-09-04 14:23:20.699 BaldursGateIIEnhancedEdition[85223:118479367] INFO: LUA: A7LOG	1014	12681120	1326005	Day 1, Hour 22 (3 Mirtul, 1369)	WORLD_QUICKLOOT	^0xffd6bd9fJaheira^-: ^0xffbed7d7Attack Roll 8 + 2 = 10 : Miss^-
2026-09-04 14:23:20.950 BaldursGateIIEnhancedEdition[85223:118479367] INFO: LUA: A7LOG	1015	12681240	1326257	Day 1, Hour 22 (3 Mirtul, 1369)	WORLD_QUICKLOOT	^0xff0000ffPAUSED^-
2026-09-04 14:23:21.715 BaldursGateIIEnhancedEdition[85223:118479367] INFO: LUA: A7LOG	1016	12681240	1327022	Day 1, Hour 22 (3 Mirtul, 1369)	WORLD_QUICKLOOT	^0xff0000ffUNPAUSED^-
2026-09-04 14:23:22.401 BaldursGateIIEnhancedEdition[85223:118479367] INFO: LUA: A7LOG	1017	12681780	1327708	Day 1, Hour 22 (3 Mirtul, 1369)	WORLD_QUICKLOOT	^0xff0000ffPAUSED^-
2026-09-04 14:23:23.297 BaldursGateIIEnhancedEdition[85223:118479367] INFO: LUA: A7LOG	1018	12681780	1328604	Day 1, Hour 22 (3 Mirtul, 1369)	WORLD_QUICKLOOT	^0xff0000ffUNPAUSED^-
2026-09-04 14:23:24.191 BaldursGateIIEnhancedEdition[85223:118479367] INFO: LUA: A7LOG	1019	12682560	1329498	Day 1, Hour 22 (3 Mirtul, 1369)	WORLD_QUICKLOOT	^0xffbed7d7Booprikt^-: ^0xffbed7d7Roll:14 +Luck:0 +SpecialAC:0  +HitMod:0  +Attack of Opportunity:0  +Berserk:0  +Right:2 (+Weapon Bonus 0+Launcher 0+Proficiency 0+Dex 2+Missile 0+Racial 0+Effects 0) +Invisible:0  +Invisible Target:0  +Range:0  +Hated Race:0  +Special Target:0  +Protections:0 ^-
2026-09-04 14:23:24.191 BaldursGateIIEnhancedEdition[85223:118479367] INFO: LUA: A7LOG	1020	12682560	1329498	Day 1, Hour 22 (3 Mirtul, 1369)	WORLD_QUICKLOOT	^0xffcb967dBooprikt^-: ^0xffbed7d7Attack Roll 14 + 2 = 16 : Miss^-
2026-09-04 14:23:24.570 BaldursGateIIEnhancedEdition[85223:118479367] INFO: LUA: A7LOG	1021	12682920	1329877	Day 1, Hour 22 (3 Mirtul, 1369)	WORLD_QUICKLOOT	^0xffbed7d7Imoen^-: ^0xffbed7d7Roll:11 +Luck:0 +SpecialAC:0  +HitMod:0  +Attack of Opportunity:0  +Berserk:0  +Right:3 (+Weapon Bonus 1+Launcher 0+Proficiency 0+Dex 2+Missile 0+Racial 0+Effects 0) +Invisible:0  +Invisible Target:0  +Range:0  +Hated Race:0  +Special Target:0  +Protections:0 ^-
2026-09-04 14:23:24.571 BaldursGateIIEnhancedEdition[85223:118479367] INFO: LUA: A7LOG	1022	12682920	1329877	Day 1, Hour 22 (3 Mirtul, 1369)	WORLD_QUICKLOOT	^0xffffb3f3Imoen^-: ^0xffbed7d7Attack Roll 11 + 3 = 14 : Miss^-
2026-09-04 14:23:25.979 BaldursGateIIEnhancedEdition[85223:118479367] INFO: LUA: A7LOG	1023	12684120	1331286	Day 1, Hour 22 (3 Mirtul, 1369)	WORLD_QUICKLOOT	^0xffc0a1aaMinsc^-: ^0xffbed7d7Attacks Cambion^-
2026-09-04 14:23:26.013 BaldursGateIIEnhancedEdition[85223:118479367] INFO: LUA: A7LOG	1024	12684180	1331319	Day 1, Hour 22 (3 Mirtul, 1369)	WORLD_QUICKLOOT	^0xffbed7d7Cambion^-: ^0xffbed7d7Roll:3 +Luck:0 +SpecialAC:-2  +HitMod:0  +Attack of Opportunity:0  +Berserk:0  +Right:4 (+Weapon Bonus 1+Proficiency 0+STR 3+STREX 0+Melee bonus 0+Racial 0+Effects 0) +Invisible:0  +Invisible Target:0  +Range:0  +Hated Race:0  +Special Target:0  +Protections:0 ^-
2026-09-04 14:23:26.013 BaldursGateIIEnhancedEdition[85223:118479367] INFO: LUA: A7LOG	1025	12684180	1331320	Day 1, Hour 22 (3 Mirtul, 1369)	WORLD_QUICKLOOT	^0xff7769d5Cambion^-: ^0xffbed7d7Attack Roll 3 + 2 = 5 : Miss^-
2026-09-04 14:23:26.254 BaldursGateIIEnhancedEdition[85223:118479367] INFO: LUA: A7LOG	1026	12684300	1331560	Day 1, Hour 22 (3 Mirtul, 1369)	WORLD_QUICKLOOT	^0xff0000ffPAUSED^-
2026-09-04 14:23:28.932 BaldursGateIIEnhancedEdition[85223:118479367] INFO: LUA: A7LOG	1027	12684300	1334239	Day 1, Hour 22 (3 Mirtul, 1369)	WORLD_QUICKLOOT	^0xffc0a1aaMinsc^-: ^0xffbed7d7is Attacking Cambion^-
2026-09-04 14:23:29.861 BaldursGateIIEnhancedEdition[85223:118479367] INFO: LUA: A7LOG	1028	12684360	1335167	Day 1, Hour 22 (3 Mirtul, 1369)	WORLD_QUICKLOOT	^0xff0000ffUNPAUSED^-
2026-09-04 14:23:29.896 BaldursGateIIEnhancedEdition[85223:118479367] INFO: LUA: A7LOG	1029	12684360	1335202	Day 1, Hour 22 (3 Mirtul, 1369)	WORLD_QUICKLOOT	^0xffc0a1aaMinsc^-: ^0xffbed7d7Attacks Cambion^-
2026-09-04 14:23:30.406 BaldursGateIIEnhancedEdition[85223:118479367] INFO: LUA: A7LOG	1030	12684840	1335712	Day 1, Hour 22 (3 Mirtul, 1369)	WORLD_QUICKLOOT	^0xffbed7d7Jaheira^-: ^0xffbed7d7Roll:7 +Luck:0 +SpecialAC:0  +HitMod:0  +Attack of Opportunity:0  +Berserk:0  +Right:2 (+Weapon Bonus 2+Proficiency 0+STR 0+STREX 0+Melee bonus 0+Racial 0+Effects 0) +Invisible:0  +Invisible Target:0  +Range:0  +Hated Race:0  +Special Target:0  +Protections:0 ^-
2026-09-04 14:23:30.406 BaldursGateIIEnhancedEdition[85223:118479367] INFO: LUA: A7LOG	1031	12684840	1335713	Day 1, Hour 22 (3 Mirtul, 1369)	WORLD_QUICKLOOT	^0xffd6bd9fJaheira^-: ^0xffbed7d7Attack Roll 7 + 2 = 9 : Miss^-
2026-09-04 14:23:30.958 BaldursGateIIEnhancedEdition[85223:118479367] INFO: LUA: A7LOG	1032	12685320	1336264	Day 1, Hour 22 (3 Mirtul, 1369)	WORLD_QUICKLOOT	^0xffbed7d7Imoen^-: ^0xffbed7d7Roll:5 +Luck:0 +SpecialAC:0  +HitMod:0  +Attack of Opportunity:0  +Berserk:0  +Right:3 (+Weapon Bonus 1+Launcher 0+Proficiency 0+Dex 2+Missile 0+Racial 0+Effects 0) +Invisible:0  +Invisible Target:0  +Range:0  +Hated Race:0  +Special Target:0  +Protections:0 ^-
2026-09-04 14:23:30.958 BaldursGateIIEnhancedEdition[85223:118479367] INFO: LUA: A7LOG	1033	12685320	1336265	Day 1, Hour 22 (3 Mirtul, 1369)	WORLD_QUICKLOOT	^0xffffb3f3Imoen^-: ^0xffbed7d7Attack Roll 5 + 3 = 8 : Miss^-
2026-09-04 14:23:32.397 BaldursGateIIEnhancedEdition[85223:118479367] INFO: LUA: A7LOG	1034	12686580	1337703	Day 1, Hour 22 (3 Mirtul, 1369)	WORLD_QUICKLOOT	^0xffbed7d7Cambion^-: ^0xffbed7d7Roll:15 +Luck:0 +SpecialAC:-2  +HitMod:0  +Attack of Opportunity:0  +Berserk:0  +Right:4 (+Weapon Bonus 1+Proficiency 0+STR 3+STREX 0+Melee bonus 0+Racial 0+Effects 0) +Invisible:0  +Invisible Target:0  +Range:0  +Hated Race:0  +Special Target:0  +Protections:0 ^-
2026-09-04 14:23:32.397 BaldursGateIIEnhancedEdition[85223:118479367] INFO: LUA: A7LOG	1035	12686580	1337704	Day 1, Hour 22 (3 Mirtul, 1369)	WORLD_QUICKLOOT	^0xff7769d5Cambion^-: ^0xffbed7d7Attack Roll 15 + 2 = 17 : Hit^-
2026-09-04 14:23:32.397 BaldursGateIIEnhancedEdition[85223:118479367] INFO: LUA: A7LOG	1036	12686580	1337704	Day 1, Hour 22 (3 Mirtul, 1369)	WORLD_QUICKLOOT	^0xffbed7d7Cambion^-: ^0xffbed7d7Roll:3  +DamageMod:0  +Hand bonus:0 (+Melee bonus 0+Effects 0) +Attack of Opportunity:0  *Backstab:0  +Berserk:0  +Strength:8  +Hated Race:0  +Special Bonus:0 ^-
2026-09-04 14:23:32.397 BaldursGateIIEnhancedEdition[85223:118479367] INFO: LUA: A7LOG	1037	12686580	1337704	Day 1, Hour 22 (3 Mirtul, 1369)	WORLD_QUICKLOOT	^0xffd6bd9fJaheira^-: ^0xffbed7d7Takes 22 slashing damage from Cambion (11 damage bonus)^-
2026-09-04 14:23:33.445 BaldursGateIIEnhancedEdition[85223:118479367] INFO: LUA: A7LOG	1038	12687480	1338752	Day 1, Hour 22 (3 Mirtul, 1369)	WORLD_QUICKLOOT	^0xffbed7d7Minsc^-: ^0xffbed7d7Roll:10 +Luck:0 +SpecialAC:-2  +HitMod:0  +Attack of Opportunity:0  +Berserk:0  +Right:3 (+Weapon Bonus 0+Proficiency 1+STR 1+STREX 1+Melee bonus 0+Racial 0+Effects 0) +Invisible:0  +Invisible Target:0  +Range:0  +Hated Race:0  +Special Target:0  +Protections:0 ^-
2026-09-04 14:23:33.445 BaldursGateIIEnhancedEdition[85223:118479367] INFO: LUA: A7LOG	1039	12687480	1338752	Day 1, Hour 22 (3 Mirtul, 1369)	WORLD_QUICKLOOT	^0xffc0a1aaMinsc^-: ^0xffbed7d7Attack Roll 10 + 1 = 11 : Miss^-
2026-09-04 14:23:33.651 BaldursGateIIEnhancedEdition[85223:118479367] INFO: LUA: A7LOG	1040	12687600	1338957	Day 1, Hour 22 (3 Mirtul, 1369)	WORLD_QUICKLOOT	^0xff0000ffPAUSED^-
2026-09-04 14:23:34.614 BaldursGateIIEnhancedEdition[85223:118479367] INFO: LUA: A7LOG	1041	12687600	1339920	Day 1, Hour 22 (3 Mirtul, 1369)	WORLD_QUICKLOOT	^0xffd6bd9fJaheira^-: ^0xffd7c8a0I await your need.^-
2026-09-04 14:23:37.799 BaldursGateIIEnhancedEdition[85223:118479367] INFO: LUA: A7LOG	1042	12687600	1343105	Day 1, Hour 22 (3 Mirtul, 1369)	WORLD_QUICKLOOT	^0xffd6bd9fJaheira^-: ^0xffbed7d7is Casting Barkskin : Minsc^-
2026-09-04 14:23:38.692 BaldursGateIIEnhancedEdition[85223:118479367] INFO: LUA: A7LOG	1043	12687600	1343998	Day 1, Hour 22 (3 Mirtul, 1369)	WORLD_QUICKLOOT	^0xffcb967dBooprikt^-: ^0xffd7c8a0Hmm?^-
2026-09-04 14:23:42.989 BaldursGateIIEnhancedEdition[85223:118479367] INFO: LUA: A7LOG	1044	12687600	1348296	Day 1, Hour 22 (3 Mirtul, 1369)	WORLD_QUICKLOOT	^0xffffb3f3Imoen^-: ^0xffd7c8a0Whatchu want?^-
2026-09-04 14:23:46.400 BaldursGateIIEnhancedEdition[85223:118479367] INFO: LUA: A7LOG	1045	12687600	1351706	Day 1, Hour 22 (3 Mirtul, 1369)	WORLD_QUICKLOOT	^0xffffb3f3Imoen^-: ^0xffbed7d7is Casting Chromatic Orb : Cambion^-
2026-09-04 14:23:47.086 BaldursGateIIEnhancedEdition[85223:118479367] INFO: LUA: A7LOG	1046	12687600	1352393	Day 1, Hour 22 (3 Mirtul, 1369)	WORLD_QUICKLOOT	^0xff0000ffUNPAUSED^-
2026-09-04 14:23:47.777 BaldursGateIIEnhancedEdition[85223:118479367] INFO: LUA: A7LOG	1047	12688140	1353084	Day 1, Hour 22 (3 Mirtul, 1369)	WORLD_QUICKLOOT	^0xff0000ffPAUSED^-
2026-09-04 14:23:47.797 BaldursGateIIEnhancedEdition[85223:118479367] INFO: LUA: A7LOG	1048	12688140	1353103	Day 1, Hour 22 (3 Mirtul, 1369)	WORLD_QUICKLOOT	^0xffffb3f3Imoen^-: ^0xffbed7d7Casts Chromatic Orb : Cambion^-
2026-09-04 14:23:47.797 BaldursGateIIEnhancedEdition[85223:118479367] INFO: LUA: A7LOG	1049	12688140	1353103	Day 1, Hour 22 (3 Mirtul, 1369)	WORLD_QUICKLOOT	^0xffffb3f3Imoen^-: ^0xffbed7d7Auto-Paused: Spell Cast^-
2026-09-04 14:23:48.683 BaldursGateIIEnhancedEdition[85223:118479367] INFO: LUA: A7LOG	1050	12688200	1353989	Day 1, Hour 22 (3 Mirtul, 1369)	WORLD_QUICKLOOT	^0xff0000ffUNPAUSED^-
2026-09-04 14:23:49.266 BaldursGateIIEnhancedEdition[85223:118479367] INFO: LUA: A7LOG	1051	12688680	1354572	Day 1, Hour 22 (3 Mirtul, 1369)	WORLD_QUICKLOOT	^0xffffb3f3Imoen^-: ^0xffbed7d7Detecting Traps / Illusions^-
2026-09-04 14:23:49.477 BaldursGateIIEnhancedEdition[85223:118479367] INFO: LUA: A7LOG	1052	12688860	1354784	Day 1, Hour 22 (3 Mirtul, 1369)	WORLD_QUICKLOOT	^0xff7769d5Cambion^-: ^0xff00d7ffTakes 2 magic damage from Imoen^-
2026-09-04 14:23:49.477 BaldursGateIIEnhancedEdition[85223:118479367] INFO: LUA: A7LOG	1053	12688860	1354784	Day 1, Hour 22 (3 Mirtul, 1369)	WORLD_QUICKLOOT	^0xffbed7d7Cambion^-: ^0xffbed7d7Save vs. Spell : 21^-
2026-09-04 14:23:49.985 BaldursGateIIEnhancedEdition[85223:118479367] INFO: LUA: A7LOG	1054	12689220	1355292	Day 1, Hour 22 (3 Mirtul, 1369)	WORLD_QUICKLOOT	^0xff0000ffPAUSED^-
2026-09-04 14:23:50.086 BaldursGateIIEnhancedEdition[85223:118479367] INFO: LUA: A7LOG	1055	12689220	1355393	Day 1, Hour 22 (3 Mirtul, 1369)	WORLD_QUICKLOOT	^0xff0000ffUNPAUSED^-
2026-09-04 14:23:50.564 BaldursGateIIEnhancedEdition[85223:118479367] INFO: LUA: A7LOG	1056	12689640	1355870	Day 1, Hour 22 (3 Mirtul, 1369)	WORLD_QUICKLOOT	^0xffbed7d7Minsc^-: ^0xffbed7d7Roll:18 +Luck:0 +SpecialAC:-2  +HitMod:0  +Attack of Opportunity:0  +Berserk:0  +Right:3 (+Weapon Bonus 0+Proficiency 1+STR 1+STREX 1+Melee bonus 0+Racial 0+Effects 0) +Invisible:0  +Invisible Target:0  +Range:0  +Hated Race:0  +Special Target:0  +Protections:0 ^-
2026-09-04 14:23:50.564 BaldursGateIIEnhancedEdition[85223:118479367] INFO: LUA: A7LOG	1057	12689640	1355870	Day 1, Hour 22 (3 Mirtul, 1369)	WORLD_QUICKLOOT	^0xffc0a1aaMinsc^-: ^0xffbed7d7Attack Roll 18 + 1 = 19 : Hit^-
2026-09-04 14:23:50.564 BaldursGateIIEnhancedEdition[85223:118479367] INFO: LUA: A7LOG	1058	12689640	1355870	Day 1, Hour 22 (3 Mirtul, 1369)	WORLD_QUICKLOOT	^0xffbed7d7Minsc^-: ^0xffbed7d7Roll:3  +DamageMod:0  +Hand bonus:0 (+Proficiency 2+Melee bonus 0+Effects 0) +Attack of Opportunity:0  *Backstab:0  +Berserk:0  +Strength:5  +Hated Race:0  +Special Bonus:0 ^-
2026-09-04 14:23:50.564 BaldursGateIIEnhancedEdition[85223:118479367] INFO: LUA: A7LOG	1059	12689640	1355870	Day 1, Hour 22 (3 Mirtul, 1369)	WORLD_QUICKLOOT	^0xff7769d5Cambion^-: ^0xffbed7d7Takes 10 slashing damage from Minsc^-
2026-09-04 14:23:51.722 BaldursGateIIEnhancedEdition[85223:118479367] INFO: LUA: A7LOG	1060	12690600	1357028	Day 1, Hour 23 (3 Mirtul, 1369)	WORLD_QUICKLOOT	^0xff0000ffPAUSED^-
2026-09-04 14:24:14.915 BaldursGateIIEnhancedEdition[85223:118479367] INFO: LUA: A7LOG	1061	12690600	1380222	Day 1, Hour 23 (3 Mirtul, 1369)	WORLD_QUICKLOOT	^0xff0000ffUNPAUSED^-
2026-09-04 14:24:14.985 BaldursGateIIEnhancedEdition[85223:118479367] INFO: LUA: A7LOG	1062	12690600	1380291	Day 1, Hour 23 (3 Mirtul, 1369)	WORLD_QUICKLOOT	^0xff0000ffPAUSED^-
2026-09-04 14:24:15.023 BaldursGateIIEnhancedEdition[85223:118479367] INFO: LUA: A7LOG	1063	12690600	1380329	Day 1, Hour 23 (3 Mirtul, 1369)	WORLD_QUICKLOOT	^0xffd6bd9fJaheira^-: ^0xffbed7d7Casts Barkskin : Minsc^-
2026-09-04 14:24:15.023 BaldursGateIIEnhancedEdition[85223:118479367] INFO: LUA: A7LOG	1064	12690600	1380329	Day 1, Hour 23 (3 Mirtul, 1369)	WORLD_QUICKLOOT	^0xffd6bd9fJaheira^-: ^0xffbed7d7Auto-Paused: Spell Cast^-
2026-09-04 14:24:15.023 BaldursGateIIEnhancedEdition[85223:118479367] INFO: LUA: A7LOG	1065	12690600	1380329	Day 1, Hour 23 (3 Mirtul, 1369)	WORLD_QUICKLOOT	^0xffc0a1aaMinsc^-: ^0xffbed7d7Bark Skin^-
2026-09-04 14:24:16.220 BaldursGateIIEnhancedEdition[85223:118479367] INFO: LUA: A7LOG	1066	12690600	1381526	Day 1, Hour 23 (3 Mirtul, 1369)	WORLD_QUICKLOOT	^0xff0000ffUNPAUSED^-
2026-09-04 14:24:16.258 BaldursGateIIEnhancedEdition[85223:118479367] INFO: sAchieveID=NONE,m_sGlobalName=SPRITE_IS_DEADjaheira,m_nValue=1
2026-09-04 14:24:16.258 BaldursGateIIEnhancedEdition[85223:118479367] INFO: sAchieveID=NONE,m_sGlobalName=SPRITE_IS_DEADPLAYER3,m_nValue=1
2026-09-04 14:24:16.266 BaldursGateIIEnhancedEdition[85223:118479367] INFO: LUA: A7LOG	1067	12690600	1381572	Day 1, Hour 23 (3 Mirtul, 1369)	WORLD_QUICKLOOT	^0xffbed7d7Cambion^-: ^0xffbed7d7Roll:17 +Luck:0 +SpecialAC:-2  +HitMod:0  +Attack of Opportunity:0  +Berserk:0  +Right:4 (+Weapon Bonus 1+Proficiency 0+STR 3+STREX 0+Melee bonus 0+Racial 0+Effects 0) +Invisible:0  +Invisible Target:0  +Range:0  +Hated Race:0  +Special Target:0  +Protections:0 ^-
2026-09-04 14:24:16.266 BaldursGateIIEnhancedEdition[85223:118479367] INFO: LUA: A7LOG	1068	12690600	1381573	Day 1, Hour 23 (3 Mirtul, 1369)	WORLD_QUICKLOOT	^0xff7769d5Cambion^-: ^0xffbed7d7Attack Roll 17 + 2 = 19 : Hit^-
2026-09-04 14:24:16.266 BaldursGateIIEnhancedEdition[85223:118479367] INFO: LUA: A7LOG	1069	12690600	1381573	Day 1, Hour 23 (3 Mirtul, 1369)	WORLD_QUICKLOOT	^0xffbed7d7Cambion^-: ^0xffbed7d7Roll:9  +DamageMod:0  +Hand bonus:0 (+Melee bonus 0+Effects 0) +Attack of Opportunity:0  *Backstab:0  +Berserk:0  +Strength:8  +Hated Race:0  +Special Bonus:0 ^-
2026-09-04 14:24:16.266 BaldursGateIIEnhancedEdition[85223:118479367] INFO: LUA: A7LOG	1070	12690600	1381573	Day 1, Hour 23 (3 Mirtul, 1369)	WORLD_QUICKLOOT	^0xffd6bd9fJaheira^-: ^0xffbed7d7Takes 34 slashing damage from Cambion (17 damage bonus)^-
2026-09-04 14:24:16.267 BaldursGateIIEnhancedEdition[85223:118479367] INFO: LUA: A7LOG	1071	12690600	1381573	Day 1, Hour 23 (3 Mirtul, 1369)	WORLD_QUICKLOOT	^0xffd6bd9fJaheira^-: ^0xffbed7d7Death^-
2026-09-04 14:24:16.267 BaldursGateIIEnhancedEdition[85223:118479367] INFO: LUA: A7LOG	1072	12690600	1381573	Day 1, Hour 23 (3 Mirtul, 1369)	WORLD_QUICKLOOT	^0xff0000ffPAUSED^-
2026-09-04 14:24:16.287 BaldursGateIIEnhancedEdition[85223:118479367] INFO: LUA: A7LOG	1073	12690600	1381593	Day 1, Hour 23 (3 Mirtul, 1369)	WORLD_QUICKLOOT	^0xffd6bd9fJaheira^-: ^0xffbed7d7Auto-Paused: Dead^-
2026-09-04 14:24:19.563 BaldursGateIIEnhancedEdition[85223:118479367] INFO: LUA: A7LOG	1074	12690600	1384870	Day 1, Hour 23 (3 Mirtul, 1369)	WORLD_QUICKLOOT	^0xffc0a1aaMinsc^-: ^0xffd7c8a0Minsc and Boo stand ready.^-
2026-09-04 14:24:25.964 BaldursGateIIEnhancedEdition[85223:118479367] INFO: LUA: A7LOG	1075	12690660	1391270	Day 1, Hour 23 (3 Mirtul, 1369)	WORLD_QUICKLOOT	^0xff0000ffUNPAUSED^-
2026-09-04 14:24:27.170 BaldursGateIIEnhancedEdition[85223:118479367] INFO: LUA: A7LOG	1076	12691620	1392476	Day 1, Hour 23 (3 Mirtul, 1369)	WORLD_QUICKLOOT	^0xff0000ffPAUSED^-
2026-09-04 14:24:46.602 BaldursGateIIEnhancedEdition[85223:118479367] INFO: scanning:(0) $HOME/Library/Application Support/Steam/steamapps/common/Baldur's Gate II Enhanced Edition/override
2026-09-04 14:24:46.633 BaldursGateIIEnhancedEdition[85223:118479367] INFO: scanning:(1) $HOME/Library/Application Support/Steam/steamapps/common/Baldur's Gate II Enhanced Edition/scripts
2026-09-04 14:24:46.634 BaldursGateIIEnhancedEdition[85223:118479367] INFO: scanning:(2) $HOME/Library/Application Support/Steam/steamapps/common/Baldur's Gate II Enhanced Edition/sounds
2026-09-04 14:24:46.634 BaldursGateIIEnhancedEdition[85223:118479367] INFO: scanning:(3) $HOME/Library/Application Support/Steam/steamapps/common/Baldur's Gate II Enhanced Edition/lang/en_US/sounds
2026-09-04 14:24:46.639 BaldursGateIIEnhancedEdition[85223:118479367] INFO: scanning:(4) $HOME/Library/Application Support/Steam/steamapps/common/Baldur's Gate II Enhanced Edition/portraits
2026-09-04 14:24:46.639 BaldursGateIIEnhancedEdition[85223:118479367] INFO: scanning:(5) $HOME/Library/Application Support/Steam/steamapps/common/Baldur's Gate II Enhanced Edition/characters
2026-09-04 14:24:46.639 BaldursGateIIEnhancedEdition[85223:118479367] INFO: scanning:(6) $HOME/Library/Application Support/Steam/steamapps/common/Baldur's Gate II Enhanced Edition/movies
2026-09-04 14:24:46.639 BaldursGateIIEnhancedEdition[85223:118479367] INFO: scanning:(7) $HOME/Library/Application Support/Steam/steamapps/common/Baldur's Gate II Enhanced Edition/lang/en_US/movies
2026-09-04 14:24:46.639 BaldursGateIIEnhancedEdition[85223:118479367] INFO: scanning:(8) $HOME/Documents/Baldur's Gate II - Enhanced Edition/override
2026-09-04 14:24:46.639 BaldursGateIIEnhancedEdition[85223:118479367] INFO: scanning:(9) $HOME/Documents/Baldur's Gate II - Enhanced Edition/scripts
2026-09-04 14:24:46.639 BaldursGateIIEnhancedEdition[85223:118479367] INFO: scanning:(10) $HOME/Documents/Baldur's Gate II - Enhanced Edition/sounds
2026-09-04 14:24:46.639 BaldursGateIIEnhancedEdition[85223:118479367] INFO: scanning:(11) $HOME/Documents/Baldur's Gate II - Enhanced Edition/portraits
2026-09-04 14:24:46.640 BaldursGateIIEnhancedEdition[85223:118479367] INFO: scanning:(12) $HOME/Documents/Baldur's Gate II - Enhanced Edition/characters
2026-09-04 14:24:46.640 BaldursGateIIEnhancedEdition[85223:118479367] INFO: scanning:(13) $HOME/Documents/Baldur's Gate II - Enhanced Edition/movies
2026-09-04 14:24:49.016 BaldursGateIIEnhancedEdition[85223:118479367] INFO: LUA: Initializing Quests
2026-09-04 14:24:49.093 BaldursGateIIEnhancedEdition[85223:118479367] INFO: LUA: Initializing Quests
2026-09-04 14:24:49.111 BaldursGateIIEnhancedEdition[85223:118479367] INFO: sAchieveID=NONE,m_sGlobalName=GameDifficulty,m_nValue=6
2026-09-04 14:24:49.111 BaldursGateIIEnhancedEdition[85223:118479367] INFO: sAchieveID=NONE,m_sGlobalName=GameDifficulty,m_nValue=6
2026-09-04 14:24:49.111 BaldursGateIIEnhancedEdition[85223:118479367] INFO: sAchieveID=NONE,m_sGlobalName=GameDifficulty,m_nValue=6
2026-09-04 14:24:52.430 BaldursGateIIEnhancedEdition[85223:118479367] INFO: LUA: A7LOG	1077	12661260	1417735	Day 1, Hour 22 (3 Mirtul, 1369)	WORLD_QUICKLOOT	^0xff0000ffPAUSED^-
2026-09-04 14:25:31.769 BaldursGateIIEnhancedEdition[85223:118479367] INFO: LUA: A7LOG	1078	12661260	1457074	Day 1, Hour 22 (3 Mirtul, 1369)	WORLD_QUICKLOOT	^0xffd6bd9fJaheira^-: ^0xffd7c8a0Nature's servant awaits.^-
2026-09-04 14:25:33.602 BaldursGateIIEnhancedEdition[85223:118479367] INFO: LUA: A7LOG	1079	12661260	1458908	Day 1, Hour 22 (3 Mirtul, 1369)	WORLD_QUICKLOOT	^0xffd6bd9fJaheira^-: ^0xffd7c8a0I await your need.^-
2026-09-04 14:25:34.787 BaldursGateIIEnhancedEdition[85223:118479367] INFO: LUA: A7LOG	1080	12661260	1460092	Day 1, Hour 22 (3 Mirtul, 1369)	WORLD_QUICKLOOT	^0xffd6bd9fJaheira^-: ^0xffd7c8a0It is done.^-
2026-09-04 14:25:35.478 BaldursGateIIEnhancedEdition[85223:118479367] INFO: LUA: A7LOG	1081	12661320	1460784	Day 1, Hour 22 (3 Mirtul, 1369)	WORLD_QUICKLOOT	^0xff0000ffUNPAUSED^-
2026-09-04 14:25:36.299 BaldursGateIIEnhancedEdition[85223:118479367] INFO: LUA: A7LOG	1082	12661920	1461605	Day 1, Hour 22 (3 Mirtul, 1369)	WORLD_QUICKLOOT	^0xff0000ffPAUSED^-
2026-09-04 14:25:40.393 BaldursGateIIEnhancedEdition[85223:118479367] INFO: LUA: A7LOG	1083	12661920	1465698	Day 1, Hour 22 (3 Mirtul, 1369)	WORLD_QUICKLOOT	^0xff0000ffUNPAUSED^-
2026-09-04 14:25:41.175 BaldursGateIIEnhancedEdition[85223:118479367] INFO: LUA: A7LOG	1084	12662520	1466480	Day 1, Hour 22 (3 Mirtul, 1369)	WORLD_QUICKLOOT	^0xff0000ffPAUSED^-
2026-09-04 14:25:43.159 BaldursGateIIEnhancedEdition[85223:118479367] INFO: LUA: A7LOG	1085	12662520	1468464	Day 1, Hour 22 (3 Mirtul, 1369)	WORLD_QUICKLOOT	^0xffc0a1aaMinsc^-: ^0xffd7c8a0You point, I punch.^-
2026-09-04 14:25:43.888 BaldursGateIIEnhancedEdition[85223:118479367] INFO: LUA: A7LOG	1086	12662520	1469193	Day 1, Hour 22 (3 Mirtul, 1369)	WORLD_QUICKLOOT	^0xffc0a1aaMinsc^-: ^0xffd7c8a0Where Minsc goes, evil stands aside.^-
2026-09-04 14:25:49.432 BaldursGateIIEnhancedEdition[85223:118479367] INFO: LUA: A7LOG	1087	12662520	1474737	Day 1, Hour 22 (3 Mirtul, 1369)	WORLD_QUICKLOOT	^0xff0000ffUNPAUSED^-
2026-09-04 14:25:50.317 BaldursGateIIEnhancedEdition[85223:118479367] INFO: LUA: A7LOG	1088	12663240	1475622	Day 1, Hour 22 (3 Mirtul, 1369)	WORLD_QUICKLOOT	^0xff0000ffPAUSED^-
2026-09-04 14:25:51.153 BaldursGateIIEnhancedEdition[85223:118479367] INFO: LUA: A7LOG	1089	12663240	1476458	Day 1, Hour 22 (3 Mirtul, 1369)	WORLD_QUICKLOOT	^0xff0000ffUNPAUSED^-
2026-09-04 14:25:51.500 BaldursGateIIEnhancedEdition[85223:118479367] INFO: LUA: A7LOG	1090	12663480	1476805	Day 1, Hour 22 (3 Mirtul, 1369)	WORLD_QUICKLOOT	^0xff0000ffPAUSED^-
2026-09-04 14:25:51.535 BaldursGateIIEnhancedEdition[85223:118479367] INFO: LUA: A7LOG	1091	12663480	1476840	Day 1, Hour 22 (3 Mirtul, 1369)	WORLD_QUICKLOOT	^0xffc0a1aaMinsc^-: ^0xffbed7d7Auto-Paused: Enemy Sighted^-
2026-09-04 14:25:51.739 BaldursGateIIEnhancedEdition[85223:118479367] INFO: LUA: A7LOG	1092	12663540	1477044	Day 1, Hour 22 (3 Mirtul, 1369)	WORLD_QUICKLOOT	^0xff0000ffUNPAUSED^-
2026-09-04 14:25:52.223 BaldursGateIIEnhancedEdition[85223:118479367] INFO: LUA: A7LOG	1093	12663840	1477528	Day 1, Hour 22 (3 Mirtul, 1369)	WORLD_QUICKLOOT	^0xff0000ffPAUSED^-
2026-09-04 14:25:53.472 BaldursGateIIEnhancedEdition[85223:118479367] INFO: LUA: A7LOG	1094	12663840	1478777	Day 1, Hour 22 (3 Mirtul, 1369)	WORLD_QUICKLOOT	^0xffc0a1aaMinsc^-: ^0xffd7c8a0Swords, not words!^-
2026-09-04 14:25:53.824 BaldursGateIIEnhancedEdition[85223:118479367] INFO: LUA: A7LOG	1095	12663840	1479130	Day 1, Hour 22 (3 Mirtul, 1369)	WORLD_QUICKLOOT	^0xffc0a1aaMinsc^-: ^0xffd7c8a0Jump on my sword while you can, evil. I won't be as gentle!^-
2026-09-04 14:25:58.015 BaldursGateIIEnhancedEdition[85223:118479367] INFO: LUA: A7LOG	1096	12663840	1483320	Day 1, Hour 22 (3 Mirtul, 1369)	WORLD_QUICKLOOT	^0xffd6bd9fJaheira^-: ^0xffd7c8a0Yes?^-
2026-09-04 14:26:01.805 BaldursGateIIEnhancedEdition[85223:118479367] INFO: LUA: A7LOG	1097	12663900	1487110	Day 1, Hour 22 (3 Mirtul, 1369)	WORLD_QUICKLOOT	^0xff0000ffUNPAUSED^-
2026-09-04 14:26:04.061 BaldursGateIIEnhancedEdition[85223:118479367] INFO: LUA: A7LOG	1098	12665880	1489366	Day 1, Hour 22 (3 Mirtul, 1369)	WORLD_QUICKLOOT	^0xffc0a1aaMinsc^-: ^0xffbed7d7Attacks Cambion^-
2026-09-04 14:26:04.267 BaldursGateIIEnhancedEdition[85223:118479367] INFO: LUA: A7LOG	1099	12665940	1489572	Day 1, Hour 22 (3 Mirtul, 1369)	WORLD_QUICKLOOT	^0xff0000ffPAUSED^-
2026-09-04 14:26:08.760 BaldursGateIIEnhancedEdition[85223:118479367] INFO: LUA: A7LOG	1100	12665940	1494065	Day 1, Hour 22 (3 Mirtul, 1369)	WORLD_QUICKLOOT	^0xffd6bd9fJaheira^-: ^0xffbed7d7is Casting Barkskin : Minsc^-
2026-09-04 14:26:10.101 BaldursGateIIEnhancedEdition[85223:118479367] INFO: LUA: A7LOG	1101	12665940	1495406	Day 1, Hour 22 (3 Mirtul, 1369)	WORLD_QUICKLOOT	^0xff0000ffUNPAUSED^-
2026-09-04 14:26:10.683 BaldursGateIIEnhancedEdition[85223:118479367] INFO: LUA: A7LOG	1102	12666360	1495988	Day 1, Hour 22 (3 Mirtul, 1369)	WORLD_QUICKLOOT	^0xff0000ffPAUSED^-
2026-09-04 14:26:11.309 BaldursGateIIEnhancedEdition[85223:118479367] INFO: LUA: A7LOG	1103	12666360	1496614	Day 1, Hour 22 (3 Mirtul, 1369)	WORLD_QUICKLOOT	^0xffcb967dBooprikt^-: ^0xffd7c8a0Hmm?^-
2026-09-04 14:26:12.184 BaldursGateIIEnhancedEdition[85223:118479367] INFO: LUA: A7LOG	1104	12666360	1497488	Day 1, Hour 22 (3 Mirtul, 1369)	WORLD_QUICKLOOT	^0xffcb967dBooprikt^-: ^0xffd7c8a0Nothing to it.^-
2026-09-04 14:26:12.773 BaldursGateIIEnhancedEdition[85223:118479367] INFO: LUA: A7LOG	1105	12666420	1498078	Day 1, Hour 22 (3 Mirtul, 1369)	WORLD_QUICKLOOT	^0xff0000ffUNPAUSED^-
2026-09-04 14:26:13.290 BaldursGateIIEnhancedEdition[85223:118479367] INFO: LUA: A7LOG	1106	12666840	1498595	Day 1, Hour 22 (3 Mirtul, 1369)	WORLD_QUICKLOOT	^0xff018bffSkeleton Warrior^-: ^0xffbed7d7Attacks Cambion^-
2026-09-04 14:26:17.167 BaldursGateIIEnhancedEdition[85223:118479367] INFO: LUA: A7LOG	1107	12670140	1502471	Day 1, Hour 22 (3 Mirtul, 1369)	WORLD_QUICKLOOT	^0xff0000ffPAUSED^-
2026-09-04 14:26:18.181 BaldursGateIIEnhancedEdition[85223:118479367] INFO: LUA: A7LOG	1108	12670140	1503486	Day 1, Hour 22 (3 Mirtul, 1369)	WORLD_QUICKLOOT	^0xff0000ffUNPAUSED^-
2026-09-04 14:26:20.346 BaldursGateIIEnhancedEdition[85223:118479367] INFO: LUA: A7LOG	1109	12672060	1505651	Day 1, Hour 22 (3 Mirtul, 1369)	WORLD_QUICKLOOT	^0xffffb4b4Pushing on the lever of the machine seems to excite the demon that stands in the circle. The magic barrier that surrounds it weakens visibly. If the wheel is turned further, you expect that the magic might disappear altogether.^-
2026-09-04 14:26:20.618 BaldursGateIIEnhancedEdition[85223:118479367] INFO: LUA: A7LOG	1110	12672300	1505923	Day 1, Hour 22 (3 Mirtul, 1369)	WORLD_QUICKLOOT	^0xffc0a1aaMinsc^-: ^0xffbed7d7Attacks Cambion^-
2026-09-04 14:26:21.448 BaldursGateIIEnhancedEdition[85223:118479367] INFO: LUA: A7LOG	1111	12673020	1506753	Day 1, Hour 22 (3 Mirtul, 1369)	WORLD_QUICKLOOT	^0xffffb4b4You push the lever, and the room begins to hum. The magic barrier around the demon disappears. The fiend snarls and gnashes his teeth.^-
2026-09-04 14:26:22.026 BaldursGateIIEnhancedEdition[85223:118479367] INFO: LUA: A7LOG	1112	12673500	1507331	Day 1, Hour 22 (3 Mirtul, 1369)	WORLD_QUICKLOOT	^0xff018bffSkeleton Warrior^-: ^0xffbed7d7Attacks Cambion^-
2026-09-04 14:26:22.641 BaldursGateIIEnhancedEdition[85223:118479367] INFO: LUA: A7LOG	1113	12674040	1507946	Day 1, Hour 22 (3 Mirtul, 1369)	WORLD_QUICKLOOT	^0xff7769d5Cambion^-: ^0xffbed7d7Attacks Skeleton Warrior^-
2026-09-04 14:26:22.811 BaldursGateIIEnhancedEdition[85223:118479367] INFO: LUA: A7LOG	1114	12674220	1508116	Day 1, Hour 22 (3 Mirtul, 1369)	WORLD_QUICKLOOT	^0xffc0a1aaMinsc^-: ^0xffbed7d7Attacks Cambion^-
2026-09-04 14:26:22.987 BaldursGateIIEnhancedEdition[85223:118479367] INFO: LUA: A7LOG	1115	12674280	1508291	Day 1, Hour 22 (3 Mirtul, 1369)	WORLD_QUICKLOOT	^0xff0000ffPAUSED^-
2026-09-04 14:26:24.569 BaldursGateIIEnhancedEdition[85223:118479367] INFO: LUA: A7LOG	1116	12674280	1509873	Day 1, Hour 22 (3 Mirtul, 1369)	WORLD_QUICKLOOT	^0xffffb3f3Imoen^-: ^0xffd7c8a0Yep?^-
2026-09-04 14:26:25.468 BaldursGateIIEnhancedEdition[85223:118479367] INFO: LUA: A7LOG	1117	12674280	1510773	Day 1, Hour 22 (3 Mirtul, 1369)	WORLD_QUICKLOOT	^0xffffb3f3Imoen^-: ^0xffd7c8a0Gotcha.^-
2026-09-04 14:26:25.781 BaldursGateIIEnhancedEdition[85223:118479367] INFO: LUA: A7LOG	1118	12674340	1511086	Day 1, Hour 22 (3 Mirtul, 1369)	WORLD_QUICKLOOT	^0xff0000ffUNPAUSED^-
2026-09-04 14:26:26.058 BaldursGateIIEnhancedEdition[85223:118479367] INFO: LUA: A7LOG	1119	12674520	1511363	Day 1, Hour 22 (3 Mirtul, 1369)	WORLD_QUICKLOOT	^0xff0000ffPAUSED^-
2026-09-04 14:26:26.099 BaldursGateIIEnhancedEdition[85223:118479367] INFO: LUA: A7LOG	1120	12674520	1511404	Day 1, Hour 22 (3 Mirtul, 1369)	WORLD_QUICKLOOT	^0xffd6bd9fJaheira^-: ^0xffbed7d7Casts Barkskin : Minsc^-
2026-09-04 14:26:26.099 BaldursGateIIEnhancedEdition[85223:118479367] INFO: LUA: A7LOG	1121	12674520	1511404	Day 1, Hour 22 (3 Mirtul, 1369)	WORLD_QUICKLOOT	^0xffd6bd9fJaheira^-: ^0xffbed7d7Auto-Paused: Spell Cast^-
2026-09-04 14:26:26.100 BaldursGateIIEnhancedEdition[85223:118479367] INFO: LUA: A7LOG	1122	12674520	1511404	Day 1, Hour 22 (3 Mirtul, 1369)	WORLD_QUICKLOOT	^0xffc0a1aaMinsc^-: ^0xffbed7d7Bark Skin^-
2026-09-04 14:26:26.844 BaldursGateIIEnhancedEdition[85223:118479367] INFO: LUA: A7LOG	1123	12674520	1512149	Day 1, Hour 22 (3 Mirtul, 1369)	WORLD_QUICKLOOT	^0xff0000ffUNPAUSED^-
2026-09-04 14:26:27.737 BaldursGateIIEnhancedEdition[85223:118479367] INFO: LUA: A7LOG	1124	12675300	1513042	Day 1, Hour 22 (3 Mirtul, 1369)	WORLD_QUICKLOOT	^0xffd6bd9fJaheira^-: ^0xffbed7d7Attacks Cambion^-
2026-09-04 14:26:28.150 BaldursGateIIEnhancedEdition[85223:118479367] INFO: LUA: A7LOG	1125	12675660	1513455	Day 1, Hour 22 (3 Mirtul, 1369)	WORLD_QUICKLOOT	^0xffbed7d7Jaheira^-: ^0xffbed7d7Roll:15 +Luck:0 +SpecialAC:0  +HitMod:0  +Attack of Opportunity:0  +Berserk:0  +Right:2 (+Weapon Bonus 0+Launcher 0+Proficiency 0+Dex 2+Missile 0+Racial 0+Effects 0) +Invisible:0  +Invisible Target:0  +Range:0  +Hated Race:0  +Special Target:0  +Protections:0 ^-
2026-09-04 14:26:28.150 BaldursGateIIEnhancedEdition[85223:118479367] INFO: LUA: A7LOG	1126	12675660	1513455	Day 1, Hour 22 (3 Mirtul, 1369)	WORLD_QUICKLOOT	^0xffd6bd9fJaheira^-: ^0xffbed7d7Attack Roll 15 + 2 = 17 : Miss^-
2026-09-04 14:26:28.287 BaldursGateIIEnhancedEdition[85223:118479367] INFO: LUA: A7LOG	1127	12675780	1513591	Day 1, Hour 22 (3 Mirtul, 1369)	WORLD_QUICKLOOT	^0xffbed7d7Cambion^-: ^0xffbed7d7Roll:17 +Luck:0 +SpecialAC:0  +HitMod:0  +Attack of Opportunity:0  +Berserk:0  +Right:4 (+Weapon Bonus 1+Proficiency 0+STR 3+STREX 0+Melee bonus 0+Racial 0+Effects 0) +Invisible:0  +Invisible Target:0  +Range:0  +Hated Race:0  +Special Target:0  +Protections:0 ^-
2026-09-04 14:26:28.287 BaldursGateIIEnhancedEdition[85223:118479367] INFO: LUA: A7LOG	1128	12675780	1513591	Day 1, Hour 22 (3 Mirtul, 1369)	WORLD_QUICKLOOT	^0xff7769d5Cambion^-: ^0xffbed7d7Attack Roll 17 + 4 = 21 : Hit^-
2026-09-04 14:26:28.287 BaldursGateIIEnhancedEdition[85223:118479367] INFO: LUA: A7LOG	1129	12675780	1513592	Day 1, Hour 22 (3 Mirtul, 1369)	WORLD_QUICKLOOT	^0xffbed7d7Cambion^-: ^0xffbed7d7Roll:3  +DamageMod:0  +Hand bonus:0 (+Melee bonus 0+Effects 0) +Attack of Opportunity:0  *Backstab:0  +Berserk:0  +Strength:8  +Hated Race:0  +Special Bonus:0 ^-
2026-09-04 14:26:28.287 BaldursGateIIEnhancedEdition[85223:118479367] INFO: LUA: A7LOG	1130	12675780	1513592	Day 1, Hour 22 (3 Mirtul, 1369)	WORLD_QUICKLOOT	^0xff018bffSkeleton Warrior^-: ^0xffbed7d7Takes 7 slashing damage from Cambion (4 damage resisted)^-
2026-09-04 14:26:28.353 BaldursGateIIEnhancedEdition[85223:118479367] INFO: LUA: A7LOG	1131	12675780	1513657	Day 1, Hour 22 (3 Mirtul, 1369)	WORLD_QUICKLOOT	^0xff0000ffPAUSED^-
2026-09-04 14:26:30.671 BaldursGateIIEnhancedEdition[85223:118479367] INFO: LUA: A7LOG	1132	12675780	1515976	Day 1, Hour 22 (3 Mirtul, 1369)	WORLD_QUICKLOOT	^0xffcb967dBooprikt^-: ^0xffd7c8a0I'm waiting.^-
2026-09-04 14:26:31.809 BaldursGateIIEnhancedEdition[85223:118479367] INFO: LUA: A7LOG	1133	12675780	1517114	Day 1, Hour 22 (3 Mirtul, 1369)	WORLD_QUICKLOOT	^0xffcb967dBooprikt^-: ^0xffbed7d7Stopped Detecting Traps / Illusions^-
2026-09-04 14:26:34.238 BaldursGateIIEnhancedEdition[85223:118479367] INFO: LUA: A7LOG	1134	12675780	1519542	Day 1, Hour 22 (3 Mirtul, 1369)	WORLD_QUICKLOOT	^0xffffb3f3Imoen^-: ^0xffd7c8a0Whatchu want?^-
2026-09-04 14:26:35.237 BaldursGateIIEnhancedEdition[85223:118479367] INFO: LUA: A7LOG	1135	12675780	1520541	Day 1, Hour 22 (3 Mirtul, 1369)	WORLD_QUICKLOOT	^0xffffb3f3Imoen^-: ^0xffbed7d7Stopped Detecting Traps / Illusions^-
2026-09-04 14:26:38.200 BaldursGateIIEnhancedEdition[85223:118479367] INFO: LUA: A7LOG	1136	12675780	1523504	Day 1, Hour 22 (3 Mirtul, 1369)	WORLD_QUICKLOOT	^0xffffb3f3Imoen^-: ^0xffbed7d7is Casting Chromatic Orb : Cambion^-
2026-09-04 14:26:38.581 BaldursGateIIEnhancedEdition[85223:118479367] INFO: LUA: A7LOG	1137	12675840	1523886	Day 1, Hour 22 (3 Mirtul, 1369)	WORLD_QUICKLOOT	^0xff0000ffUNPAUSED^-
2026-09-04 14:26:39.229 BaldursGateIIEnhancedEdition[85223:118479367] INFO: LUA: A7LOG	1138	12676380	1524534	Day 1, Hour 22 (3 Mirtul, 1369)	WORLD_QUICKLOOT	^0xffbed7d7Skeleton Warrior^-: ^0xffbed7d7Roll:14 +Luck:0 +SpecialAC:-2  +HitMod:0  +Attack of Opportunity:0  +Berserk:0  +Right:3 (+Weapon Bonus 0+Proficiency 3+STR 0+STREX 0+Melee bonus 0+Racial 0+Effects 0) +Invisible:0  +Invisible Target:0  +Range:0  +Hated Race:0  +Special Target:0  +Protections:0 ^-
2026-09-04 14:26:39.229 BaldursGateIIEnhancedEdition[85223:118479367] INFO: LUA: A7LOG	1139	12676380	1524534	Day 1, Hour 22 (3 Mirtul, 1369)	WORLD_QUICKLOOT	^0xff018bffSkeleton Warrior^-: ^0xffbed7d7Attack Roll 14 + 1 = 15 : Miss^-
2026-09-04 14:26:39.277 BaldursGateIIEnhancedEdition[85223:118479367] INFO: LUA: A7LOG	1140	12676380	1524581	Day 1, Hour 22 (3 Mirtul, 1369)	WORLD_QUICKLOOT	^0xff0000ffPAUSED^-
2026-09-04 14:26:39.296 BaldursGateIIEnhancedEdition[85223:118479367] INFO: LUA: A7LOG	1141	12676380	1524600	Day 1, Hour 22 (3 Mirtul, 1369)	WORLD_QUICKLOOT	^0xffffb3f3Imoen^-: ^0xffbed7d7Casts Chromatic Orb : Cambion^-
2026-09-04 14:26:39.296 BaldursGateIIEnhancedEdition[85223:118479367] INFO: LUA: A7LOG	1142	12676380	1524601	Day 1, Hour 22 (3 Mirtul, 1369)	WORLD_QUICKLOOT	^0xffffb3f3Imoen^-: ^0xffbed7d7Auto-Paused: Spell Cast^-
2026-09-04 14:26:40.178 BaldursGateIIEnhancedEdition[85223:118479367] INFO: LUA: A7LOG	1143	12676380	1525483	Day 1, Hour 22 (3 Mirtul, 1369)	WORLD_QUICKLOOT	^0xffd6bd9fJaheira^-: ^0xffd7c8a0I am ready.^-
2026-09-04 14:26:42.877 BaldursGateIIEnhancedEdition[85223:118479367] INFO: LUA: A7LOG	1144	12676380	1528182	Day 1, Hour 22 (3 Mirtul, 1369)	WORLD_QUICKLOOT	^0xffd6bd9fJaheira^-: ^0xffbed7d7is Attacking Cambion^-
2026-09-04 14:26:42.985 BaldursGateIIEnhancedEdition[85223:118479367] INFO: LUA: A7LOG	1145	12676380	1528290	Day 1, Hour 22 (3 Mirtul, 1369)	WORLD_QUICKLOOT	^0xffc0a1aaMinsc^-: ^0xffd7c8a0Minsc and Boo stand ready.^-
2026-09-04 14:26:43.837 BaldursGateIIEnhancedEdition[85223:118479367] INFO: LUA: A7LOG	1146	12676380	1529142	Day 1, Hour 22 (3 Mirtul, 1369)	WORLD_QUICKLOOT	^0xffc0a1aaMinsc^-: ^0xffbed7d7is Attacking Cambion^-
2026-09-04 14:26:57.829 BaldursGateIIEnhancedEdition[85223:118479367] INFO: LUA: A7LOG	1147	12676380	1543133	Day 1, Hour 22 (3 Mirtul, 1369)	WORLD_QUICKLOOT	^0xff0000ffUNPAUSED^-
2026-09-04 14:26:57.864 BaldursGateIIEnhancedEdition[85223:118479367] INFO: LUA: A7LOG	1148	12676440	1543169	Day 1, Hour 22 (3 Mirtul, 1369)	WORLD_QUICKLOOT	^0xffc0a1aaMinsc^-: ^0xffbed7d7Attacks Cambion^-
2026-09-04 14:26:57.905 BaldursGateIIEnhancedEdition[85223:118479367] INFO: LUA: A7LOG	1149	12676440	1543206	Day 1, Hour 22 (3 Mirtul, 1369)	WORLD_QUICKLOOT	^0xffd6bd9fJaheira^-: ^0xffbed7d7Attacks Cambion^-
2026-09-04 14:26:58.341 BaldursGateIIEnhancedEdition[85223:118479367] INFO: LUA: A7LOG	1150	12676860	1543645	Day 1, Hour 22 (3 Mirtul, 1369)	WORLD_QUICKLOOT	^0xffbed7d7Minsc^-: ^0xffbed7d7Roll:15 +Luck:0 +SpecialAC:-2  +HitMod:0  +Attack of Opportunity:0  +Berserk:0  +Right:3 (+Weapon Bonus 0+Proficiency 1+STR 1+STREX 1+Melee bonus 0+Racial 0+Effects 0) +Invisible:0  +Invisible Target:0  +Range:0  +Hated Race:0  +Special Target:0  +Protections:0 ^-
2026-09-04 14:26:58.341 BaldursGateIIEnhancedEdition[85223:118479367] INFO: LUA: A7LOG	1151	12676860	1543646	Day 1, Hour 22 (3 Mirtul, 1369)	WORLD_QUICKLOOT	^0xffc0a1aaMinsc^-: ^0xffbed7d7Attack Roll 15 + 1 = 16 : Miss^-
2026-09-04 14:26:58.478 BaldursGateIIEnhancedEdition[85223:118479367] INFO: LUA: A7LOG	1152	12676980	1543782	Day 1, Hour 22 (3 Mirtul, 1369)	WORLD_QUICKLOOT	^0xffffb3f3Imoen^-: ^0xffbed7d7Detecting Traps / Illusions^-
2026-09-04 14:26:58.658 BaldursGateIIEnhancedEdition[85223:118479367] INFO: LUA: A7LOG	1153	12677100	1543963	Day 1, Hour 22 (3 Mirtul, 1369)	WORLD_QUICKLOOT	^0xff7769d5Cambion^-: ^0xff00d7ffTakes 6 magic damage from Imoen^-
2026-09-04 14:26:58.659 BaldursGateIIEnhancedEdition[85223:118479367] INFO: LUA: A7LOG	1154	12677100	1543963	Day 1, Hour 22 (3 Mirtul, 1369)	WORLD_QUICKLOOT	^0xffbed7d7Cambion^-: ^0xffbed7d7Save vs. Spell : 26^-
2026-09-04 14:26:59.738 BaldursGateIIEnhancedEdition[85223:118479367] INFO: sAchieveID=NONE,m_sGlobalName=SPRITE_IS_DEADNone,m_nValue=1
2026-09-04 14:26:59.740 BaldursGateIIEnhancedEdition[85223:118479367] INFO: LUA: A7LOG	1155	12678060	1545044	Day 1, Hour 22 (3 Mirtul, 1369)	WORLD_QUICKLOOT	^0xffbed7d7Cambion^-: ^0xffbed7d7Roll:20 +Luck:0 +SpecialAC:0  +HitMod:0  +Attack of Opportunity:0  +Berserk:0  +Right:4 (+Weapon Bonus 1+Proficiency 0+STR 3+STREX 0+Melee bonus 0+Racial 0+Effects 0) +Invisible:0  +Invisible Target:0  +Range:0  +Hated Race:0  +Special Target:0  +Protections:0 ^-
2026-09-04 14:26:59.740 BaldursGateIIEnhancedEdition[85223:118479367] INFO: LUA: A7LOG	1156	12678060	1545044	Day 1, Hour 22 (3 Mirtul, 1369)	WORLD_QUICKLOOT	^0xff7769d5Cambion^-: ^0xffbed7d7Attack Roll 20 + 4 = 24 : Hit^-
2026-09-04 14:26:59.740 BaldursGateIIEnhancedEdition[85223:118479367] INFO: LUA: A7LOG	1157	12678060	1545044	Day 1, Hour 22 (3 Mirtul, 1369)	WORLD_QUICKLOOT	^0xff7769d5Cambion^-: ^0xffbed7d7Critical Hit^-
2026-09-04 14:26:59.740 BaldursGateIIEnhancedEdition[85223:118479367] INFO: LUA: A7LOG	1158	12678060	1545044	Day 1, Hour 22 (3 Mirtul, 1369)	WORLD_QUICKLOOT	^0xffbed7d7Cambion^-: ^0xffbed7d7Roll:4  +DamageMod:0  +Hand bonus:0 (+Melee bonus 0+Effects 0) +Attack of Opportunity:0  *Backstab:0  +Berserk:0  +Strength:8  +Hated Race:0  +Special Bonus:0 ^-
2026-09-04 14:26:59.740 BaldursGateIIEnhancedEdition[85223:118479367] INFO: LUA: A7LOG	1159	12678060	1545044	Day 1, Hour 22 (3 Mirtul, 1369)	WORLD_QUICKLOOT	^0xff018bffSkeleton Warrior^-: ^0xffbed7d7Takes 15 slashing damage from Cambion (9 damage resisted)^-
2026-09-04 14:26:59.740 BaldursGateIIEnhancedEdition[85223:118479367] INFO: LUA: A7LOG	1160	12678060	1545044	Day 1, Hour 22 (3 Mirtul, 1369)	WORLD_QUICKLOOT	^0xff018bffSkeleton Warrior^-: ^0xffbed7d7Death^-
2026-09-04 14:26:59.922 BaldursGateIIEnhancedEdition[85223:118479367] INFO: LUA: A7LOG	1161	12678120	1545227	Day 1, Hour 22 (3 Mirtul, 1369)	WORLD_QUICKLOOT	^0xff0000ffPAUSED^-
2026-09-04 14:27:01.197 BaldursGateIIEnhancedEdition[85223:118479367] INFO: LUA: A7LOG	1162	12678120	1546501	Day 1, Hour 22 (3 Mirtul, 1369)	WORLD_QUICKLOOT	^0xffffb3f3Imoen^-: ^0xffd7c8a0Name it.^-
2026-09-04 14:27:02.850 BaldursGateIIEnhancedEdition[85223:118479367] INFO: LUA: A7LOG	1163	12678120	1548154	Day 1, Hour 22 (3 Mirtul, 1369)	WORLD_QUICKLOOT	^0xffffb3f3Imoen^-: ^0xffbed7d7is Attacking Cambion^-
2026-09-04 14:27:02.850 BaldursGateIIEnhancedEdition[85223:118479367] INFO: LUA: A7LOG	1164	12678120	1548154	Day 1, Hour 22 (3 Mirtul, 1369)	WORLD_QUICKLOOT	^0xffffb3f3Imoen^-: ^0xffbed7d7Stopped Detecting Traps / Illusions^-
2026-09-04 14:27:04.270 BaldursGateIIEnhancedEdition[85223:118479367] INFO: LUA: A7LOG	1165	12678120	1549574	Day 1, Hour 22 (3 Mirtul, 1369)	WORLD_QUICKLOOT	^0xffcb967dBooprikt^-: ^0xffd7c8a0Yes?^-
2026-09-04 14:27:37.756 BaldursGateIIEnhancedEdition[85223:118479367] INFO: LUA: A7LOG	1166	12678120	1583059	Day 1, Hour 22 (3 Mirtul, 1369)	WORLD_QUICKLOOT	^0xffcb967dBooprikt^-: ^0xffbed7d7is Casting Vampiric Touch : Cambion^-
2026-09-04 14:27:39.414 BaldursGateIIEnhancedEdition[85223:118479367] INFO: LUA: A7LOG	1167	12678120	1584717	Day 1, Hour 22 (3 Mirtul, 1369)	WORLD_QUICKLOOT	^0xffffb3f3Imoen^-: ^0xffd7c8a0Ready and willing.^-
2026-09-04 14:27:40.137 BaldursGateIIEnhancedEdition[85223:118479367] INFO: LUA: A7LOG	1168	12678120	1585441	Day 1, Hour 22 (3 Mirtul, 1369)	WORLD_QUICKLOOT	^0xff0000ffUNPAUSED^-
2026-09-04 14:27:40.205 BaldursGateIIEnhancedEdition[85223:118479367] INFO: LUA: A7LOG	1169	12678180	1585509	Day 1, Hour 22 (3 Mirtul, 1369)	WORLD_QUICKLOOT	^0xffffb3f3Imoen^-: ^0xffbed7d7Attacks Cambion^-
2026-09-04 14:27:40.616 BaldursGateIIEnhancedEdition[85223:118479367] INFO: LUA: A7LOG	1170	12678540	1585920	Day 1, Hour 22 (3 Mirtul, 1369)	WORLD_QUICKLOOT	^0xffbed7d7Imoen^-: ^0xffbed7d7Roll:15 +Luck:0 +SpecialAC:0  +HitMod:0  +Attack of Opportunity:0  +Berserk:0  +Right:3 (+Weapon Bonus 1+Launcher 0+Proficiency 0+Dex 2+Missile 0+Racial 0+Effects 0) +Invisible:0  +Invisible Target:0  +Range:0  +Hated Race:0  +Special Target:0  +Protections:0 ^-
2026-09-04 14:27:40.616 BaldursGateIIEnhancedEdition[85223:118479367] INFO: LUA: A7LOG	1171	12678540	1585920	Day 1, Hour 22 (3 Mirtul, 1369)	WORLD_QUICKLOOT	^0xffffb3f3Imoen^-: ^0xffbed7d7Attack Roll 15 + 3 = 18 : Miss^-
2026-09-04 14:27:41.267 BaldursGateIIEnhancedEdition[85223:118479367] INFO: LUA: A7LOG	1172	12679140	1586571	Day 1, Hour 22 (3 Mirtul, 1369)	WORLD_QUICKLOOT	^0xffbed7d7Minsc^-: ^0xffbed7d7Roll:8 +Luck:0 +SpecialAC:-2  +HitMod:0  +Attack of Opportunity:0  +Berserk:0  +Right:3 (+Weapon Bonus 0+Proficiency 1+STR 1+STREX 1+Melee bonus 0+Racial 0+Effects 0) +Invisible:0  +Invisible Target:0  +Range:0  +Hated Race:0  +Special Target:0  +Protections:0 ^-
2026-09-04 14:27:41.267 BaldursGateIIEnhancedEdition[85223:118479367] INFO: LUA: A7LOG	1173	12679140	1586571	Day 1, Hour 22 (3 Mirtul, 1369)	WORLD_QUICKLOOT	^0xffc0a1aaMinsc^-: ^0xffbed7d7Attack Roll 8 + 1 = 9 : Miss^-
2026-09-04 14:27:43.358 BaldursGateIIEnhancedEdition[85223:118479367] INFO: LUA: A7LOG	1174	12680940	1588662	Day 1, Hour 22 (3 Mirtul, 1369)	WORLD_QUICKLOOT	^0xffbed7d7Imoen^-: ^0xffbed7d7Roll:11 +Luck:0 +SpecialAC:0  +HitMod:0  +Attack of Opportunity:0  +Berserk:0  +Right:3 (+Weapon Bonus 1+Launcher 0+Proficiency 0+Dex 2+Missile 0+Racial 0+Effects 0) +Invisible:0  +Invisible Target:0  +Range:0  +Hated Race:0  +Special Target:0  +Protections:0 ^-
2026-09-04 14:27:43.358 BaldursGateIIEnhancedEdition[85223:118479367] INFO: LUA: A7LOG	1175	12680940	1588662	Day 1, Hour 22 (3 Mirtul, 1369)	WORLD_QUICKLOOT	^0xffffb3f3Imoen^-: ^0xffbed7d7Attack Roll 11 + 3 = 14 : Miss^-
2026-09-04 14:27:43.766 BaldursGateIIEnhancedEdition[85223:118479367] INFO: LUA: A7LOG	1176	12681300	1589070	Day 1, Hour 22 (3 Mirtul, 1369)	WORLD_QUICKLOOT	^0xffbed7d7Cambion^-: ^0xffbed7d7Roll:17 +Luck:0 +SpecialAC:0  +HitMod:0  +Attack of Opportunity:0  +Berserk:0  +Right:4 (+Weapon Bonus 1+Proficiency 0+STR 3+STREX 0+Melee bonus 0+Racial 0+Effects 0) +Invisible:0  +Invisible Target:0  +Range:0  +Hated Race:0  +Special Target:0  +Protections:0 ^-
2026-09-04 14:27:43.766 BaldursGateIIEnhancedEdition[85223:118479367] INFO: LUA: A7LOG	1177	12681300	1589070	Day 1, Hour 22 (3 Mirtul, 1369)	WORLD_QUICKLOOT	^0xff7769d5Cambion^-: ^0xffbed7d7Attack Roll 17 + 4 = 21 : Hit^-
2026-09-04 14:27:43.766 BaldursGateIIEnhancedEdition[85223:118479367] INFO: LUA: A7LOG	1178	12681300	1589070	Day 1, Hour 22 (3 Mirtul, 1369)	WORLD_QUICKLOOT	^0xffbed7d7Cambion^-: ^0xffbed7d7Roll:7  +DamageMod:0  +Hand bonus:0 (+Melee bonus 0+Effects 0) +Attack of Opportunity:0  *Backstab:0  +Berserk:0  +Strength:8  +Hated Race:0  +Special Bonus:0 ^-
2026-09-04 14:27:43.766 BaldursGateIIEnhancedEdition[85223:118479367] INFO: LUA: A7LOG	1179	12681300	1589070	Day 1, Hour 22 (3 Mirtul, 1369)	WORLD_QUICKLOOT	^0xffc0a1aaMinsc^-: ^0xffbed7d7Takes 30 slashing damage from Cambion (15 damage bonus)^-
2026-09-04 14:27:44.856 BaldursGateIIEnhancedEdition[85223:118479367] INFO: LUA: A7LOG	1180	12682200	1590160	Day 1, Hour 22 (3 Mirtul, 1369)	WORLD_QUICKLOOT	^0xff0000ffPAUSED^-
2026-09-04 14:27:45.614 BaldursGateIIEnhancedEdition[85223:118479367] INFO: LUA: A7LOG	1181	12682200	1590918	Day 1, Hour 22 (3 Mirtul, 1369)	WORLD_QUICKLOOT	^0xffc0a1aaMinsc^-: ^0xffd7c8a0Every hamster has his day.^-
2026-09-04 14:27:57.928 BaldursGateIIEnhancedEdition[85223:118479367] INFO: LUA: A7LOG	1182	12682140	1603232	Day 1, Hour 22 (3 Mirtul, 1369)	WORLD_QUICKLOOT	^0xff0000ffUNPAUSED^-
2026-09-04 14:27:57.928 BaldursGateIIEnhancedEdition[85223:118479367] INFO: LUA: A7LOG	1183	12682140	1603232	Day 1, Hour 22 (3 Mirtul, 1369)	WORLD_QUICKLOOT	^0xff0000ffPAUSED^-
2026-09-04 14:27:57.973 BaldursGateIIEnhancedEdition[85223:118479367] INFO: LUA: A7LOG	1184	12682140	1603276	Day 1, Hour 22 (3 Mirtul, 1369)	WORLD_QUICKLOOT	^0xffc0a1aaMinsc^-: ^0xffbed7d7 Berserk : Minsc^-
2026-09-04 14:27:57.973 BaldursGateIIEnhancedEdition[85223:118479367] INFO: LUA: A7LOG	1185	12682140	1603277	Day 1, Hour 22 (3 Mirtul, 1369)	WORLD_QUICKLOOT	^0xffc0a1aaMinsc^-: ^0xffbed7d7Auto-Paused: Spell Cast^-
2026-09-04 14:27:57.973 BaldursGateIIEnhancedEdition[85223:118479367] INFO: LUA: A7LOG	1186	12682140	1603277	Day 1, Hour 22 (3 Mirtul, 1369)	WORLD_QUICKLOOT	^0xffc0a1aaMinsc^-: ^0xffbed7d7When the berserk state ends, the character will take 15 damage.^-
2026-09-04 14:28:00.956 BaldursGateIIEnhancedEdition[85223:118479367] INFO: LUA: A7LOG	1187	12682140	1606260	Day 1, Hour 22 (3 Mirtul, 1369)	WORLD_QUICKLOOT	^0xffd6bd9fJaheira^-: ^0xffd7c8a0It is about time.^-
2026-09-04 14:28:01.861 BaldursGateIIEnhancedEdition[85223:118479367] INFO: LUA: A7LOG	1188	12682140	1607165	Day 1, Hour 22 (3 Mirtul, 1369)	WORLD_QUICKLOOT	^0xff0000ffUNPAUSED^-
2026-09-04 14:28:01.964 BaldursGateIIEnhancedEdition[85223:118479367] INFO: LUA: A7LOG	1189	12682260	1607268	Day 1, Hour 22 (3 Mirtul, 1369)	WORLD_QUICKLOOT	^0xffc0a1aaMinsc^-: ^0xffbed7d7Attacks Jaheira^-
2026-09-04 14:28:02.209 BaldursGateIIEnhancedEdition[85223:118479367] INFO: LUA: A7LOG	1190	12682440	1607512	Day 1, Hour 22 (3 Mirtul, 1369)	WORLD_QUICKLOOT	^0xffbed7d7Jaheira^-: ^0xffbed7d7Roll:14 +Luck:0 +SpecialAC:0  +HitMod:0  +Attack of Opportunity:0  +Berserk:0  +Right:2 (+Weapon Bonus 2+Proficiency 0+STR 0+STREX 0+Melee bonus 0+Racial 0+Effects 0) +Invisible:0  +Invisible Target:0  +Range:0  +Hated Race:0  +Special Target:0  +Protections:0 ^-
2026-09-04 14:28:02.209 BaldursGateIIEnhancedEdition[85223:118479367] INFO: LUA: A7LOG	1191	12682440	1607513	Day 1, Hour 22 (3 Mirtul, 1369)	WORLD_QUICKLOOT	^0xffd6bd9fJaheira^-: ^0xffbed7d7Attack Roll 14 + 2 = 16 : Miss^-
2026-09-04 14:28:03.302 BaldursGateIIEnhancedEdition[85223:118479367] INFO: LUA: A7LOG	1192	12683340	1608606	Day 1, Hour 22 (3 Mirtul, 1369)	WORLD_QUICKLOOT	^0xff0000ffPAUSED^-
2026-09-04 14:28:03.356 BaldursGateIIEnhancedEdition[85223:118479367] INFO: LUA: A7LOG	1193	12683340	1608660	Day 1, Hour 22 (3 Mirtul, 1369)	WORLD_QUICKLOOT	^0xffcb967dBooprikt^-: ^0xffbed7d7 Vampiric Touch : Cambion^-
2026-09-04 14:28:03.356 BaldursGateIIEnhancedEdition[85223:118479367] INFO: LUA: A7LOG	1194	12683340	1608660	Day 1, Hour 22 (3 Mirtul, 1369)	WORLD_QUICKLOOT	^0xffcb967dBooprikt^-: ^0xffbed7d7Auto-Paused: Spell Cast^-
2026-09-04 14:28:03.356 BaldursGateIIEnhancedEdition[85223:118479367] INFO: LUA: A7LOG	1195	12683340	1608660	Day 1, Hour 22 (3 Mirtul, 1369)	WORLD_QUICKLOOT	^0xff7769d5Cambion^-: ^0xff00d7ffTakes 13 magic damage from Booprikt^-
2026-09-04 14:28:13.656 BaldursGateIIEnhancedEdition[85223:118479367] INFO: LUA: A7LOG	1196	12683340	1618960	Day 1, Hour 22 (3 Mirtul, 1369)	WORLD_QUICKLOOT	^0xff0000ffUNPAUSED^-
2026-09-04 14:28:13.867 BaldursGateIIEnhancedEdition[85223:118479367] INFO: LUA: A7LOG	1197	12683520	1619170	Day 1, Hour 22 (3 Mirtul, 1369)	WORLD_QUICKLOOT	^0xffbed7d7Cambion^-: ^0xffbed7d7Roll:17 +Luck:0 +SpecialAC:0  +HitMod:0  +Attack of Opportunity:0  +Berserk:0  +Right:4 (+Weapon Bonus 1+Proficiency 0+STR 3+STREX 0+Melee bonus 0+Racial 0+Effects 0) +Invisible:0  +Invisible Target:0  +Range:0  +Hated Race:0  +Special Target:0  +Protections:0 ^-
2026-09-04 14:28:13.867 BaldursGateIIEnhancedEdition[85223:118479367] INFO: LUA: A7LOG	1198	12683520	1619170	Day 1, Hour 22 (3 Mirtul, 1369)	WORLD_QUICKLOOT	^0xff7769d5Cambion^-: ^0xffbed7d7Attack Roll 17 + 4 = 21 : Hit^-
2026-09-04 14:28:13.867 BaldursGateIIEnhancedEdition[85223:118479367] INFO: LUA: A7LOG	1199	12683520	1619170	Day 1, Hour 22 (3 Mirtul, 1369)	WORLD_QUICKLOOT	^0xffbed7d7Cambion^-: ^0xffbed7d7Roll:4  +DamageMod:0  +Hand bonus:0 (+Melee bonus 0+Effects 0) +Attack of Opportunity:0  *Backstab:0  +Berserk:0  +Strength:8  +Hated Race:0  +Special Bonus:0 ^-
2026-09-04 14:28:13.867 BaldursGateIIEnhancedEdition[85223:118479367] INFO: LUA: A7LOG	1200	12683520	1619170	Day 1, Hour 22 (3 Mirtul, 1369)	WORLD_QUICKLOOT	^0xffc0a1aaMinsc^-: ^0xffbed7d7Takes 24 slashing damage from Cambion (12 damage bonus)^-
2026-09-04 14:28:14.474 BaldursGateIIEnhancedEdition[85223:118479367] INFO: LUA: A7LOG	1201	12684060	1619778	Day 1, Hour 22 (3 Mirtul, 1369)	WORLD_QUICKLOOT	^0xffcb967dBooprikt^-: ^0xffbed7d7Detecting Traps / Illusions^-
2026-09-04 14:28:14.680 BaldursGateIIEnhancedEdition[85223:118479367] INFO: LUA: A7LOG	1202	12684180	1619984	Day 1, Hour 22 (3 Mirtul, 1369)	WORLD_QUICKLOOT	^0xff0000ffPAUSED^-
2026-09-04 14:28:17.427 BaldursGateIIEnhancedEdition[85223:118479367] INFO: LUA: A7LOG	1203	12684180	1622730	Day 1, Hour 22 (3 Mirtul, 1369)	WORLD_QUICKLOOT	^0xff0000ffUNPAUSED^-
2026-09-04 14:28:17.563 BaldursGateIIEnhancedEdition[85223:118479367] INFO: LUA: A7LOG	1204	12684300	1622867	Day 1, Hour 22 (3 Mirtul, 1369)	WORLD_QUICKLOOT	^0xffbed7d7Imoen^-: ^0xffbed7d7Roll:3 +Luck:0 +SpecialAC:0  +HitMod:0  +Attack of Opportunity:0  +Berserk:0  +Right:3 (+Weapon Bonus 1+Launcher 0+Proficiency 0+Dex 2+Missile 0+Racial 0+Effects 0) +Invisible:0  +Invisible Target:0  +Range:0  +Hated Race:0  +Special Target:0  +Protections:0 ^-
2026-09-04 14:28:17.563 BaldursGateIIEnhancedEdition[85223:118479367] INFO: LUA: A7LOG	1205	12684300	1622867	Day 1, Hour 22 (3 Mirtul, 1369)	WORLD_QUICKLOOT	^0xffffb3f3Imoen^-: ^0xffbed7d7Attack Roll 3 + 3 = 6 : Miss^-
2026-09-04 14:28:18.081 BaldursGateIIEnhancedEdition[85223:118479367] INFO: LUA: A7LOG	1206	12684780	1623384	Day 1, Hour 22 (3 Mirtul, 1369)	WORLD_QUICKLOOT	^0xffbed7d7Minsc^-: ^0xffbed7d7Roll:15 +Luck:0 +SpecialAC:-2  +HitMod:0  +Attack of Opportunity:0  +Berserk:2  +Right:4 (+Weapon Bonus 0+Proficiency 1+STR 3+STREX 0+Melee bonus 0+Racial 0+Effects 0) +Invisible:0  +Invisible Target:0  +Range:0  +Hated Race:0  +Special Target:0  +Protections:0 ^-
