2026-09-04 14:49:50.635 BaldursGateIIEnhancedEdition[26058:118586130] INFO: CWD: $HOME/Library/Application Support/Steam/steamapps/common/Baldur's Gate II Enhanced Edition
2026-09-04 14:49:50.640 BaldursGateIIEnhancedEdition[26058:118586130] INFO: Get Data Directory: $HOME/Library/Application Support/Steam/steamapps/common/Baldur's Gate II Enhanced Edition
2026-09-04 14:49:50.643 BaldursGateIIEnhancedEdition[26058:118586130] INFO: status: 0
2026-09-04 14:49:50.644 BaldursGateIIEnhancedEdition[26058:118586130] INFO: Creating DPWrapper
[S_API] SteamAPI_Init(): Loaded '$HOME/Library/Application Support/Steam/Steam.AppBundle/Steam/Contents/MacOS/steamclient.dylib' OK.
Setting breakpad minidump AppID = 257350
SteamInternal_SetMinidumpSteamID:  Caching Steam ID:  <steam-id> [API loaded no]
2026-09-04 14:49:50.740 BaldursGateIIEnhancedEdition[26058:118586130] INFO: Get Data Directory: $HOME/Library/Application Support/Steam/steamapps/common/Baldur's Gate II Enhanced Edition
2026-09-04 14:49:50.740 BaldursGateIIEnhancedEdition[26058:118586130] INFO: Get Data Directory: $HOME/Library/Application Support/Steam/steamapps/common/Baldur's Gate II Enhanced Edition
2026-09-04 14:49:50.776 BaldursGateIIEnhancedEdition[26058:118586130] INFO: scanning:(0) $HOME/Library/Application Support/Steam/steamapps/common/Baldur's Gate II Enhanced Edition/override
2026-09-04 14:49:50.822 BaldursGateIIEnhancedEdition[26058:118586130] INFO: scanning:(1) $HOME/Library/Application Support/Steam/steamapps/common/Baldur's Gate II Enhanced Edition/scripts
2026-09-04 14:49:50.823 BaldursGateIIEnhancedEdition[26058:118586130] INFO: scanning:(2) $HOME/Library/Application Support/Steam/steamapps/common/Baldur's Gate II Enhanced Edition/sounds
2026-09-04 14:49:50.823 BaldursGateIIEnhancedEdition[26058:118586130] INFO: scanning:(3) $HOME/Library/Application Support/Steam/steamapps/common/Baldur's Gate II Enhanced Edition/lang/en_US/sounds
2026-09-04 14:49:50.835 BaldursGateIIEnhancedEdition[26058:118586130] INFO: scanning:(4) $HOME/Library/Application Support/Steam/steamapps/common/Baldur's Gate II Enhanced Edition/portraits
2026-09-04 14:49:50.835 BaldursGateIIEnhancedEdition[26058:118586130] INFO: scanning:(5) $HOME/Library/Application Support/Steam/steamapps/common/Baldur's Gate II Enhanced Edition/characters
2026-09-04 14:49:50.835 BaldursGateIIEnhancedEdition[26058:118586130] INFO: scanning:(6) $HOME/Library/Application Support/Steam/steamapps/common/Baldur's Gate II Enhanced Edition/movies
2026-09-04 14:49:50.836 BaldursGateIIEnhancedEdition[26058:118586130] INFO: scanning:(7) $HOME/Library/Application Support/Steam/steamapps/common/Baldur's Gate II Enhanced Edition/lang/en_US/movies
2026-09-04 14:49:50.836 BaldursGateIIEnhancedEdition[26058:118586130] INFO: scanning:(8) $HOME/Documents/Baldur's Gate II - Enhanced Edition/override
2026-09-04 14:49:50.836 BaldursGateIIEnhancedEdition[26058:118586130] INFO: scanning:(9) $HOME/Documents/Baldur's Gate II - Enhanced Edition/scripts
2026-09-04 14:49:50.836 BaldursGateIIEnhancedEdition[26058:118586130] INFO: scanning:(10) $HOME/Documents/Baldur's Gate II - Enhanced Edition/sounds
2026-09-04 14:49:50.836 BaldursGateIIEnhancedEdition[26058:118586130] INFO: scanning:(11) $HOME/Documents/Baldur's Gate II - Enhanced Edition/portraits
2026-09-04 14:49:50.836 BaldursGateIIEnhancedEdition[26058:118586130] INFO: scanning:(12) $HOME/Documents/Baldur's Gate II - Enhanced Edition/characters
2026-09-04 14:49:50.836 BaldursGateIIEnhancedEdition[26058:118586130] INFO: scanning:(13) $HOME/Documents/Baldur's Gate II - Enhanced Edition/movies
2026-09-04 14:49:50.837 BaldursGateIIEnhancedEdition[26058:118586130] INFO: scanning:(0) $HOME/Library/Application Support/Steam/steamapps/common/Baldur's Gate II Enhanced Edition/override
2026-09-04 14:49:50.851 BaldursGateIIEnhancedEdition[26058:118586130] INFO: scanning:(1) $HOME/Library/Application Support/Steam/steamapps/common/Baldur's Gate II Enhanced Edition/scripts
2026-09-04 14:49:50.851 BaldursGateIIEnhancedEdition[26058:118586130] INFO: scanning:(2) $HOME/Library/Application Support/Steam/steamapps/common/Baldur's Gate II Enhanced Edition/sounds
2026-09-04 14:49:50.851 BaldursGateIIEnhancedEdition[26058:118586130] INFO: scanning:(3) $HOME/Library/Application Support/Steam/steamapps/common/Baldur's Gate II Enhanced Edition/lang/en_US/sounds
2026-09-04 14:49:50.853 BaldursGateIIEnhancedEdition[26058:118586130] INFO: scanning:(4) $HOME/Library/Application Support/Steam/steamapps/common/Baldur's Gate II Enhanced Edition/portraits
2026-09-04 14:49:50.853 BaldursGateIIEnhancedEdition[26058:118586130] INFO: scanning:(5) $HOME/Library/Application Support/Steam/steamapps/common/Baldur's Gate II Enhanced Edition/characters
2026-09-04 14:49:50.853 BaldursGateIIEnhancedEdition[26058:118586130] INFO: scanning:(6) $HOME/Library/Application Support/Steam/steamapps/common/Baldur's Gate II Enhanced Edition/movies
2026-09-04 14:49:50.853 BaldursGateIIEnhancedEdition[26058:118586130] INFO: scanning:(7) $HOME/Library/Application Support/Steam/steamapps/common/Baldur's Gate II Enhanced Edition/lang/en_US/movies
2026-09-04 14:49:50.853 BaldursGateIIEnhancedEdition[26058:118586130] INFO: scanning:(8) $HOME/Documents/Baldur's Gate II - Enhanced Edition/override
2026-09-04 14:49:50.853 BaldursGateIIEnhancedEdition[26058:118586130] INFO: scanning:(9) $HOME/Documents/Baldur's Gate II - Enhanced Edition/scripts
2026-09-04 14:49:50.853 BaldursGateIIEnhancedEdition[26058:118586130] INFO: scanning:(10) $HOME/Documents/Baldur's Gate II - Enhanced Edition/sounds
2026-09-04 14:49:50.853 BaldursGateIIEnhancedEdition[26058:118586130] INFO: scanning:(11) $HOME/Documents/Baldur's Gate II - Enhanced Edition/portraits
2026-09-04 14:49:50.853 BaldursGateIIEnhancedEdition[26058:118586130] INFO: scanning:(12) $HOME/Documents/Baldur's Gate II - Enhanced Edition/characters
2026-09-04 14:49:50.853 BaldursGateIIEnhancedEdition[26058:118586130] INFO: scanning:(13) $HOME/Documents/Baldur's Gate II - Enhanced Edition/movies
2026-09-04 14:49:50.854 BaldursGateIIEnhancedEdition[26058:118586130] INFO: scanning:(0) $HOME/Library/Application Support/Steam/steamapps/common/Baldur's Gate II Enhanced Edition/override
2026-09-04 14:49:50.865 BaldursGateIIEnhancedEdition[26058:118586130] INFO: scanning:(1) $HOME/Library/Application Support/Steam/steamapps/common/Baldur's Gate II Enhanced Edition/scripts
2026-09-04 14:49:50.866 BaldursGateIIEnhancedEdition[26058:118586130] INFO: scanning:(2) $HOME/Library/Application Support/Steam/steamapps/common/Baldur's Gate II Enhanced Edition/sounds
2026-09-04 14:49:50.866 BaldursGateIIEnhancedEdition[26058:118586130] INFO: scanning:(3) $HOME/Library/Application Support/Steam/steamapps/common/Baldur's Gate II Enhanced Edition/lang/en_US/sounds
2026-09-04 14:49:50.867 BaldursGateIIEnhancedEdition[26058:118586130] INFO: scanning:(4) $HOME/Library/Application Support/Steam/steamapps/common/Baldur's Gate II Enhanced Edition/portraits
2026-09-04 14:49:50.867 BaldursGateIIEnhancedEdition[26058:118586130] INFO: scanning:(5) $HOME/Library/Application Support/Steam/steamapps/common/Baldur's Gate II Enhanced Edition/characters
2026-09-04 14:49:50.867 BaldursGateIIEnhancedEdition[26058:118586130] INFO: scanning:(6) $HOME/Library/Application Support/Steam/steamapps/common/Baldur's Gate II Enhanced Edition/movies
2026-09-04 14:49:50.867 BaldursGateIIEnhancedEdition[26058:118586130] INFO: scanning:(7) $HOME/Library/Application Support/Steam/steamapps/common/Baldur's Gate II Enhanced Edition/lang/en_US/movies
2026-09-04 14:49:50.867 BaldursGateIIEnhancedEdition[26058:118586130] INFO: scanning:(8) $HOME/Documents/Baldur's Gate II - Enhanced Edition/override
2026-09-04 14:49:50.867 BaldursGateIIEnhancedEdition[26058:118586130] INFO: scanning:(9) $HOME/Documents/Baldur's Gate II - Enhanced Edition/scripts
2026-09-04 14:49:50.867 BaldursGateIIEnhancedEdition[26058:118586130] INFO: scanning:(10) $HOME/Documents/Baldur's Gate II - Enhanced Edition/sounds
2026-09-04 14:49:50.867 BaldursGateIIEnhancedEdition[26058:118586130] INFO: scanning:(11) $HOME/Documents/Baldur's Gate II - Enhanced Edition/portraits
2026-09-04 14:49:50.867 BaldursGateIIEnhancedEdition[26058:118586130] INFO: scanning:(12) $HOME/Documents/Baldur's Gate II - Enhanced Edition/characters
2026-09-04 14:49:50.867 BaldursGateIIEnhancedEdition[26058:118586130] INFO: scanning:(13) $HOME/Documents/Baldur's Gate II - Enhanced Edition/movies
2026-09-04 14:49:50.882 BaldursGateIIEnhancedEdition[26058:118586130] INFO: LUA: A7LOG	0					gamelog tap loaded
2026-09-04 14:49:50.909 BaldursGateIIEnhancedEdition[26058:118586130] INFO: LUA: UI string not found: Recent events text will go here.
2026-09-04 14:49:50.973 BaldursGateIIEnhancedEdition[26058:118586130] INFO: ERROR! Failed to load file (install:/dialogf.tlk) at path: $HOME/Library/Application Support/Steam/steamapps/common/Baldur's Gate II Enhanced Edition/dialogf.tlk
2026-09-04 14:49:50.973 BaldursGateIIEnhancedEdition[26058:118586130] INFO: LUA: Initializing Quests
2026-09-04 14:49:51.056 BaldursGateIIEnhancedEdition[26058:118586130] ApplePersistenceIgnoreState: Existing state will not be touched. New state will be written to /var/folders/4c/tj2xw__94nx1fstq9yzdc3mw0000gp/T/com.beamdog.baldursgateIIenhancededition-steam.savedState
2026-09-04 14:49:51.157 BaldursGateIIEnhancedEdition[26058:118586130] INFO: gl.useShaders: 1
gl.has_s3tc: 1
gl.has_pvrtc: 0
gl.has_atc: 0
gl.postprocessing: 0
gl.uploadFormat: 0x80E1
gl.uploadType: 0x8367
gl.versionstring: 2.1 Metal - 89.4
gl.majorVersion: 2
gl.minorVersion: 1
2026-09-04 14:49:51.188 BaldursGateIIEnhancedEdition[26058:118586130] INFO: Font: loaded font STONESML
2026-09-04 14:49:51.217 BaldursGateIIEnhancedEdition[26058:118586130] INFO: ERROR! Failed to load file (install:/music/mx1602.mus) at path: $HOME/Library/Application Support/Steam/steamapps/common/Baldur's Gate II Enhanced Edition/music/mx1602.mus
2026-09-04 14:49:51.217 BaldursGateIIEnhancedEdition[26058:118586130] INFO: ERROR! Failed to load file (install:/music/mx2202.mus) at path: $HOME/Library/Application Support/Steam/steamapps/common/Baldur's Gate II Enhanced Edition/music/mx2202.mus
2026-09-04 14:49:51.217 BaldursGateIIEnhancedEdition[26058:118586130] INFO: ERROR! Failed to load file (install:/music/tav5.mus) at path: $HOME/Library/Application Support/Steam/steamapps/common/Baldur's Gate II Enhanced Edition/music/tav5.mus
2026-09-04 14:49:51.217 BaldursGateIIEnhancedEdition[26058:118586130] INFO: ERROR! Failed to load file (install:/music/tav6.mus) at path: $HOME/Library/Application Support/Steam/steamapps/common/Baldur's Gate II Enhanced Edition/music/tav6.mus
2026-09-04 14:49:51.222 BaldursGateIIEnhancedEdition[26058:118586130] INFO: ERROR! Failed to load file (install:/music/mx1602.mus) at path: $HOME/Library/Application Support/Steam/steamapps/common/Baldur's Gate II Enhanced Edition/music/mx1602.mus
2026-09-04 14:49:51.222 BaldursGateIIEnhancedEdition[26058:118586130] INFO: ERROR! Failed to load file (install:/music/mx2202.mus) at path: $HOME/Library/Application Support/Steam/steamapps/common/Baldur's Gate II Enhanced Edition/music/mx2202.mus
2026-09-04 14:49:51.222 BaldursGateIIEnhancedEdition[26058:118586130] INFO: ERROR! Failed to load file (install:/music/tav5.mus) at path: $HOME/Library/Application Support/Steam/steamapps/common/Baldur's Gate II Enhanced Edition/music/tav5.mus
2026-09-04 14:49:51.222 BaldursGateIIEnhancedEdition[26058:118586130] INFO: ERROR! Failed to load file (install:/music/tav6.mus) at path: $HOME/Library/Application Support/Steam/steamapps/common/Baldur's Gate II Enhanced Edition/music/tav6.mus
2026-09-04 14:49:51.224 BaldursGateIIEnhancedEdition[26058:118586130] INFO: Baldur's Gate II - Enhanced Edition v2.7.3.0
2026-09-04 14:49:51.386 BaldursGateIIEnhancedEdition[26058:118586130] INFO: sAchieveID=NONE,m_sGlobalName=GameDifficulty,m_nValue=6
2026-09-04 14:49:51.392 BaldursGateIIEnhancedEdition[26058:118586130] INFO: Font: loaded font NORMAL
2026-09-04 14:49:55.165 BaldursGateIIEnhancedEdition[26058:118586130] INFO: Font: Added point size (18) for font STONESML
2026-09-04 14:49:55.175 BaldursGateIIEnhancedEdition[26058:118586130] INFO: sAchieveID=NONE,m_sGlobalName=GameDifficulty,m_nValue=6
2026-09-04 14:49:55.865 BaldursGateIIEnhancedEdition[26058:118586130] INFO: Font: Added point size (45) for font NORMAL
2026-09-04 14:49:57.015 BaldursGateIIEnhancedEdition[26058:118586130] INFO: sAchieveID=NONE,m_sGlobalName=GameDifficulty,m_nValue=6
2026-09-04 14:49:59.369 BaldursGateIIEnhancedEdition[26058:118586130] INFO: Font: loaded font REALMS
2026-09-04 14:49:59.369 BaldursGateIIEnhancedEdition[26058:118586130] INFO: Font: Added point size (28) for font REALMS
2026-09-04 14:49:59.372 BaldursGateIIEnhancedEdition[26058:118586130] INFO: Font: Added point size (21) for font STONESML
2026-09-04 14:49:59.373 BaldursGateIIEnhancedEdition[26058:118586130] INFO: Font: Added point size (32) for font STONESML
2026-09-04 14:50:01.322 BaldursGateIIEnhancedEdition[26058:118586130] INFO: LUA: Initializing Quests
2026-09-04 14:50:01.523 BaldursGateIIEnhancedEdition[26058:118586130] INFO: LUA: Initializing Quests
2026-09-04 14:50:01.538 BaldursGateIIEnhancedEdition[26058:118586130] INFO: sAchieveID=NONE,m_sGlobalName=GameDifficulty,m_nValue=6
2026-09-04 14:50:01.538 BaldursGateIIEnhancedEdition[26058:118586130] INFO: sAchieveID=NONE,m_sGlobalName=GameDifficulty,m_nValue=6
2026-09-04 14:50:01.538 BaldursGateIIEnhancedEdition[26058:118586130] INFO: sAchieveID=NONE,m_sGlobalName=GameDifficulty,m_nValue=6
2026-09-04 14:50:01.591 BaldursGateIIEnhancedEdition[26058:118586130] INFO: Font: loaded font FLOATTXT
2026-09-04 14:50:01.592 BaldursGateIIEnhancedEdition[26058:118586130] INFO: Font: Added point size (18) for font FLOATTXT
2026-09-04 14:50:03.909 BaldursGateIIEnhancedEdition[26058:118586130] INFO: LUA: A7LOG	1	12660360	13482	Day 1, Hour 22 (3 Mirtul, 1369)	WORLD_QUICKLOOT	^0xff0000ffPAUSED^-
2026-09-04 14:50:03.910 BaldursGateIIEnhancedEdition[26058:118586130] INFO: Font: loaded font POSTANTI
2026-09-04 14:50:03.910 BaldursGateIIEnhancedEdition[26058:118586130] INFO: Font: Added point size (21) for font POSTANTI
2026-09-04 14:50:04.261 BaldursGateIIEnhancedEdition[26058:118586130] INFO: LUA: A7LOG	2	12660360	13834	Day 1, Hour 22 (3 Mirtul, 1369)	WORLD_QUICKLOOT	^0xffd6bd9fJaheira^-: ^0xffd7c8a0Nature's servant awaits.^-
2026-09-04 14:50:05.304 BaldursGateIIEnhancedEdition[26058:118586130] INFO: Font: Added point size (25) for font NORMAL
2026-09-04 14:50:05.305 BaldursGateIIEnhancedEdition[26058:118586130] INFO: Font: loaded font TOOLTIP
2026-09-04 14:50:05.305 BaldursGateIIEnhancedEdition[26058:118586130] INFO: Font: Added point size (25) for font TOOLTIP
2026-09-04 14:50:06.981 BaldursGateIIEnhancedEdition[26058:118586130] INFO: LUA: A7LOG	3	12660360	16554	Day 1, Hour 22 (3 Mirtul, 1369)	WORLD_QUICKLOOT	^0xffd6bd9fJaheira^-: ^0xffbed7d7is Casting Barkskin : Imoen^-
2026-09-04 14:50:10.177 BaldursGateIIEnhancedEdition[26058:118586130] INFO: LUA: A7LOG	4	12660360	19750	Day 1, Hour 22 (3 Mirtul, 1369)	WORLD_QUICKLOOT	^0xffd6bd9fJaheira^-: ^0xffbed7d7is Casting Barkskin : Booprikt^-
2026-09-04 14:50:13.750 BaldursGateIIEnhancedEdition[26058:118586130] INFO: LUA: A7LOG	5	12660360	23323	Day 1, Hour 22 (3 Mirtul, 1369)	WORLD_QUICKLOOT	^0xffcb967dBooprikt^-: ^0xffd7c8a0Hmm?^-
2026-09-04 14:50:14.580 BaldursGateIIEnhancedEdition[26058:118586130] INFO: LUA: A7LOG	6	12660360	24153	Day 1, Hour 22 (3 Mirtul, 1369)	WORLD_QUICKLOOT	^0xffcb967dBooprikt^-: ^0xffbed7d7Stopped Detecting Traps / Illusions^-
2026-09-04 14:50:17.533 BaldursGateIIEnhancedEdition[26058:118586130] INFO: LUA: A7LOG	7	12660360	27106	Day 1, Hour 22 (3 Mirtul, 1369)	WORLD_QUICKLOOT	^0xff0000ffUNPAUSED^-
2026-09-04 14:50:21.911 BaldursGateIIEnhancedEdition[26058:118586130] INFO: LUA: A7LOG	8	12664200	31484	Day 1, Hour 22 (3 Mirtul, 1369)	WORLD_QUICKLOOT	^0xff0000ffPAUSED^-
2026-09-04 14:50:21.955 BaldursGateIIEnhancedEdition[26058:118586130] INFO: LUA: A7LOG	9	12664200	31528	Day 1, Hour 22 (3 Mirtul, 1369)	WORLD_QUICKLOOT	^0xffd6bd9fJaheira^-: ^0xffbed7d7Casts Barkskin : Booprikt^-
2026-09-04 14:50:21.955 BaldursGateIIEnhancedEdition[26058:118586130] INFO: LUA: A7LOG	10	12664200	31528	Day 1, Hour 22 (3 Mirtul, 1369)	WORLD_QUICKLOOT	^0xffd6bd9fJaheira^-: ^0xffbed7d7Auto-Paused: Spell Cast^-
2026-09-04 14:50:21.955 BaldursGateIIEnhancedEdition[26058:118586130] INFO: LUA: A7LOG	11	12664200	31528	Day 1, Hour 22 (3 Mirtul, 1369)	WORLD_QUICKLOOT	^0xffcb967dBooprikt^-: ^0xffbed7d7Bark Skin^-
2026-09-04 14:50:22.969 BaldursGateIIEnhancedEdition[26058:118586130] INFO: LUA: A7LOG	12	12664200	32542	Day 1, Hour 22 (3 Mirtul, 1369)	WORLD_QUICKLOOT	^0xff0000ffUNPAUSED^-
2026-09-04 14:50:24.673 BaldursGateIIEnhancedEdition[26058:118586130] INFO: LUA: A7LOG	13	12665640	34246	Day 1, Hour 22 (3 Mirtul, 1369)	WORLD_QUICKLOOT	^0xff0000ffPAUSED^-
2026-09-04 14:50:24.729 BaldursGateIIEnhancedEdition[26058:118586130] INFO: LUA: A7LOG	14	12665640	34302	Day 1, Hour 22 (3 Mirtul, 1369)	WORLD_QUICKLOOT	^0xffcb967dBooprikt^-: ^0xffbed7d7Casts Animate Dead^-
2026-09-04 14:50:24.729 BaldursGateIIEnhancedEdition[26058:118586130] INFO: LUA: A7LOG	15	12665640	34302	Day 1, Hour 22 (3 Mirtul, 1369)	WORLD_QUICKLOOT	^0xffcb967dBooprikt^-: ^0xffbed7d7Auto-Paused: Spell Cast^-
2026-09-04 14:50:25.390 BaldursGateIIEnhancedEdition[26058:118586130] INFO: LUA: A7LOG	16	12665700	34963	Day 1, Hour 22 (3 Mirtul, 1369)	WORLD_QUICKLOOT	^0xff0000ffUNPAUSED^-
2026-09-04 14:50:25.697 BaldursGateIIEnhancedEdition[26058:118586130] INFO: LUA: A7LOG	17	12665940	35269	Day 1, Hour 22 (3 Mirtul, 1369)	WORLD_QUICKLOOT	^0xffcb967dBooprikt^-: ^0xffbed7d7Detecting Traps / Illusions^-
2026-09-04 14:50:28.233 BaldursGateIIEnhancedEdition[26058:118586130] INFO: LUA: A7LOG	18	12668100	37806	Day 1, Hour 22 (3 Mirtul, 1369)	WORLD_QUICKLOOT	^0xff0000ffPAUSED^-
2026-09-04 14:50:29.614 BaldursGateIIEnhancedEdition[26058:118586130] INFO: LUA: A7LOG	19	12668100	39187	Day 1, Hour 22 (3 Mirtul, 1369)	WORLD_QUICKLOOT	^0xffd6bd9fJaheira^-: ^0xffd7c8a0I await your need.^-
2026-09-04 14:50:30.553 BaldursGateIIEnhancedEdition[26058:118586130] INFO: LUA: A7LOG	20	12668100	40125	Day 1, Hour 22 (3 Mirtul, 1369)	WORLD_QUICKLOOT	^0xffd6bd9fJaheira^-: ^0xffd7c8a0It is done.^-
2026-09-04 14:50:31.173 BaldursGateIIEnhancedEdition[26058:118586130] INFO: LUA: A7LOG	21	12668160	40746	Day 1, Hour 22 (3 Mirtul, 1369)	WORLD_QUICKLOOT	^0xff0000ffUNPAUSED^-
2026-09-04 14:50:32.574 BaldursGateIIEnhancedEdition[26058:118586130] INFO: LUA: A7LOG	22	12669300	42147	Day 1, Hour 22 (3 Mirtul, 1369)	WORLD_QUICKLOOT	^0xff0000ffPAUSED^-
2026-09-04 14:50:36.494 BaldursGateIIEnhancedEdition[26058:118586130] INFO: LUA: A7LOG	23	12669300	46066	Day 1, Hour 22 (3 Mirtul, 1369)	WORLD_QUICKLOOT	^0xffcb967dBooprikt^-: ^0xffd7c8a0I'm waiting.^-
2026-09-04 14:50:37.053 BaldursGateIIEnhancedEdition[26058:118586130] INFO: LUA: A7LOG	24	12669300	46625	Day 1, Hour 22 (3 Mirtul, 1369)	WORLD_QUICKLOOT	^0xffffb3f3Imoen^-: ^0xffd7c8a0Yep?^-
2026-09-04 14:50:38.124 BaldursGateIIEnhancedEdition[26058:118586130] INFO: LUA: A7LOG	25	12669300	47697	Day 1, Hour 22 (3 Mirtul, 1369)	WORLD_QUICKLOOT	^0xffffb3f3Imoen^-: ^0xffbed7d7Stopped Detecting Traps / Illusions^-
2026-09-04 14:50:41.261 BaldursGateIIEnhancedEdition[26058:118586130] INFO: LUA: A7LOG	26	12669360	50834	Day 1, Hour 22 (3 Mirtul, 1369)	WORLD_QUICKLOOT	^0xff0000ffUNPAUSED^-
2026-09-04 14:50:42.153 BaldursGateIIEnhancedEdition[26058:118586130] INFO: LUA: A7LOG	27	12670020	51726	Day 1, Hour 22 (3 Mirtul, 1369)	WORLD_QUICKLOOT	^0xff0000ffPAUSED^-
2026-09-04 14:50:43.610 BaldursGateIIEnhancedEdition[26058:118586130] INFO: LUA: A7LOG	28	12670020	53183	Day 1, Hour 22 (3 Mirtul, 1369)	WORLD_QUICKLOOT	^0xffffb3f3Imoen^-: ^0xffd7c8a0Whatchu want?^-
2026-09-04 14:50:44.240 BaldursGateIIEnhancedEdition[26058:118586130] INFO: LUA: A7LOG	29	12670020	53812	Day 1, Hour 22 (3 Mirtul, 1369)	WORLD_QUICKLOOT	^0xffffb3f3Imoen^-: ^0xffd7c8a0Gotcha.^-
2026-09-04 14:50:47.986 BaldursGateIIEnhancedEdition[26058:118586130] INFO: LUA: A7LOG	30	12670080	57558	Day 1, Hour 22 (3 Mirtul, 1369)	WORLD_QUICKLOOT	^0xff0000ffUNPAUSED^-
2026-09-04 14:50:48.565 BaldursGateIIEnhancedEdition[26058:118586130] INFO: LUA: A7LOG	31	12670500	58137	Day 1, Hour 22 (3 Mirtul, 1369)	WORLD_QUICKLOOT	^0xff0000ffPAUSED^-
2026-09-04 14:50:58.697 BaldursGateIIEnhancedEdition[26058:118586130] INFO: LUA: A7LOG	32	12670500	68270	Day 1, Hour 22 (3 Mirtul, 1369)	WORLD_QUICKLOOT	^0xff0000ffUNPAUSED^-
2026-09-04 14:50:59.899 BaldursGateIIEnhancedEdition[26058:118586130] INFO: LUA: A7LOG	33	12671580	69471	Day 1, Hour 22 (3 Mirtul, 1369)	WORLD_QUICKLOOT	^0xffffb3f3Imoen^-: ^0xffbed7d7Detecting Traps / Illusions^-
2026-09-04 14:51:00.274 BaldursGateIIEnhancedEdition[26058:118586130] INFO: LUA: A7LOG	34	12671820	69846	Day 1, Hour 22 (3 Mirtul, 1369)	WORLD_QUICKLOOT	^0xff0000ffPAUSED^-
2026-09-04 14:51:01.186 BaldursGateIIEnhancedEdition[26058:118586130] INFO: LUA: A7LOG	35	12671820	70758	Day 1, Hour 22 (3 Mirtul, 1369)	WORLD_QUICKLOOT	^0xffd6bd9fJaheira^-: ^0xffd7c8a0Yes?^-
2026-09-04 14:51:02.919 BaldursGateIIEnhancedEdition[26058:118586130] INFO: LUA: A7LOG	36	12671820	72491	Day 1, Hour 22 (3 Mirtul, 1369)	WORLD_QUICKLOOT	^0xffd6bd9fJaheira^-: ^0xffd7c8a0I am willing.^-
2026-09-04 14:51:03.333 BaldursGateIIEnhancedEdition[26058:118586130] INFO: LUA: A7LOG	37	12671820	72906	Day 1, Hour 22 (3 Mirtul, 1369)	WORLD_QUICKLOOT	^0xff0000ffUNPAUSED^-
2026-09-04 14:51:04.160 BaldursGateIIEnhancedEdition[26058:118586130] INFO: LUA: A7LOG	38	12672540	73732	Day 1, Hour 22 (3 Mirtul, 1369)	WORLD_QUICKLOOT	^0xff018bffSkeleton Warrior^-: ^0xffbed7d7Attacks Cambion^-
2026-09-04 14:51:04.306 BaldursGateIIEnhancedEdition[26058:118586130] INFO: LUA: A7LOG	39	12672600	73879	Day 1, Hour 22 (3 Mirtul, 1369)	WORLD_QUICKLOOT	^0xff0000ffPAUSED^-
2026-09-04 14:51:08.858 BaldursGateIIEnhancedEdition[26058:118586130] INFO: LUA: A7LOG	40	12672600	78430	Day 1, Hour 22 (3 Mirtul, 1369)	WORLD_QUICKLOOT	^0xff0000ffUNPAUSED^-
2026-09-04 14:51:09.200 BaldursGateIIEnhancedEdition[26058:118586130] INFO: LUA: A7LOG	41	12672840	78772	Day 1, Hour 22 (3 Mirtul, 1369)	WORLD_QUICKLOOT	^0xff0000ffPAUSED^-
2026-09-04 14:51:09.233 BaldursGateIIEnhancedEdition[26058:118586130] INFO: LUA: A7LOG	42	12672840	78805	Day 1, Hour 22 (3 Mirtul, 1369)	WORLD_QUICKLOOT	^0xffd6bd9fJaheira^-: ^0xffbed7d7Auto-Paused: Enemy Sighted^-
2026-09-04 14:51:10.216 BaldursGateIIEnhancedEdition[26058:118586130] INFO: LUA: A7LOG	43	12672840	79788	Day 1, Hour 22 (3 Mirtul, 1369)	WORLD_QUICKLOOT	^0xffd6bd9fJaheira^-: ^0xffd7c8a0I am ready.^-
2026-09-04 14:51:13.475 BaldursGateIIEnhancedEdition[26058:118586130] INFO: LUA: A7LOG	44	12672840	83048	Day 1, Hour 22 (3 Mirtul, 1369)	WORLD_QUICKLOOT	^0xffc0a1aaMinsc^-: ^0xffd7c8a0You point, I punch.^-
2026-09-04 14:51:14.863 BaldursGateIIEnhancedEdition[26058:118586130] INFO: LUA: A7LOG	45	12672840	84435	Day 1, Hour 22 (3 Mirtul, 1369)	WORLD_QUICKLOOT	^0xffc0a1aaMinsc^-: ^0xffd7c8a0Where Minsc goes, evil stands aside.^-
2026-09-04 14:51:15.725 BaldursGateIIEnhancedEdition[26058:118586130] INFO: LUA: A7LOG	46	12672840	85297	Day 1, Hour 22 (3 Mirtul, 1369)	WORLD_QUICKLOOT	^0xff0000ffUNPAUSED^-
2026-09-04 14:51:17.269 BaldursGateIIEnhancedEdition[26058:118586130] INFO: LUA: A7LOG	47	12674100	86841	Day 1, Hour 22 (3 Mirtul, 1369)	WORLD_QUICKLOOT	^0xff0000ffPAUSED^-
2026-09-04 14:51:18.102 BaldursGateIIEnhancedEdition[26058:118586130] INFO: LUA: A7LOG	48	12674100	87674	Day 1, Hour 22 (3 Mirtul, 1369)	WORLD_QUICKLOOT	^0xffc0a1aaMinsc^-: ^0xffd7c8a0Swords, not words!^-
2026-09-04 14:51:18.900 BaldursGateIIEnhancedEdition[26058:118586130] INFO: LUA: A7LOG	49	12674100	88472	Day 1, Hour 22 (3 Mirtul, 1369)	WORLD_QUICKLOOT	^0xffc0a1aaMinsc^-: ^0xffd7c8a0Jump on my sword while you can, evil. I won't be as gentle!^-
2026-09-04 14:51:19.855 BaldursGateIIEnhancedEdition[26058:118586130] INFO: LUA: A7LOG	50	12674100	89427	Day 1, Hour 22 (3 Mirtul, 1369)	WORLD_QUICKLOOT	^0xff0000ffUNPAUSED^-
2026-09-04 14:51:20.060 BaldursGateIIEnhancedEdition[26058:118586130] INFO: LUA: A7LOG	51	12674280	89632	Day 1, Hour 22 (3 Mirtul, 1369)	WORLD_QUICKLOOT	^0xff018bffSkeleton Warrior^-: ^0xffbed7d7Attacks Cambion^-
2026-09-04 14:51:20.128 BaldursGateIIEnhancedEdition[26058:118586130] INFO: LUA: A7LOG	52	12674340	89700	Day 1, Hour 22 (3 Mirtul, 1369)	WORLD_QUICKLOOT	^0xff018bffSkeleton Warrior^-: ^0xffbed7d7Attacks Cambion^-
2026-09-04 14:51:20.128 BaldursGateIIEnhancedEdition[26058:118586130] INFO: LUA: A7LOG	53	12674340	89700	Day 1, Hour 22 (3 Mirtul, 1369)	WORLD_QUICKLOOT	^0xffd6bd9fJaheira^-: ^0xffbed7d7Attacks Cambion^-
2026-09-04 14:51:20.436 BaldursGateIIEnhancedEdition[26058:118586130] INFO: LUA: A7LOG	54	12674520	90008	Day 1, Hour 22 (3 Mirtul, 1369)	WORLD_QUICKLOOT	^0xff0000ffPAUSED^-
2026-09-04 14:51:22.349 BaldursGateIIEnhancedEdition[26058:118586130] INFO: LUA: A7LOG	55	12674520	91921	Day 1, Hour 22 (3 Mirtul, 1369)	WORLD_QUICKLOOT	^0xff018bffSkeleton Warrior^-: ^0xffbed7d7is Attacking Cambion^-
2026-09-04 14:51:24.738 BaldursGateIIEnhancedEdition[26058:118586130] INFO: LUA: A7LOG	56	12674520	94310	Day 1, Hour 22 (3 Mirtul, 1369)	WORLD_QUICKLOOT	^0xff0000ffUNPAUSED^-
2026-09-04 14:51:24.814 BaldursGateIIEnhancedEdition[26058:118586130] INFO: LUA: A7LOG	57	12674580	94386	Day 1, Hour 22 (3 Mirtul, 1369)	WORLD_QUICKLOOT	^0xff018bffSkeleton Warrior^-: ^0xffbed7d7Attacks Cambion^-
2026-09-04 14:51:24.814 BaldursGateIIEnhancedEdition[26058:118586130] INFO: LUA: A7LOG	58	12674580	94386	Day 1, Hour 22 (3 Mirtul, 1369)	WORLD_QUICKLOOT	^0xff018bffSkeleton Warrior^-: ^0xffbed7d7Attacks Cambion^-
2026-09-04 14:51:24.874 BaldursGateIIEnhancedEdition[26058:118586130] INFO: LUA: A7LOG	59	12674640	94446	Day 1, Hour 22 (3 Mirtul, 1369)	WORLD_QUICKLOOT	^0xffbed7d7Jaheira^-: ^0xffbed7d7Roll:16 +Luck:0 +SpecialAC:0  +HitMod:0  +Attack of Opportunity:0  +Berserk:0  +Right:2 (+Weapon Bonus 0+Launcher 0+Proficiency 0+Dex 2+Missile 0+Racial 0+Effects 0) +Invisible:0  +Invisible Target:0  +Range:0  +Hated Race:0  +Special Target:0  +Protections:0 ^-
2026-09-04 14:51:24.874 BaldursGateIIEnhancedEdition[26058:118586130] INFO: LUA: A7LOG	60	12674640	94446	Day 1, Hour 22 (3 Mirtul, 1369)	WORLD_QUICKLOOT	^0xffd6bd9fJaheira^-: ^0xffbed7d7Attack Roll 16 + 2 = 18 : Hit^-
2026-09-04 14:51:24.874 BaldursGateIIEnhancedEdition[26058:118586130] INFO: LUA: A7LOG	61	12674640	94447	Day 1, Hour 22 (3 Mirtul, 1369)	WORLD_QUICKLOOT	^0xffbed7d7Jaheira^-: ^0xffbed7d7Roll:5  +DamageMod:0  +Hand bonus:0 (+Proficiency 0+Missile 0+Effects 0) +Attack of Opportunity:0  *Backstab:0  +Berserk:0  +Strength:0  +Hated Race:0  +Special Bonus:0 ^-
2026-09-04 14:51:25.153 BaldursGateIIEnhancedEdition[26058:118586130] INFO: LUA: A7LOG	62	12674880	94725	Day 1, Hour 22 (3 Mirtul, 1369)	WORLD_QUICKLOOT	^0xff7769d5Jaheira^-: ^0xffbed7d7Cambion was immune to my damage.^-
2026-09-04 14:51:26.172 BaldursGateIIEnhancedEdition[26058:118586130] INFO: LUA: A7LOG	63	12675720	95744	Day 1, Hour 22 (3 Mirtul, 1369)	WORLD_QUICKLOOT	^0xff0000ffPAUSED^-
2026-09-04 14:51:28.370 BaldursGateIIEnhancedEdition[26058:118586130] INFO: LUA: A7LOG	64	12675720	97942	Day 1, Hour 22 (3 Mirtul, 1369)	WORLD_QUICKLOOT	^0xffd6bd9fJaheira^-: ^0xffd7c8a0It is about time.^-
2026-09-04 14:51:31.171 BaldursGateIIEnhancedEdition[26058:118586130] INFO: LUA: A7LOG	65	12675720	100743	Day 1, Hour 22 (3 Mirtul, 1369)	WORLD_QUICKLOOT	^0xffc0a1aaMinsc^-: ^0xffd7c8a0Minsc and Boo stand ready.^-
2026-09-04 14:51:31.694 BaldursGateIIEnhancedEdition[26058:118586130] INFO: LUA: A7LOG	66	12675720	101266	Day 1, Hour 22 (3 Mirtul, 1369)	WORLD_QUICKLOOT	^0xffc0a1aaMinsc^-: ^0xffd7c8a0Live by the sword, live a good long time!^-
2026-09-04 14:51:32.412 BaldursGateIIEnhancedEdition[26058:118586130] INFO: LUA: A7LOG	67	12675780	101984	Day 1, Hour 22 (3 Mirtul, 1369)	WORLD_QUICKLOOT	^0xff0000ffUNPAUSED^-
2026-09-04 14:51:34.948 BaldursGateIIEnhancedEdition[26058:118586130] INFO: LUA: A7LOG	68	12678000	104520	Day 1, Hour 22 (3 Mirtul, 1369)	WORLD_QUICKLOOT	^0xffc0a1aaMinsc^-: ^0xffbed7d7Attacks Cambion^-
2026-09-04 14:51:37.162 BaldursGateIIEnhancedEdition[26058:118586130] INFO: LUA: A7LOG	69	12679920	106734	Day 1, Hour 22 (3 Mirtul, 1369)	WORLD_QUICKLOOT	^0xffc0a1aaMinsc^-: ^0xffbed7d7Attacks Cambion^-
2026-09-04 14:51:37.982 BaldursGateIIEnhancedEdition[26058:118586130] INFO: LUA: A7LOG	70	12680640	107554	Day 1, Hour 22 (3 Mirtul, 1369)	WORLD_QUICKLOOT	^0xffffb4b4Pushing on the lever of the machine seems to excite the demon that stands in the circle. The magic barrier that surrounds it weakens visibly. If the wheel is turned further, you expect that the magic might disappear altogether.^-
2026-09-04 14:51:39.097 BaldursGateIIEnhancedEdition[26058:118586130] INFO: LUA: A7LOG	71	12681600	108669	Day 1, Hour 22 (3 Mirtul, 1369)	WORLD_QUICKLOOT	^0xffffb4b4You are too far away to use that.^-
2026-09-04 14:51:39.207 BaldursGateIIEnhancedEdition[26058:118586130] INFO: LUA: A7LOG	72	12681660	108779	Day 1, Hour 22 (3 Mirtul, 1369)	WORLD_QUICKLOOT	^0xffbed7d7Skeleton Warrior^-: ^0xffbed7d7Roll:19 +Luck:0 +SpecialAC:-2  +HitMod:0  +Attack of Opportunity:0  +Berserk:0  +Right:3 (+Weapon Bonus 0+Proficiency 3+STR 0+STREX 0+Melee bonus 0+Racial 0+Effects 0) +Invisible:0  +Invisible Target:0  +Range:0  +Hated Race:0  +Special Target:0  +Protections:0 ^-
2026-09-04 14:51:39.207 BaldursGateIIEnhancedEdition[26058:118586130] INFO: LUA: A7LOG	73	12681660	108779	Day 1, Hour 22 (3 Mirtul, 1369)	WORLD_QUICKLOOT	^0xff018bffSkeleton Warrior^-: ^0xffbed7d7Attack Roll 19 + 1 = 20 : Hit^-
2026-09-04 14:51:39.207 BaldursGateIIEnhancedEdition[26058:118586130] INFO: LUA: A7LOG	74	12681660	108779	Day 1, Hour 22 (3 Mirtul, 1369)	WORLD_QUICKLOOT	^0xffbed7d7Skeleton Warrior^-: ^0xffbed7d7Roll:5  +DamageMod:0  +Hand bonus:0 (+Proficiency 5+Melee bonus 0+Effects 0) +Attack of Opportunity:0  *Backstab:0  +Berserk:0  +Strength:1  +Hated Race:0  +Special Bonus:0 ^-
2026-09-04 14:51:39.207 BaldursGateIIEnhancedEdition[26058:118586130] INFO: LUA: A7LOG	75	12681660	108779	Day 1, Hour 22 (3 Mirtul, 1369)	WORLD_QUICKLOOT	^0xffbed7d7Jaheira^-: ^0xffbed7d7Roll:6 +Luck:0 +SpecialAC:0  +HitMod:0  +Attack of Opportunity:0  +Berserk:0  +Right:2 (+Weapon Bonus 0+Launcher 0+Proficiency 0+Dex 2+Missile 0+Racial 0+Effects 0) +Invisible:0  +Invisible Target:0  +Range:0  +Hated Race:0  +Special Target:0  +Protections:0 ^-
2026-09-04 14:51:39.207 BaldursGateIIEnhancedEdition[26058:118586130] INFO: LUA: A7LOG	76	12681660	108779	Day 1, Hour 22 (3 Mirtul, 1369)	WORLD_QUICKLOOT	^0xffd6bd9fJaheira^-: ^0xffbed7d7Attack Roll 6 + 2 = 8 : Miss^-
2026-09-04 14:51:39.207 BaldursGateIIEnhancedEdition[26058:118586130] INFO: LUA: A7LOG	77	12681660	108779	Day 1, Hour 22 (3 Mirtul, 1369)	WORLD_QUICKLOOT	^0xff7769d5Skeleton Warrior^-: ^0xffbed7d7Cambion was immune to my damage.^-
2026-09-04 14:51:41.319 BaldursGateIIEnhancedEdition[26058:118586130] INFO: LUA: A7LOG	78	12683520	110892	Day 1, Hour 22 (3 Mirtul, 1369)	WORLD_QUICKLOOT	^0xffffb4b4You push the lever, and the room begins to hum. The magic barrier around the demon disappears. The fiend snarls and gnashes his teeth.^-
2026-09-04 14:51:41.591 BaldursGateIIEnhancedEdition[26058:118586130] INFO: LUA: A7LOG	79	12683760	111165	Day 1, Hour 22 (3 Mirtul, 1369)	WORLD_QUICKLOOT	^0xffc0a1aaMinsc^-: ^0xffbed7d7Attacks Cambion^-
2026-09-04 14:51:41.762 BaldursGateIIEnhancedEdition[26058:118586130] INFO: LUA: A7LOG	80	12683880	111336	Day 1, Hour 22 (3 Mirtul, 1369)	WORLD_QUICKLOOT	^0xff018bffSkeleton Warrior^-: ^0xffbed7d7Attacks Cambion^-
2026-09-04 14:51:41.762 BaldursGateIIEnhancedEdition[26058:118586130] INFO: LUA: A7LOG	81	12683880	111337	Day 1, Hour 22 (3 Mirtul, 1369)	WORLD_QUICKLOOT	^0xff018bffSkeleton Warrior^-: ^0xffbed7d7Attacks Cambion^-
2026-09-04 14:51:42.204 BaldursGateIIEnhancedEdition[26058:118586130] INFO: LUA: A7LOG	82	12684300	111780	Day 1, Hour 22 (3 Mirtul, 1369)	WORLD_QUICKLOOT	^0xff7769d5Cambion^-: ^0xffbed7d7Attacks Skeleton Warrior^-
2026-09-04 14:51:42.374 BaldursGateIIEnhancedEdition[26058:118586130] INFO: LUA: A7LOG	83	12684420	111949	Day 1, Hour 22 (3 Mirtul, 1369)	WORLD_QUICKLOOT	^0xffbed7d7Skeleton Warrior^-: ^0xffbed7d7Roll:7 +Luck:0 +SpecialAC:-2  +HitMod:0  +Attack of Opportunity:0  +Berserk:0  +Right:3 (+Weapon Bonus 0+Proficiency 3+STR 0+STREX 0+Melee bonus 0+Racial 0+Effects 0) +Invisible:0  +Invisible Target:0  +Range:0  +Hated Race:0  +Special Target:0  +Protections:0 ^-
2026-09-04 14:51:42.374 BaldursGateIIEnhancedEdition[26058:118586130] INFO: LUA: A7LOG	84	12684420	111950	Day 1, Hour 22 (3 Mirtul, 1369)	WORLD_QUICKLOOT	^0xff018bffSkeleton Warrior^-: ^0xffbed7d7Attack Roll 7 + 1 = 8 : Miss^-
2026-09-04 14:51:42.509 BaldursGateIIEnhancedEdition[26058:118586130] INFO: LUA: A7LOG	85	12684480	112085	Day 1, Hour 22 (3 Mirtul, 1369)	WORLD_QUICKLOOT	^0xff0000ffPAUSED^-
2026-09-04 14:51:44.918 BaldursGateIIEnhancedEdition[26058:118586130] INFO: LUA: A7LOG	86	12684480	114497	Day 1, Hour 22 (3 Mirtul, 1369)	WORLD_QUICKLOOT	^0xffd6bd9fJaheira^-: ^0xffd7c8a0Speak your mind.^-
2026-09-04 14:51:45.620 BaldursGateIIEnhancedEdition[26058:118586130] INFO: LUA: A7LOG	87	12684480	115200	Day 1, Hour 22 (3 Mirtul, 1369)	WORLD_QUICKLOOT	^0xffc0a1aaMinsc^-: ^0xffd7c8a0Every hamster has his day.^-
2026-09-04 14:51:46.924 BaldursGateIIEnhancedEdition[26058:118586130] INFO: LUA: A7LOG	88	12684480	116506	Day 1, Hour 22 (3 Mirtul, 1369)	WORLD_QUICKLOOT	^0xffc0a1aaMinsc^-: ^0xffd7c8a0Stand back for justice!^-
2026-09-04 14:51:47.787 BaldursGateIIEnhancedEdition[26058:118586130] INFO: LUA: A7LOG	89	12684480	117370	Day 1, Hour 22 (3 Mirtul, 1369)	WORLD_QUICKLOOT	^0xffd6bd9fJaheira^-: ^0xffd7c8a0Nature's servant awaits.^-
2026-09-04 14:51:51.119 BaldursGateIIEnhancedEdition[26058:118586130] INFO: LUA: A7LOG	90	12684480	120705	Day 1, Hour 22 (3 Mirtul, 1369)	WORLD_QUICKLOOT	^0xffd6bd9fJaheira^-: ^0xffbed7d7is Attacking Cambion^-
2026-09-04 14:51:51.742 BaldursGateIIEnhancedEdition[26058:118586130] INFO: LUA: A7LOG	91	12684480	121329	Day 1, Hour 22 (3 Mirtul, 1369)	WORLD_QUICKLOOT	^0xff0000ffUNPAUSED^-
2026-09-04 14:51:51.811 BaldursGateIIEnhancedEdition[26058:118586130] INFO: LUA: A7LOG	92	12684540	121398	Day 1, Hour 22 (3 Mirtul, 1369)	WORLD_QUICKLOOT	^0xffd6bd9fJaheira^-: ^0xffbed7d7Attacks Cambion^-
2026-09-04 14:51:53.244 BaldursGateIIEnhancedEdition[26058:118586130] INFO: LUA: A7LOG	93	12685740	122833	Day 1, Hour 22 (3 Mirtul, 1369)	WORLD_QUICKLOOT	^0xff0000ffPAUSED^-
2026-09-04 14:51:53.863 BaldursGateIIEnhancedEdition[26058:118586130] INFO: LUA: A7LOG	94	12685740	123452	Day 1, Hour 22 (3 Mirtul, 1369)	WORLD_QUICKLOOT	^0xffcb967dBooprikt^-: ^0xffd7c8a0Yes?^-
2026-09-04 14:51:55.366 BaldursGateIIEnhancedEdition[26058:118586130] INFO: LUA: A7LOG	95	12685740	124956	Day 1, Hour 22 (3 Mirtul, 1369)	WORLD_QUICKLOOT	^0xffcb967dBooprikt^-: ^0xffbed7d7is Attacking Cambion^-
2026-09-04 14:51:55.367 BaldursGateIIEnhancedEdition[26058:118586130] INFO: LUA: A7LOG	96	12685740	124957	Day 1, Hour 22 (3 Mirtul, 1369)	WORLD_QUICKLOOT	^0xffcb967dBooprikt^-: ^0xffbed7d7Stopped Detecting Traps / Illusions^-
2026-09-04 14:51:55.577 BaldursGateIIEnhancedEdition[26058:118586130] INFO: LUA: A7LOG	97	12685740	125167	Day 1, Hour 22 (3 Mirtul, 1369)	WORLD_QUICKLOOT	^0xffffb3f3Imoen^-: ^0xffd7c8a0Name it.^-
2026-09-04 14:51:56.980 BaldursGateIIEnhancedEdition[26058:118586130] INFO: LUA: A7LOG	98	12685740	126571	Day 1, Hour 22 (3 Mirtul, 1369)	WORLD_QUICKLOOT	^0xffffb3f3Imoen^-: ^0xffbed7d7is Attacking Cambion^-
2026-09-04 14:51:56.980 BaldursGateIIEnhancedEdition[26058:118586130] INFO: LUA: A7LOG	99	12685740	126571	Day 1, Hour 22 (3 Mirtul, 1369)	WORLD_QUICKLOOT	^0xffffb3f3Imoen^-: ^0xffbed7d7Stopped Detecting Traps / Illusions^-
2026-09-04 14:51:59.585 BaldursGateIIEnhancedEdition[26058:118586130] INFO: LUA: A7LOG	100	12685800	129178	Day 1, Hour 22 (3 Mirtul, 1369)	WORLD_QUICKLOOT	^0xff0000ffUNPAUSED^-
2026-09-04 14:51:59.621 BaldursGateIIEnhancedEdition[26058:118586130] INFO: LUA: A7LOG	101	12685800	129213	Day 1, Hour 22 (3 Mirtul, 1369)	WORLD_QUICKLOOT	^0xffffb3f3Imoen^-: ^0xffbed7d7Attacks Cambion^-
2026-09-04 14:51:59.655 BaldursGateIIEnhancedEdition[26058:118586130] INFO: LUA: A7LOG	102	12685860	129248	Day 1, Hour 22 (3 Mirtul, 1369)	WORLD_QUICKLOOT	^0xffcb967dBooprikt^-: ^0xffbed7d7Attacks Cambion^-
2026-09-04 14:52:00.039 BaldursGateIIEnhancedEdition[26058:118586130] INFO: LUA: A7LOG	103	12686160	129632	Day 1, Hour 22 (3 Mirtul, 1369)	WORLD_QUICKLOOT	^0xffbed7d7Imoen^-: ^0xffbed7d7Roll:7 +Luck:0 +SpecialAC:0  +HitMod:0  +Attack of Opportunity:0  +Berserk:0  +Right:3 (+Weapon Bonus 1+Launcher 0+Proficiency 0+Dex 2+Missile 0+Racial 0+Effects 0) +Invisible:0  +Invisible Target:0  +Range:0  +Hated Race:0  +Special Target:0  +Protections:0 ^-
2026-09-04 14:52:00.039 BaldursGateIIEnhancedEdition[26058:118586130] INFO: LUA: A7LOG	104	12686160	129632	Day 1, Hour 22 (3 Mirtul, 1369)	WORLD_QUICKLOOT	^0xffffb3f3Imoen^-: ^0xffbed7d7Attack Roll 7 + 3 = 10 : Miss^-
2026-09-04 14:52:00.072 BaldursGateIIEnhancedEdition[26058:118586130] INFO: LUA: A7LOG	105	12686220	129665	Day 1, Hour 22 (3 Mirtul, 1369)	WORLD_QUICKLOOT	^0xffbed7d7Booprikt^-: ^0xffbed7d7Roll:20 +Luck:0 +SpecialAC:0  +HitMod:0  +Attack of Opportunity:0  +Berserk:0  +Right:2 (+Weapon Bonus 0+Launcher 0+Proficiency 0+Dex 2+Missile 0+Racial 0+Effects 0) +Invisible:0  +Invisible Target:0  +Range:0  +Hated Race:0  +Special Target:0  +Protections:0 ^-
2026-09-04 14:52:00.072 BaldursGateIIEnhancedEdition[26058:118586130] INFO: LUA: A7LOG	106	12686220	129665	Day 1, Hour 22 (3 Mirtul, 1369)	WORLD_QUICKLOOT	^0xffcb967dBooprikt^-: ^0xffbed7d7Attack Roll 20 + 2 = 22 : Hit^-
2026-09-04 14:52:00.072 BaldursGateIIEnhancedEdition[26058:118586130] INFO: LUA: A7LOG	107	12686220	129665	Day 1, Hour 22 (3 Mirtul, 1369)	WORLD_QUICKLOOT	^0xffcb967dBooprikt^-: ^0xffbed7d7Critical Hit^-
2026-09-04 14:52:00.072 BaldursGateIIEnhancedEdition[26058:118586130] INFO: LUA: A7LOG	108	12686220	129665	Day 1, Hour 22 (3 Mirtul, 1369)	WORLD_QUICKLOOT	^0xffcb967dBooprikt^-: ^0xffd7c8a0Oh, did that hurt?^-
2026-09-04 14:52:00.072 BaldursGateIIEnhancedEdition[26058:118586130] INFO: LUA: A7LOG	109	12686220	129665	Day 1, Hour 22 (3 Mirtul, 1369)	WORLD_QUICKLOOT	^0xffbed7d7Booprikt^-: ^0xffbed7d7Roll:5  +DamageMod:0  +Hand bonus:0 (+Proficiency 0+Missile 0+Effects 0) +Attack of Opportunity:0  *Backstab:0  +Berserk:0  +Strength:2  +Hated Race:0  +Special Bonus:0 ^-
2026-09-04 14:52:00.374 BaldursGateIIEnhancedEdition[26058:118586130] INFO: LUA: A7LOG	110	12686460	129967	Day 1, Hour 22 (3 Mirtul, 1369)	WORLD_QUICKLOOT	^0xff7769d5Cambion^-: ^0xffbed7d7Takes 14 missile damage from Booprikt^-
2026-09-04 14:52:00.479 BaldursGateIIEnhancedEdition[26058:118586130] INFO: LUA: A7LOG	111	12686580	130072	Day 1, Hour 22 (3 Mirtul, 1369)	WORLD_QUICKLOOT	^0xffc0a1aaMinsc^-: ^0xffbed7d7Attacks Cambion^-
2026-09-04 14:52:00.624 BaldursGateIIEnhancedEdition[26058:118586130] INFO: LUA: A7LOG	112	12686700	130217	Day 1, Hour 22 (3 Mirtul, 1369)	WORLD_QUICKLOOT	^0xffbed7d7Cambion^-: ^0xffbed7d7Roll:7 +Luck:0 +SpecialAC:0  +HitMod:0  +Attack of Opportunity:0  +Berserk:0  +Right:4 (+Weapon Bonus 1+Proficiency 0+STR 3+STREX 0+Melee bonus 0+Racial 0+Effects 0) +Invisible:0  +Invisible Target:0  +Range:0  +Hated Race:0  +Special Target:0  +Protections:0 ^-
2026-09-04 14:52:00.624 BaldursGateIIEnhancedEdition[26058:118586130] INFO: LUA: A7LOG	113	12686700	130217	Day 1, Hour 22 (3 Mirtul, 1369)	WORLD_QUICKLOOT	^0xff7769d5Cambion^-: ^0xffbed7d7Attack Roll 7 + 4 = 11 : Hit^-
2026-09-04 14:52:00.624 BaldursGateIIEnhancedEdition[26058:118586130] INFO: LUA: A7LOG	114	12686700	130218	Day 1, Hour 22 (3 Mirtul, 1369)	WORLD_QUICKLOOT	^0xffbed7d7Cambion^-: ^0xffbed7d7Roll:4  +DamageMod:0  +Hand bonus:0 (+Melee bonus 0+Effects 0) +Attack of Opportunity:0  *Backstab:0  +Berserk:0  +Strength:8  +Hated Race:0  +Special Bonus:0 ^-
2026-09-04 14:52:00.624 BaldursGateIIEnhancedEdition[26058:118586130] INFO: LUA: A7LOG	115	12686700	130218	Day 1, Hour 22 (3 Mirtul, 1369)	WORLD_QUICKLOOT	^0xff018bffSkeleton Warrior^-: ^0xffbed7d7Takes 8 slashing damage from Cambion (4 damage resisted)^-
2026-09-04 14:52:00.790 BaldursGateIIEnhancedEdition[26058:118586130] INFO: LUA: A7LOG	116	12686760	130383	Day 1, Hour 22 (3 Mirtul, 1369)	WORLD_QUICKLOOT	^0xff0000ffPAUSED^-
2026-09-04 14:52:01.172 BaldursGateIIEnhancedEdition[26058:118586130] INFO: LUA: A7LOG	117	12686760	130765	Day 1, Hour 22 (3 Mirtul, 1369)	WORLD_QUICKLOOT	^0xffd6bd9fJaheira^-: ^0xffd7c8a0I await your need.^-
2026-09-04 14:52:01.823 BaldursGateIIEnhancedEdition[26058:118586130] INFO: LUA: A7LOG	118	12686760	131417	Day 1, Hour 22 (3 Mirtul, 1369)	WORLD_QUICKLOOT	^0xffc0a1aaMinsc^-: ^0xffd7c8a0Armored, sharpened, and raring to go.^-
2026-09-04 14:52:03.234 BaldursGateIIEnhancedEdition[26058:118586130] INFO: LUA: A7LOG	119	12686760	132829	Day 1, Hour 22 (3 Mirtul, 1369)	WORLD_QUICKLOOT	^0xffc0a1aaMinsc^-: ^0xffbed7d7is Attacking Cambion^-
2026-09-04 14:52:04.736 BaldursGateIIEnhancedEdition[26058:118586130] INFO: LUA: A7LOG	120	12686760	134331	Day 1, Hour 22 (3 Mirtul, 1369)	WORLD_QUICKLOOT	^0xffffb3f3Imoen^-: ^0xffd7c8a0Ready and willing.^-
2026-09-04 14:52:09.222 BaldursGateIIEnhancedEdition[26058:118586130] INFO: LUA: A7LOG	121	12686760	138818	Day 1, Hour 22 (3 Mirtul, 1369)	WORLD_QUICKLOOT	^0xffffb3f3Imoen^-: ^0xffbed7d7is Casting Chromatic Orb : Cambion^-
2026-09-04 14:52:09.537 BaldursGateIIEnhancedEdition[26058:118586130] INFO: LUA: A7LOG	122	12686760	139134	Day 1, Hour 22 (3 Mirtul, 1369)	WORLD_QUICKLOOT	^0xff0000ffUNPAUSED^-
2026-09-04 14:52:09.579 BaldursGateIIEnhancedEdition[26058:118586130] INFO: LUA: A7LOG	123	12686820	139175	Day 1, Hour 22 (3 Mirtul, 1369)	WORLD_QUICKLOOT	^0xffc0a1aaMinsc^-: ^0xffbed7d7Attacks Cambion^-
2026-09-04 14:52:09.951 BaldursGateIIEnhancedEdition[26058:118586130] INFO: LUA: A7LOG	124	12687120	139547	Day 1, Hour 22 (3 Mirtul, 1369)	WORLD_QUICKLOOT	^0xffbed7d7Jaheira^-: ^0xffbed7d7Roll:4 +Luck:0 +SpecialAC:0  +HitMod:0  +Attack of Opportunity:0  +Berserk:0  +Right:2 (+Weapon Bonus 2+Proficiency 0+STR 0+STREX 0+Melee bonus 0+Racial 0+Effects 0) +Invisible:0  +Invisible Target:0  +Range:0  +Hated Race:0  +Special Target:0  +Protections:0 ^-
2026-09-04 14:52:09.951 BaldursGateIIEnhancedEdition[26058:118586130] INFO: LUA: A7LOG	125	12687120	139548	Day 1, Hour 22 (3 Mirtul, 1369)	WORLD_QUICKLOOT	^0xffd6bd9fJaheira^-: ^0xffbed7d7Attack Roll 4 + 2 = 6 : Miss^-
2026-09-04 14:52:10.271 BaldursGateIIEnhancedEdition[26058:118586130] INFO: LUA: A7LOG	126	12687360	139868	Day 1, Hour 22 (3 Mirtul, 1369)	WORLD_QUICKLOOT	^0xff0000ffPAUSED^-
2026-09-04 14:52:10.288 BaldursGateIIEnhancedEdition[26058:118586130] INFO: LUA: A7LOG	127	12687360	139885	Day 1, Hour 22 (3 Mirtul, 1369)	WORLD_QUICKLOOT	^0xffffb3f3Imoen^-: ^0xffbed7d7Casts Chromatic Orb : Cambion^-
2026-09-04 14:52:10.288 BaldursGateIIEnhancedEdition[26058:118586130] INFO: LUA: A7LOG	128	12687360	139885	Day 1, Hour 22 (3 Mirtul, 1369)	WORLD_QUICKLOOT	^0xffffb3f3Imoen^-: ^0xffbed7d7Auto-Paused: Spell Cast^-
2026-09-04 14:52:12.422 BaldursGateIIEnhancedEdition[26058:118586130] INFO: LUA: A7LOG	129	12687360	142019	Day 1, Hour 22 (3 Mirtul, 1369)	WORLD_QUICKLOOT	^0xffffb3f3Imoen^-: ^0xffbed7d7is Attacking Cambion^-
2026-09-04 14:52:12.799 BaldursGateIIEnhancedEdition[26058:118586130] INFO: LUA: A7LOG	130	12687420	142396	Day 1, Hour 22 (3 Mirtul, 1369)	WORLD_QUICKLOOT	^0xff0000ffUNPAUSED^-
2026-09-04 14:52:12.833 BaldursGateIIEnhancedEdition[26058:118586130] INFO: LUA: A7LOG	131	12687420	142431	Day 1, Hour 22 (3 Mirtul, 1369)	WORLD_QUICKLOOT	^0xffffb3f3Imoen^-: ^0xffbed7d7Attacks Cambion^-
2026-09-04 14:52:13.591 BaldursGateIIEnhancedEdition[26058:118586130] INFO: LUA: A7LOG	132	12688080	143189	Day 1, Hour 22 (3 Mirtul, 1369)	WORLD_QUICKLOOT	^0xffbed7d7Cambion^-: ^0xffbed7d7Magic Resistance^-
2026-09-04 14:52:13.995 BaldursGateIIEnhancedEdition[26058:118586130] INFO: LUA: A7LOG	133	12688440	143592	Day 1, Hour 22 (3 Mirtul, 1369)	WORLD_QUICKLOOT	^0xffbed7d7Imoen^-: ^0xffbed7d7Roll:12 +Luck:0 +SpecialAC:0  +HitMod:0  +Attack of Opportunity:0  +Berserk:0  +Right:3 (+Weapon Bonus 1+Launcher 0+Proficiency 0+Dex 2+Missile 0+Racial 0+Effects 0) +Invisible:0  +Invisible Target:0  +Range:0  +Hated Race:0  +Special Target:0  +Protections:0 ^-
2026-09-04 14:52:13.995 BaldursGateIIEnhancedEdition[26058:118586130] INFO: LUA: A7LOG	134	12688440	143593	Day 1, Hour 22 (3 Mirtul, 1369)	WORLD_QUICKLOOT	^0xffffb3f3Imoen^-: ^0xffbed7d7Attack Roll 12 + 3 = 15 : Miss^-
2026-09-04 14:52:14.064 BaldursGateIIEnhancedEdition[26058:118586130] INFO: LUA: A7LOG	135	12688500	143662	Day 1, Hour 22 (3 Mirtul, 1369)	WORLD_QUICKLOOT	^0xffbed7d7Skeleton Warrior^-: ^0xffbed7d7Roll:9 +Luck:0 +SpecialAC:-2  +HitMod:0  +Attack of Opportunity:0  +Berserk:0  +Right:3 (+Weapon Bonus 0+Proficiency 3+STR 0+STREX 0+Melee bonus 0+Racial 0+Effects 0) +Invisible:0  +Invisible Target:0  +Range:0  +Hated Race:0  +Special Target:0  +Protections:0 ^-
2026-09-04 14:52:14.064 BaldursGateIIEnhancedEdition[26058:118586130] INFO: LUA: A7LOG	136	12688500	143662	Day 1, Hour 22 (3 Mirtul, 1369)	WORLD_QUICKLOOT	^0xff018bffSkeleton Warrior^-: ^0xffbed7d7Attack Roll 9 + 1 = 10 : Miss^-
2026-09-04 14:52:14.650 BaldursGateIIEnhancedEdition[26058:118586130] INFO: LUA: A7LOG	137	12689040	144248	Day 1, Hour 22 (3 Mirtul, 1369)	WORLD_QUICKLOOT	^0xffbed7d7Cambion^-: ^0xffbed7d7Roll:5 +Luck:0 +SpecialAC:0  +HitMod:0  +Attack of Opportunity:0  +Berserk:0  +Right:4 (+Weapon Bonus 1+Proficiency 0+STR 3+STREX 0+Melee bonus 0+Racial 0+Effects 0) +Invisible:0  +Invisible Target:0  +Range:0  +Hated Race:0  +Special Target:0  +Protections:0 ^-
2026-09-04 14:52:14.651 BaldursGateIIEnhancedEdition[26058:118586130] INFO: LUA: A7LOG	138	12689040	144249	Day 1, Hour 22 (3 Mirtul, 1369)	WORLD_QUICKLOOT	^0xff7769d5Cambion^-: ^0xffbed7d7Attack Roll 5 + 4 = 9 : Hit^-
2026-09-04 14:52:14.651 BaldursGateIIEnhancedEdition[26058:118586130] INFO: LUA: A7LOG	139	12689040	144249	Day 1, Hour 22 (3 Mirtul, 1369)	WORLD_QUICKLOOT	^0xffbed7d7Cambion^-: ^0xffbed7d7Roll:8  +DamageMod:0  +Hand bonus:0 (+Melee bonus 0+Effects 0) +Attack of Opportunity:0  *Backstab:0  +Berserk:0  +Strength:8  +Hated Race:0  +Special Bonus:0 ^-
2026-09-04 14:52:14.651 BaldursGateIIEnhancedEdition[26058:118586130] INFO: LUA: A7LOG	140	12689040	144249	Day 1, Hour 22 (3 Mirtul, 1369)	WORLD_QUICKLOOT	^0xff018bffSkeleton Warrior^-: ^0xffbed7d7Takes 10 slashing damage from Cambion (6 damage resisted)^-
2026-09-04 14:52:14.745 BaldursGateIIEnhancedEdition[26058:118586130] INFO: LUA: A7LOG	141	12689100	144343	Day 1, Hour 22 (3 Mirtul, 1369)	WORLD_QUICKLOOT	^0xffbed7d7Skeleton Warrior^-: ^0xffbed7d7Roll:9 +Luck:0 +SpecialAC:-2  +HitMod:0  +Attack of Opportunity:0  +Berserk:0  +Right:3 (+Weapon Bonus 0+Proficiency 3+STR 0+STREX 0+Melee bonus 0+Racial 0+Effects 0) +Invisible:0  +Invisible Target:0  +Range:0  +Hated Race:0  +Special Target:0  +Protections:0 ^-
2026-09-04 14:52:14.745 BaldursGateIIEnhancedEdition[26058:118586130] INFO: LUA: A7LOG	142	12689100	144343	Day 1, Hour 22 (3 Mirtul, 1369)	WORLD_QUICKLOOT	^0xff018bffSkeleton Warrior^-: ^0xffbed7d7Attack Roll 9 + 1 = 10 : Miss^-
2026-09-04 14:52:15.766 BaldursGateIIEnhancedEdition[26058:118586130] INFO: LUA: A7LOG	143	12689940	145364	Day 1, Hour 22 (3 Mirtul, 1369)	WORLD_QUICKLOOT	^0xff0000ffPAUSED^-
2026-09-04 14:52:52.259 BaldursGateIIEnhancedEdition[26058:118586130] INFO: LUA: A7LOG	144	12689940	181859	Day 1, Hour 22 (3 Mirtul, 1369)	WORLD_QUICKLOOT	^0xffd6bd9fJaheira^-: ^0xffd7c8a0Yes?^-
2026-09-04 14:52:54.914 BaldursGateIIEnhancedEdition[26058:118586130] INFO: LUA: A7LOG	145	12689940	184515	Day 1, Hour 22 (3 Mirtul, 1369)	WORLD_QUICKLOOT	^0xff0000ffUNPAUSED^-
2026-09-04 14:52:57.235 BaldursGateIIEnhancedEdition[26058:118586130] INFO: LUA: A7LOG	146	12691980	186835	Day 1, Hour 23 (3 Mirtul, 1369)	WORLD_QUICKLOOT	^0xffbed7d7Imoen^-: ^0xffbed7d7Roll:13 +Luck:0 +SpecialAC:0  +HitMod:0  +Attack of Opportunity:0  +Berserk:0  +Right:3 (+Weapon Bonus 1+Launcher 0+Proficiency 0+Dex 2+Missile 0+Racial 0+Effects 0) +Invisible:0  +Invisible Target:0  +Range:0  +Hated Race:0  +Special Target:0  +Protections:0 ^-
2026-09-04 14:52:57.235 BaldursGateIIEnhancedEdition[26058:118586130] INFO: LUA: A7LOG	147	12691980	186835	Day 1, Hour 23 (3 Mirtul, 1369)	WORLD_QUICKLOOT	^0xffffb3f3Imoen^-: ^0xffbed7d7Attack Roll 13 + 3 = 16 : Miss^-
2026-09-04 14:52:57.341 BaldursGateIIEnhancedEdition[26058:118586130] INFO: LUA: A7LOG	148	12692100	186942	Day 1, Hour 23 (3 Mirtul, 1369)	WORLD_QUICKLOOT	^0xffbed7d7Booprikt^-: ^0xffbed7d7Roll:20 +Luck:0 +SpecialAC:0  +HitMod:0  +Attack of Opportunity:0  +Berserk:0  +Right:2 (+Weapon Bonus 0+Launcher 0+Proficiency 0+Dex 2+Missile 0+Racial 0+Effects 0) +Invisible:0  +Invisible Target:0  +Range:0  +Hated Race:0  +Special Target:0  +Protections:0 ^-
2026-09-04 14:52:57.341 BaldursGateIIEnhancedEdition[26058:118586130] INFO: LUA: A7LOG	149	12692100	186942	Day 1, Hour 23 (3 Mirtul, 1369)	WORLD_QUICKLOOT	^0xffcb967dBooprikt^-: ^0xffbed7d7Attack Roll 20 + 2 = 22 : Hit^-
2026-09-04 14:52:57.341 BaldursGateIIEnhancedEdition[26058:118586130] INFO: LUA: A7LOG	150	12692100	186942	Day 1, Hour 23 (3 Mirtul, 1369)	WORLD_QUICKLOOT	^0xffcb967dBooprikt^-: ^0xffbed7d7Critical Hit^-
2026-09-04 14:52:57.341 BaldursGateIIEnhancedEdition[26058:118586130] INFO: LUA: A7LOG	151	12692100	186942	Day 1, Hour 23 (3 Mirtul, 1369)	WORLD_QUICKLOOT	^0xffcb967dBooprikt^-: ^0xffd7c8a0Oh, did that hurt?^-
2026-09-04 14:52:57.341 BaldursGateIIEnhancedEdition[26058:118586130] INFO: LUA: A7LOG	152	12692100	186942	Day 1, Hour 23 (3 Mirtul, 1369)	WORLD_QUICKLOOT	^0xffbed7d7Booprikt^-: ^0xffbed7d7Roll:4  +DamageMod:0  +Hand bonus:0 (+Proficiency 0+Missile 0+Effects 0) +Attack of Opportunity:0  *Backstab:0  +Berserk:0  +Strength:2  +Hated Race:0  +Special Bonus:0 ^-
2026-09-04 14:52:57.683 BaldursGateIIEnhancedEdition[26058:118586130] INFO: LUA: A7LOG	153	12692400	187283	Day 1, Hour 23 (3 Mirtul, 1369)	WORLD_QUICKLOOT	^0xff7769d5Cambion^-: ^0xffbed7d7Takes 12 missile damage from Booprikt^-
2026-09-04 14:52:58.237 BaldursGateIIEnhancedEdition[26058:118586130] INFO: sAchieveID=NONE,m_sGlobalName=SPRITE_IS_DEADNone,m_nValue=1
2026-09-04 14:52:58.243 BaldursGateIIEnhancedEdition[26058:118586130] INFO: LUA: A7LOG	154	12692880	187844	Day 1, Hour 23 (3 Mirtul, 1369)	WORLD_QUICKLOOT	^0xffbed7d7Cambion^-: ^0xffbed7d7Roll:14 +Luck:0 +SpecialAC:0  +HitMod:0  +Attack of Opportunity:0  +Berserk:0  +Right:4 (+Weapon Bonus 1+Proficiency 0+STR 3+STREX 0+Melee bonus 0+Racial 0+Effects 0) +Invisible:0  +Invisible Target:0  +Range:0  +Hated Race:0  +Special Target:0  +Protections:0 ^-
2026-09-04 14:52:58.243 BaldursGateIIEnhancedEdition[26058:118586130] INFO: LUA: A7LOG	155	12692880	187844	Day 1, Hour 23 (3 Mirtul, 1369)	WORLD_QUICKLOOT	^0xff7769d5Cambion^-: ^0xffbed7d7Attack Roll 14 + 4 = 18 : Hit^-
2026-09-04 14:52:58.243 BaldursGateIIEnhancedEdition[26058:118586130] INFO: LUA: A7LOG	156	12692880	187844	Day 1, Hour 23 (3 Mirtul, 1369)	WORLD_QUICKLOOT	^0xffbed7d7Cambion^-: ^0xffbed7d7Roll:7  +DamageMod:0  +Hand bonus:0 (+Melee bonus 0+Effects 0) +Attack of Opportunity:0  *Backstab:0  +Berserk:0  +Strength:8  +Hated Race:0  +Special Bonus:0 ^-
2026-09-04 14:52:58.243 BaldursGateIIEnhancedEdition[26058:118586130] INFO: LUA: A7LOG	157	12692880	187844	Day 1, Hour 23 (3 Mirtul, 1369)	WORLD_QUICKLOOT	^0xff018bffSkeleton Warrior^-: ^0xffbed7d7Takes 9 slashing damage from Cambion (6 damage resisted)^-
2026-09-04 14:52:58.243 BaldursGateIIEnhancedEdition[26058:118586130] INFO: LUA: A7LOG	158	12692880	187844	Day 1, Hour 23 (3 Mirtul, 1369)	WORLD_QUICKLOOT	^0xff018bffSkeleton Warrior^-: ^0xffbed7d7Death^-
2026-09-04 14:52:58.885 BaldursGateIIEnhancedEdition[26058:118586130] INFO: LUA: A7LOG	159	12693420	188485	Day 1, Hour 23 (3 Mirtul, 1369)	WORLD_QUICKLOOT	^0xffbed7d7Skeleton Warrior^-: ^0xffbed7d7Roll:4 +Luck:0 +SpecialAC:-2  +HitMod:0  +Attack of Opportunity:0  +Berserk:0  +Right:3 (+Weapon Bonus 0+Proficiency 3+STR 0+STREX 0+Melee bonus 0+Racial 0+Effects 0) +Invisible:0  +Invisible Target:0  +Range:0  +Hated Race:0  +Special Target:0  +Protections:0 ^-
2026-09-04 14:52:58.885 BaldursGateIIEnhancedEdition[26058:118586130] INFO: LUA: A7LOG	160	12693420	188486	Day 1, Hour 23 (3 Mirtul, 1369)	WORLD_QUICKLOOT	^0xff018bffSkeleton Warrior^-: ^0xffbed7d7Attack Roll 4 + 1 = 5 : Miss^-
2026-09-04 14:52:59.462 BaldursGateIIEnhancedEdition[26058:118586130] INFO: LUA: A7LOG	161	12693840	189063	Day 1, Hour 23 (3 Mirtul, 1369)	WORLD_QUICKLOOT	^0xff0000ffPAUSED^-
2026-09-04 14:53:18.332 BaldursGateIIEnhancedEdition[26058:118586130] INFO: LUA: A7LOG	162	12693840	207933	Day 1, Hour 23 (3 Mirtul, 1369)	WORLD_QUICKLOOT	^0xffffb3f3Imoen^-: ^0xffd7c8a0Somethin' up?^-
2026-09-04 14:53:23.227 BaldursGateIIEnhancedEdition[26058:118586130] INFO: LUA: A7LOG	163	12693840	212828	Day 1, Hour 23 (3 Mirtul, 1369)	WORLD_QUICKLOOT	^0xffffb3f3Imoen^-: ^0xffbed7d7is Casting Chromatic Orb : Cambion^-
2026-09-04 14:53:24.207 BaldursGateIIEnhancedEdition[26058:118586130] INFO: LUA: A7LOG	164	12693900	213808	Day 1, Hour 23 (3 Mirtul, 1369)	WORLD_QUICKLOOT	^0xff0000ffUNPAUSED^-
2026-09-04 14:53:24.886 BaldursGateIIEnhancedEdition[26058:118586130] INFO: LUA: A7LOG	165	12694440	214487	Day 1, Hour 23 (3 Mirtul, 1369)	WORLD_QUICKLOOT	^0xff0000ffPAUSED^-
2026-09-04 14:53:24.905 BaldursGateIIEnhancedEdition[26058:118586130] INFO: LUA: A7LOG	166	12694440	214506	Day 1, Hour 23 (3 Mirtul, 1369)	WORLD_QUICKLOOT	^0xffffb3f3Imoen^-: ^0xffbed7d7Casts Chromatic Orb : Cambion^-
2026-09-04 14:53:24.906 BaldursGateIIEnhancedEdition[26058:118586130] INFO: LUA: A7LOG	167	12694440	214507	Day 1, Hour 23 (3 Mirtul, 1369)	WORLD_QUICKLOOT	^0xffffb3f3Imoen^-: ^0xffbed7d7Auto-Paused: Spell Cast^-
2026-09-04 14:53:25.658 BaldursGateIIEnhancedEdition[26058:118586130] INFO: LUA: A7LOG	168	12694440	215259	Day 1, Hour 23 (3 Mirtul, 1369)	WORLD_QUICKLOOT	^0xff0000ffUNPAUSED^-
2026-09-04 14:53:26.031 BaldursGateIIEnhancedEdition[26058:118586130] INFO: LUA: A7LOG	169	12694800	215632	Day 1, Hour 23 (3 Mirtul, 1369)	WORLD_QUICKLOOT	^0xffffb3f3Imoen^-: ^0xffbed7d7Detecting Traps / Illusions^-
2026-09-04 14:53:26.338 BaldursGateIIEnhancedEdition[26058:118586130] INFO: LUA: A7LOG	170	12695040	215939	Day 1, Hour 23 (3 Mirtul, 1369)	WORLD_QUICKLOOT	^0xffbed7d7Jaheira^-: ^0xffbed7d7Roll:3 +Luck:0 +SpecialAC:0  +HitMod:0  +Attack of Opportunity:0  +Berserk:0  +Right:2 (+Weapon Bonus 2+Proficiency 0+STR 0+STREX 0+Melee bonus 0+Racial 0+Effects 0) +Invisible:0  +Invisible Target:0  +Range:0  +Hated Race:0  +Special Target:0  +Protections:0 ^-
2026-09-04 14:53:26.338 BaldursGateIIEnhancedEdition[26058:118586130] INFO: LUA: A7LOG	171	12695040	215939	Day 1, Hour 23 (3 Mirtul, 1369)	WORLD_QUICKLOOT	^0xffd6bd9fJaheira^-: ^0xffbed7d7Attack Roll 3 + 2 = 5 : Miss^-
2026-09-04 14:53:26.444 BaldursGateIIEnhancedEdition[26058:118586130] INFO: LUA: A7LOG	172	12695160	216045	Day 1, Hour 23 (3 Mirtul, 1369)	WORLD_QUICKLOOT	^0xffbed7d7Cambion^-: ^0xffbed7d7Roll:6 +Luck:0 +SpecialAC:0  +HitMod:0  +Attack of Opportunity:0  +Berserk:0  +Right:4 (+Weapon Bonus 1+Proficiency 0+STR 3+STREX 0+Melee bonus 0+Racial 0+Effects 0) +Invisible:0  +Invisible Target:0  +Range:0  +Hated Race:0  +Special Target:0  +Protections:0 ^-
2026-09-04 14:53:26.444 BaldursGateIIEnhancedEdition[26058:118586130] INFO: LUA: A7LOG	173	12695160	216045	Day 1, Hour 23 (3 Mirtul, 1369)	WORLD_QUICKLOOT	^0xff7769d5Cambion^-: ^0xffbed7d7Attack Roll 6 + 4 = 10 : Miss^-
2026-09-04 14:53:26.444 BaldursGateIIEnhancedEdition[26058:118586130] INFO: LUA: A7LOG	174	12695160	216045	Day 1, Hour 23 (3 Mirtul, 1369)	WORLD_QUICKLOOT	^0xffbed7d7Cambion^-: ^0xffbed7d7Magic Resistance^-
2026-09-04 14:53:26.780 BaldursGateIIEnhancedEdition[26058:118586130] INFO: LUA: A7LOG	175	12695460	216381	Day 1, Hour 23 (3 Mirtul, 1369)	WORLD_QUICKLOOT	^0xffbed7d7Minsc^-: ^0xffbed7d7Roll:3 +Luck:0 +SpecialAC:-2  +HitMod:0  +Attack of Opportunity:0  +Berserk:0  +Right:3 (+Weapon Bonus 0+Proficiency 1+STR 1+STREX 1+Melee bonus 0+Racial 0+Effects 0) +Invisible:0  +Invisible Target:0  +Range:0  +Hated Race:0  +Special Target:0  +Protections:0 ^-
2026-09-04 14:53:26.781 BaldursGateIIEnhancedEdition[26058:118586130] INFO: LUA: A7LOG	176	12695460	216381	Day 1, Hour 23 (3 Mirtul, 1369)	WORLD_QUICKLOOT	^0xffc0a1aaMinsc^-: ^0xffbed7d7Attack Roll 3 + 1 = 4 : Miss^-
2026-09-04 14:53:27.088 BaldursGateIIEnhancedEdition[26058:118586130] INFO: LUA: A7LOG	177	12695640	216689	Day 1, Hour 23 (3 Mirtul, 1369)	WORLD_QUICKLOOT	^0xff0000ffPAUSED^-
2026-09-04 14:53:34.577 BaldursGateIIEnhancedEdition[26058:118586130] INFO: LUA: A7LOG	178	12695640	224178	Day 1, Hour 23 (3 Mirtul, 1369)	WORLD_QUICKLOOT	^0xffffb3f3Imoen^-: ^0xffbed7d7is Attacking Cambion^-
2026-09-04 14:53:34.610 BaldursGateIIEnhancedEdition[26058:118586130] INFO: LUA: A7LOG	179	12695640	224211	Day 1, Hour 23 (3 Mirtul, 1369)	WORLD_QUICKLOOT	^0xffffb3f3Imoen^-: ^0xffbed7d7Stopped Detecting Traps / Illusions^-
2026-09-04 14:53:34.954 BaldursGateIIEnhancedEdition[26058:118586130] INFO: LUA: A7LOG	180	12695700	224554	Day 1, Hour 23 (3 Mirtul, 1369)	WORLD_QUICKLOOT	^0xff0000ffUNPAUSED^-
2026-09-04 14:53:34.988 BaldursGateIIEnhancedEdition[26058:118586130] INFO: LUA: A7LOG	181	12695700	224589	Day 1, Hour 23 (3 Mirtul, 1369)	WORLD_QUICKLOOT	^0xffffb3f3Imoen^-: ^0xffbed7d7Attacks Cambion^-
2026-09-04 14:53:37.415 BaldursGateIIEnhancedEdition[26058:118586130] INFO: LUA: A7LOG	182	12697860	227015	Day 1, Hour 23 (3 Mirtul, 1369)	WORLD_QUICKLOOT	^0xffbed7d7Minsc^-: ^0xffbed7d7Roll:18 +Luck:0 +SpecialAC:-2  +HitMod:0  +Attack of Opportunity:0  +Berserk:0  +Right:3 (+Weapon Bonus 0+Proficiency 1+STR 1+STREX 1+Melee bonus 0+Racial 0+Effects 0) +Invisible:0  +Invisible Target:0  +Range:0  +Hated Race:0  +Special Target:0  +Protections:0 ^-
2026-09-04 14:53:37.415 BaldursGateIIEnhancedEdition[26058:118586130] INFO: LUA: A7LOG	183	12697860	227016	Day 1, Hour 23 (3 Mirtul, 1369)	WORLD_QUICKLOOT	^0xffc0a1aaMinsc^-: ^0xffbed7d7Attack Roll 18 + 1 = 19 : Hit^-
2026-09-04 14:53:37.415 BaldursGateIIEnhancedEdition[26058:118586130] INFO: LUA: A7LOG	184	12697860	227016	Day 1, Hour 23 (3 Mirtul, 1369)	WORLD_QUICKLOOT	^0xffbed7d7Minsc^-: ^0xffbed7d7Roll:2  +DamageMod:0  +Hand bonus:0 (+Proficiency 2+Melee bonus 0+Effects 0) +Attack of Opportunity:0  *Backstab:0  +Berserk:0  +Strength:5  +Hated Race:0  +Special Bonus:0 ^-
2026-09-04 14:53:37.415 BaldursGateIIEnhancedEdition[26058:118586130] INFO: LUA: A7LOG	185	12697860	227016	Day 1, Hour 23 (3 Mirtul, 1369)	WORLD_QUICKLOOT	^0xff7769d5Cambion^-: ^0xffbed7d7Takes 9 slashing damage from Minsc^-
2026-09-04 14:53:37.547 BaldursGateIIEnhancedEdition[26058:118586130] INFO: LUA: A7LOG	186	12697980	227148	Day 1, Hour 23 (3 Mirtul, 1369)	WORLD_QUICKLOOT	^0xffbed7d7Booprikt^-: ^0xffbed7d7Roll:6 +Luck:0 +SpecialAC:0  +HitMod:0  +Attack of Opportunity:0  +Berserk:0  +Right:2 (+Weapon Bonus 0+Launcher 0+Proficiency 0+Dex 2+Missile 0+Racial 0+Effects 0) +Invisible:0  +Invisible Target:0  +Range:0  +Hated Race:0  +Special Target:0  +Protections:0 ^-
2026-09-04 14:53:37.548 BaldursGateIIEnhancedEdition[26058:118586130] INFO: LUA: A7LOG	187	12697980	227148	Day 1, Hour 23 (3 Mirtul, 1369)	WORLD_QUICKLOOT	^0xffcb967dBooprikt^-: ^0xffbed7d7Attack Roll 6 + 2 = 8 : Miss^-
2026-09-04 14:53:37.718 BaldursGateIIEnhancedEdition[26058:118586130] INFO: LUA: A7LOG	188	12698100	227319	Day 1, Hour 23 (3 Mirtul, 1369)	WORLD_QUICKLOOT	^0xffbed7d7Imoen^-: ^0xffbed7d7Roll:4 +Luck:0 +SpecialAC:0  +HitMod:0  +Attack of Opportunity:0  +Berserk:0  +Right:3 (+Weapon Bonus 1+Launcher 0+Proficiency 0+Dex 2+Missile 0+Racial 0+Effects 0) +Invisible:0  +Invisible Target:0  +Range:0  +Hated Race:0  +Special Target:0  +Protections:0 ^-
2026-09-04 14:53:37.718 BaldursGateIIEnhancedEdition[26058:118586130] INFO: LUA: A7LOG	189	12698100	227319	Day 1, Hour 23 (3 Mirtul, 1369)	WORLD_QUICKLOOT	^0xffffb3f3Imoen^-: ^0xffbed7d7Attack Roll 4 + 3 = 7 : Miss^-
2026-09-04 14:53:38.781 BaldursGateIIEnhancedEdition[26058:118586130] INFO: LUA: A7LOG	190	12699060	228381	Day 1, Hour 23 (3 Mirtul, 1369)	WORLD_QUICKLOOT	^0xffbed7d7Cambion^-: ^0xffbed7d7Roll:16 +Luck:0 +SpecialAC:0  +HitMod:0  +Attack of Opportunity:0  +Berserk:0  +Right:4 (+Weapon Bonus 1+Proficiency 0+STR 3+STREX 0+Melee bonus 0+Racial 0+Effects 0) +Invisible:0  +Invisible Target:0  +Range:0  +Hated Race:0  +Special Target:0  +Protections:0 ^-
2026-09-04 14:53:38.781 BaldursGateIIEnhancedEdition[26058:118586130] INFO: LUA: A7LOG	191	12699060	228382	Day 1, Hour 23 (3 Mirtul, 1369)	WORLD_QUICKLOOT	^0xff7769d5Cambion^-: ^0xffbed7d7Attack Roll 16 + 4 = 20 : Hit^-
2026-09-04 14:53:38.781 BaldursGateIIEnhancedEdition[26058:118586130] INFO: LUA: A7LOG	192	12699060	228382	Day 1, Hour 23 (3 Mirtul, 1369)	WORLD_QUICKLOOT	^0xffbed7d7Cambion^-: ^0xffbed7d7Roll:7  +DamageMod:0  +Hand bonus:0 (+Melee bonus 0+Effects 0) +Attack of Opportunity:0  *Backstab:0  +Berserk:0  +Strength:8  +Hated Race:0  +Special Bonus:0 ^-
2026-09-04 14:53:38.781 BaldursGateIIEnhancedEdition[26058:118586130] INFO: LUA: A7LOG	193	12699060	228382	Day 1, Hour 23 (3 Mirtul, 1369)	WORLD_QUICKLOOT	^0xffc0a1aaMinsc^-: ^0xffbed7d7Takes 30 slashing damage from Cambion (15 damage bonus)^-
2026-09-04 14:53:39.523 BaldursGateIIEnhancedEdition[26058:118586130] INFO: LUA: A7LOG	194	12699600	229124	Day 1, Hour 23 (3 Mirtul, 1369)	WORLD_QUICKLOOT	^0xff0000ffPAUSED^-
2026-09-04 14:53:40.177 BaldursGateIIEnhancedEdition[26058:118586130] INFO: LUA: A7LOG	195	12699600	229778	Day 1, Hour 23 (3 Mirtul, 1369)	WORLD_QUICKLOOT	^0xffc0a1aaMinsc^-: ^0xffd7c8a0Boo says, "What?!"^-
2026-09-04 14:53:41.248 BaldursGateIIEnhancedEdition[26058:118586130] INFO: LUA: A7LOG	196	12699660	230848	Day 1, Hour 23 (3 Mirtul, 1369)	WORLD_QUICKLOOT	^0xff0000ffUNPAUSED^-
2026-09-04 14:53:41.966 BaldursGateIIEnhancedEdition[26058:118586130] INFO: LUA: A7LOG	197	12700260	231567	Day 1, Hour 23 (3 Mirtul, 1369)	WORLD_QUICKLOOT	^0xffbed7d7Skeleton Warrior^-: ^0xffbed7d7Roll:12 +Luck:0 +SpecialAC:-2  +HitMod:0  +Attack of Opportunity:0  +Berserk:0  +Right:3 (+Weapon Bonus 0+Proficiency 3+STR 0+STREX 0+Melee bonus 0+Racial 0+Effects 0) +Invisible:0  +Invisible Target:0  +Range:0  +Hated Race:0  +Special Target:0  +Protections:0 ^-
2026-09-04 14:53:41.966 BaldursGateIIEnhancedEdition[26058:118586130] INFO: LUA: A7LOG	198	12700260	231567	Day 1, Hour 23 (3 Mirtul, 1369)	WORLD_QUICKLOOT	^0xff018bffSkeleton Warrior^-: ^0xffbed7d7Attack Roll 12 + 1 = 13 : Miss^-
2026-09-04 14:53:42.170 BaldursGateIIEnhancedEdition[26058:118586130] INFO: LUA: A7LOG	199	12700440	231770	Day 1, Hour 23 (3 Mirtul, 1369)	WORLD_QUICKLOOT	^0xffbed7d7Imoen^-: ^0xffbed7d7Roll:3 +Luck:0 +SpecialAC:0  +HitMod:0  +Attack of Opportunity:0  +Berserk:0  +Right:3 (+Weapon Bonus 1+Launcher 0+Proficiency 0+Dex 2+Missile 0+Racial 0+Effects 0) +Invisible:0  +Invisible Target:0  +Range:0  +Hated Race:0  +Special Target:0  +Protections:0 ^-
2026-09-04 14:53:42.170 BaldursGateIIEnhancedEdition[26058:118586130] INFO: LUA: A7LOG	200	12700440	231771	Day 1, Hour 23 (3 Mirtul, 1369)	WORLD_QUICKLOOT	^0xffffb3f3Imoen^-: ^0xffbed7d7Attack Roll 3 + 3 = 6 : Miss^-
2026-09-04 14:53:42.718 BaldursGateIIEnhancedEdition[26058:118586130] INFO: LUA: A7LOG	201	12700920	232319	Day 1, Hour 23 (3 Mirtul, 1369)	WORLD_QUICKLOOT	^0xffd6bd9fJaheira^-: ^0xffbed7d7Critical Miss^-
2026-09-04 14:53:42.718 BaldursGateIIEnhancedEdition[26058:118586130] INFO: LUA: A7LOG	202	12700920	232319	Day 1, Hour 23 (3 Mirtul, 1369)	WORLD_QUICKLOOT	^0xffd6bd9fJaheira^-: ^0xffd7c8a0Ugh!^-
2026-09-04 14:53:42.718 BaldursGateIIEnhancedEdition[26058:118586130] INFO: LUA: A7LOG	203	12700920	232319	Day 1, Hour 23 (3 Mirtul, 1369)	WORLD_QUICKLOOT	^0xffbed7d7Jaheira^-: ^0xffbed7d7Roll:1 +Luck:0 +SpecialAC:0  +HitMod:0  +Attack of Opportunity:0  +Berserk:0  +Right:2 (+Weapon Bonus 2+Proficiency 0+STR 0+STREX 0+Melee bonus 0+Racial 0+Effects 0) +Invisible:0  +Invisible Target:0  +Range:0  +Hated Race:0  +Special Target:0  +Protections:0 ^-
2026-09-04 14:53:42.718 BaldursGateIIEnhancedEdition[26058:118586130] INFO: LUA: A7LOG	204	12700920	232319	Day 1, Hour 23 (3 Mirtul, 1369)	WORLD_QUICKLOOT	^0xffd6bd9fJaheira^-: ^0xffbed7d7Attack Roll 1 + 2 = 3 : Miss^-
2026-09-04 14:53:42.885 BaldursGateIIEnhancedEdition[26058:118586130] INFO: LUA: A7LOG	205	12701100	232486	Day 1, Hour 23 (3 Mirtul, 1369)	WORLD_QUICKLOOT	^0xffbed7d7Minsc^-: ^0xffbed7d7Roll:6 +Luck:0 +SpecialAC:-2  +HitMod:0  +Attack of Opportunity:0  +Berserk:0  +Right:3 (+Weapon Bonus 0+Proficiency 1+STR 1+STREX 1+Melee bonus 0+Racial 0+Effects 0) +Invisible:0  +Invisible Target:0  +Range:0  +Hated Race:0  +Special Target:0  +Protections:0 ^-
2026-09-04 14:53:42.885 BaldursGateIIEnhancedEdition[26058:118586130] INFO: LUA: A7LOG	206	12701100	232486	Day 1, Hour 23 (3 Mirtul, 1369)	WORLD_QUICKLOOT	^0xffc0a1aaMinsc^-: ^0xffbed7d7Attack Roll 6 + 1 = 7 : Miss^-
2026-09-04 14:53:43.235 BaldursGateIIEnhancedEdition[26058:118586130] INFO: LUA: A7LOG	207	12701400	232836	Day 1, Hour 23 (3 Mirtul, 1369)	WORLD_QUICKLOOT	^0xffbed7d7Cambion^-: ^0xffbed7d7Roll:18 +Luck:0 +SpecialAC:0  +HitMod:0  +Attack of Opportunity:0  +Berserk:0  +Right:4 (+Weapon Bonus 1+Proficiency 0+STR 3+STREX 0+Melee bonus 0+Racial 0+Effects 0) +Invisible:0  +Invisible Target:0  +Range:0  +Hated Race:0  +Special Target:0  +Protections:0 ^-
2026-09-04 14:53:43.235 BaldursGateIIEnhancedEdition[26058:118586130] INFO: LUA: A7LOG	208	12701400	232836	Day 1, Hour 23 (3 Mirtul, 1369)	WORLD_QUICKLOOT	^0xff7769d5Cambion^-: ^0xffbed7d7Attack Roll 18 + 4 = 22 : Hit^-
2026-09-04 14:53:43.235 BaldursGateIIEnhancedEdition[26058:118586130] INFO: LUA: A7LOG	209	12701400	232836	Day 1, Hour 23 (3 Mirtul, 1369)	WORLD_QUICKLOOT	^0xffbed7d7Cambion^-: ^0xffbed7d7Roll:5  +DamageMod:0  +Hand bonus:0 (+Melee bonus 0+Effects 0) +Attack of Opportunity:0  *Backstab:0  +Berserk:0  +Strength:8  +Hated Race:0  +Special Bonus:0 ^-
2026-09-04 14:53:43.236 BaldursGateIIEnhancedEdition[26058:118586130] INFO: LUA: A7LOG	210	12701400	232836	Day 1, Hour 23 (3 Mirtul, 1369)	WORLD_QUICKLOOT	^0xffc0a1aaMinsc^-: ^0xffbed7d7Takes 26 slashing damage from Cambion (13 damage bonus)^-
2026-09-04 14:53:43.236 BaldursGateIIEnhancedEdition[26058:118586130] INFO: LUA: A7LOG	211	12701400	232836	Day 1, Hour 23 (3 Mirtul, 1369)	WORLD_QUICKLOOT	^0xffc0a1aaMinsc^-: ^0xffd7c8a0I must get aid soon. Boo is too young to have to avenge me.^-
2026-09-04 14:53:43.330 BaldursGateIIEnhancedEdition[26058:118586130] INFO: LUA: A7LOG	212	12701400	232931	Day 1, Hour 23 (3 Mirtul, 1369)	WORLD_QUICKLOOT	^0xff0000ffPAUSED^-
2026-09-04 14:53:45.086 BaldursGateIIEnhancedEdition[26058:118586130] INFO: LUA: A7LOG	213	12701400	234687	Day 1, Hour 23 (3 Mirtul, 1369)	WORLD_QUICKLOOT	^0xffc0a1aaMinsc^-: ^0xffd7c8a0See battle, Boo? Run, Boo, run!^-
2026-09-04 14:53:45.464 BaldursGateIIEnhancedEdition[26058:118586130] INFO: LUA: A7LOG	214	12701400	235065	Day 1, Hour 23 (3 Mirtul, 1369)	WORLD_QUICKLOOT	^0xff0000ffUNPAUSED^-
2026-09-04 14:53:47.117 BaldursGateIIEnhancedEdition[26058:118586130] INFO: LUA: A7LOG	215	12702780	236717	Day 1, Hour 23 (3 Mirtul, 1369)	WORLD_QUICKLOOT	^0xff0000ffPAUSED^-
2026-09-04 14:53:48.182 BaldursGateIIEnhancedEdition[26058:118586130] INFO: LUA: A7LOG	216	12702840	237783	Day 1, Hour 23 (3 Mirtul, 1369)	WORLD_QUICKLOOT	^0xff0000ffUNPAUSED^-
2026-09-04 14:53:49.367 BaldursGateIIEnhancedEdition[26058:118586130] INFO: LUA: A7LOG	217	12703860	238968	Day 1, Hour 23 (3 Mirtul, 1369)	WORLD_QUICKLOOT	^0xffbed7d7Booprikt^-: ^0xffbed7d7Roll:20 +Luck:0 +SpecialAC:0  +HitMod:0  +Attack of Opportunity:0  +Berserk:0  +Right:2 (+Weapon Bonus 0+Launcher 0+Proficiency 0+Dex 2+Missile 0+Racial 0+Effects 0) +Invisible:0  +Invisible Target:0  +Range:0  +Hated Race:0  +Special Target:0  +Protections:0 ^-
2026-09-04 14:53:49.367 BaldursGateIIEnhancedEdition[26058:118586130] INFO: LUA: A7LOG	218	12703860	238968	Day 1, Hour 23 (3 Mirtul, 1369)	WORLD_QUICKLOOT	^0xffcb967dBooprikt^-: ^0xffbed7d7Attack Roll 20 + 2 = 22 : Hit^-
2026-09-04 14:53:49.367 BaldursGateIIEnhancedEdition[26058:118586130] INFO: LUA: A7LOG	219	12703860	238968	Day 1, Hour 23 (3 Mirtul, 1369)	WORLD_QUICKLOOT	^0xffcb967dBooprikt^-: ^0xffbed7d7Critical Hit^-
2026-09-04 14:53:49.367 BaldursGateIIEnhancedEdition[26058:118586130] INFO: LUA: A7LOG	220	12703860	238968	Day 1, Hour 23 (3 Mirtul, 1369)	WORLD_QUICKLOOT	^0xffcb967dBooprikt^-: ^0xffd7c8a0Oh, did that hurt?^-
2026-09-04 14:53:49.367 BaldursGateIIEnhancedEdition[26058:118586130] INFO: LUA: A7LOG	221	12703860	238968	Day 1, Hour 23 (3 Mirtul, 1369)	WORLD_QUICKLOOT	^0xffbed7d7Booprikt^-: ^0xffbed7d7Roll:2  +DamageMod:0  +Hand bonus:0 (+Proficiency 0+Missile 0+Effects 0) +Attack of Opportunity:0  *Backstab:0  +Berserk:0  +Strength:2  +Hated Race:0  +Special Bonus:0 ^-
2026-09-04 14:53:49.649 BaldursGateIIEnhancedEdition[26058:118586130] INFO: LUA: A7LOG	222	12704100	239249	Day 1, Hour 23 (3 Mirtul, 1369)	WORLD_QUICKLOOT	^0xff7769d5Cambion^-: ^0xffbed7d7Takes 8 missile damage from Booprikt^-
2026-09-04 14:53:49.823 BaldursGateIIEnhancedEdition[26058:118586130] INFO: LUA: A7LOG	223	12704220	239424	Day 1, Hour 23 (3 Mirtul, 1369)	WORLD_QUICKLOOT	^0xffbed7d7Imoen^-: ^0xffbed7d7Roll:3 +Luck:0 +SpecialAC:0  +HitMod:0  +Attack of Opportunity:0  +Berserk:0  +Right:3 (+Weapon Bonus 1+Launcher 0+Proficiency 0+Dex 2+Missile 0+Racial 0+Effects 0) +Invisible:0  +Invisible Target:0  +Range:0  +Hated Race:0  +Special Target:0  +Protections:0 ^-
2026-09-04 14:53:49.823 BaldursGateIIEnhancedEdition[26058:118586130] INFO: LUA: A7LOG	224	12704220	239424	Day 1, Hour 23 (3 Mirtul, 1369)	WORLD_QUICKLOOT	^0xffffb3f3Imoen^-: ^0xffbed7d7Attack Roll 3 + 3 = 6 : Miss^-
2026-09-04 14:53:50.270 BaldursGateIIEnhancedEdition[26058:118586130] INFO: LUA: A7LOG	225	12704640	239871	Day 1, Hour 23 (3 Mirtul, 1369)	WORLD_QUICKLOOT	^0xffbed7d7Cambion^-: ^0xffbed7d7Roll:11 +Luck:0 +SpecialAC:0  +HitMod:0  +Attack of Opportunity:0  +Berserk:0  +Right:4 (+Weapon Bonus 1+Proficiency 0+STR 3+STREX 0+Melee bonus 0+Racial 0+Effects 0) +Invisible:0  +Invisible Target:0  +Range:0  +Hated Race:0  +Special Target:0  +Protections:0 ^-
2026-09-04 14:53:50.270 BaldursGateIIEnhancedEdition[26058:118586130] INFO: LUA: A7LOG	226	12704640	239871	Day 1, Hour 23 (3 Mirtul, 1369)	WORLD_QUICKLOOT	^0xff7769d5Cambion^-: ^0xffbed7d7Attack Roll 11 + 4 = 15 : Hit^-
2026-09-04 14:53:50.270 BaldursGateIIEnhancedEdition[26058:118586130] INFO: LUA: A7LOG	227	12704640	239871	Day 1, Hour 23 (3 Mirtul, 1369)	WORLD_QUICKLOOT	^0xffbed7d7Cambion^-: ^0xffbed7d7Roll:7  +DamageMod:0  +Hand bonus:0 (+Melee bonus 0+Effects 0) +Attack of Opportunity:0  *Backstab:0  +Berserk:0  +Strength:8  +Hated Race:0  +Special Bonus:0 ^-
2026-09-04 14:53:50.270 BaldursGateIIEnhancedEdition[26058:118586130] INFO: LUA: A7LOG	228	12704640	239871	Day 1, Hour 23 (3 Mirtul, 1369)	WORLD_QUICKLOOT	^0xff018bffSkeleton Warrior^-: ^0xffbed7d7Takes 9 slashing damage from Cambion (6 damage resisted)^-
2026-09-04 14:53:52.177 BaldursGateIIEnhancedEdition[26058:118586130] INFO: LUA: A7LOG	229	12706260	241778	Day 1, Hour 23 (3 Mirtul, 1369)	WORLD_QUICKLOOT	^0xffbed7d7Jaheira^-: ^0xffbed7d7Roll:7 +Luck:0 +SpecialAC:0  +HitMod:0  +Attack of Opportunity:0  +Berserk:0  +Right:2 (+Weapon Bonus 2+Proficiency 0+STR 0+STREX 0+Melee bonus 0+Racial 0+Effects 0) +Invisible:0  +Invisible Target:0  +Range:0  +Hated Race:0  +Special Target:0  +Protections:0 ^-
2026-09-04 14:53:52.177 BaldursGateIIEnhancedEdition[26058:118586130] INFO: LUA: A7LOG	230	12706260	241778	Day 1, Hour 23 (3 Mirtul, 1369)	WORLD_QUICKLOOT	^0xffd6bd9fJaheira^-: ^0xffbed7d7Attack Roll 7 + 2 = 9 : Miss^-
2026-09-04 14:53:52.345 BaldursGateIIEnhancedEdition[26058:118586130] INFO: LUA: A7LOG	231	12706320	241946	Day 1, Hour 23 (3 Mirtul, 1369)	WORLD_QUICKLOOT	^0xff0000ffPAUSED^-
2026-09-04 14:53:53.813 BaldursGateIIEnhancedEdition[26058:118586130] INFO: LUA: A7LOG	232	12706320	243413	Day 1, Hour 23 (3 Mirtul, 1369)	WORLD_QUICKLOOT	^0xff0000ffUNPAUSED^-
2026-09-04 14:53:54.093 BaldursGateIIEnhancedEdition[26058:118586130] INFO: LUA: A7LOG	233	12706560	243694	Day 1, Hour 23 (3 Mirtul, 1369)	WORLD_QUICKLOOT	^0xffbed7d7Imoen^-: ^0xffbed7d7Roll:20 +Luck:0 +SpecialAC:0  +HitMod:0  +Attack of Opportunity:0  +Berserk:0  +Right:3 (+Weapon Bonus 1+Launcher 0+Proficiency 0+Dex 2+Missile 0+Racial 0+Effects 0) +Invisible:0  +Invisible Target:0  +Range:0  +Hated Race:0  +Special Target:0  +Protections:0 ^-
2026-09-04 14:53:54.093 BaldursGateIIEnhancedEdition[26058:118586130] INFO: LUA: A7LOG	234	12706560	243694	Day 1, Hour 23 (3 Mirtul, 1369)	WORLD_QUICKLOOT	^0xffffb3f3Imoen^-: ^0xffbed7d7Attack Roll 20 + 3 = 23 : Hit^-
2026-09-04 14:53:54.094 BaldursGateIIEnhancedEdition[26058:118586130] INFO: LUA: A7LOG	235	12706560	243694	Day 1, Hour 23 (3 Mirtul, 1369)	WORLD_QUICKLOOT	^0xffffb3f3Imoen^-: ^0xffbed7d7Critical Hit^-
2026-09-04 14:53:54.094 BaldursGateIIEnhancedEdition[26058:118586130] INFO: LUA: A7LOG	236	12706560	243695	Day 1, Hour 23 (3 Mirtul, 1369)	WORLD_QUICKLOOT	^0xffffb3f3Imoen^-: ^0xffd7c8a0Gotcha good!^-
2026-09-04 14:53:54.094 BaldursGateIIEnhancedEdition[26058:118586130] INFO: LUA: A7LOG	237	12706560	243695	Day 1, Hour 23 (3 Mirtul, 1369)	WORLD_QUICKLOOT	^0xffbed7d7Imoen^-: ^0xffbed7d7Roll:3  +DamageMod:0  +Hand bonus:0 (+Proficiency 0+Missile 0+Effects 0) +Attack of Opportunity:0  *Backstab:0  +Berserk:0  +Strength:0  +Hated Race:0  +Special Bonus:0 ^-
2026-09-04 14:53:54.393 BaldursGateIIEnhancedEdition[26058:118586130] INFO: LUA: A7LOG	238	12706860	243994	Day 1, Hour 23 (3 Mirtul, 1369)	WORLD_QUICKLOOT	^0xff7769d5Cambion^-: ^0xffbed7d7Takes 6 missile damage from Imoen^-
2026-09-04 14:53:54.459 BaldursGateIIEnhancedEdition[26058:118586130] INFO: LUA: A7LOG	239	12706920	244060	Day 1, Hour 23 (3 Mirtul, 1369)	WORLD_QUICKLOOT	^0xff7769d5Cambion^-: ^0xffbed7d7Critical Miss^-
2026-09-04 14:53:54.459 BaldursGateIIEnhancedEdition[26058:118586130] INFO: LUA: A7LOG	240	12706920	244060	Day 1, Hour 23 (3 Mirtul, 1369)	WORLD_QUICKLOOT	^0xffbed7d7Cambion^-: ^0xffbed7d7Roll:1 +Luck:0 +SpecialAC:0  +HitMod:0  +Attack of Opportunity:0  +Berserk:0  +Right:4 (+Weapon Bonus 1+Proficiency 0+STR 3+STREX 0+Melee bonus 0+Racial 0+Effects 0) +Invisible:0  +Invisible Target:0  +Range:0  +Hated Race:0  +Special Target:0  +Protections:0 ^-
2026-09-04 14:53:54.459 BaldursGateIIEnhancedEdition[26058:118586130] INFO: LUA: A7LOG	241	12706920	244060	Day 1, Hour 23 (3 Mirtul, 1369)	WORLD_QUICKLOOT	^0xff7769d5Cambion^-: ^0xffbed7d7Attack Roll 1 + 4 = 5 : Miss^-
2026-09-04 14:53:54.803 BaldursGateIIEnhancedEdition[26058:118586130] INFO: LUA: A7LOG	242	12707220	244404	Day 1, Hour 23 (3 Mirtul, 1369)	WORLD_QUICKLOOT	^0xffc0a1aaMinsc^-: ^0xffbed7d7Attacks Cambion^-
2026-09-04 14:53:55.010 BaldursGateIIEnhancedEdition[26058:118586130] INFO: LUA: A7LOG	243	12707280	244611	Day 1, Hour 23 (3 Mirtul, 1369)	WORLD_QUICKLOOT	^0xff0000ffPAUSED^-
2026-09-04 14:53:56.443 BaldursGateIIEnhancedEdition[26058:118586130] INFO: LUA: A7LOG	244	12707280	246043	Day 1, Hour 23 (3 Mirtul, 1369)	WORLD_QUICKLOOT	^0xffffb3f3Imoen^-: ^0xffd7c8a0Time to move?^-
2026-09-04 14:54:00.823 BaldursGateIIEnhancedEdition[26058:118586130] INFO: LUA: A7LOG	245	12707280	250424	Day 1, Hour 23 (3 Mirtul, 1369)	WORLD_QUICKLOOT	^0xffffb3f3Imoen^-: ^0xffbed7d7is Casting Chromatic Orb : Cambion^-
2026-09-04 14:54:02.410 BaldursGateIIEnhancedEdition[26058:118586130] INFO: LUA: A7LOG	246	12707280	252011	Day 1, Hour 23 (3 Mirtul, 1369)	WORLD_QUICKLOOT	^0xffc0a1aaMinsc^-: ^0xffd7c8a0You point, I punch.^-
2026-09-04 14:54:04.740 BaldursGateIIEnhancedEdition[26058:118586130] INFO: LUA: A7LOG	247	12707340	254341	Day 1, Hour 23 (3 Mirtul, 1369)	WORLD_QUICKLOOT	^0xff0000ffUNPAUSED^-
2026-09-04 14:54:04.817 BaldursGateIIEnhancedEdition[26058:118586130] INFO: LUA: A7LOG	248	12707400	254417	Day 1, Hour 23 (3 Mirtul, 1369)	WORLD_QUICKLOOT	^0xffc0a1aaMinsc^-: ^0xffbed7d7*gulp*^-
2026-09-04 14:54:05.115 BaldursGateIIEnhancedEdition[26058:118586130] INFO: sAchieveID=NONE,m_sGlobalName=SPRITE_IS_DEADNone,m_nValue=1
2026-09-04 14:54:05.116 BaldursGateIIEnhancedEdition[26058:118586130] INFO: LUA: A7LOG	249	12707640	254717	Day 1, Hour 23 (3 Mirtul, 1369)	WORLD_QUICKLOOT	^0xffbed7d7Skeleton Warrior^-: ^0xffbed7d7Roll:20 +Luck:0 +SpecialAC:-2  +HitMod:0  +Attack of Opportunity:0  +Berserk:0  +Right:3 (+Weapon Bonus 0+Proficiency 3+STR 0+STREX 0+Melee bonus 0+Racial 0+Effects 0) +Invisible:0  +Invisible Target:0  +Range:0  +Hated Race:0  +Special Target:0  +Protections:0 ^-
2026-09-04 14:54:05.116 BaldursGateIIEnhancedEdition[26058:118586130] INFO: LUA: A7LOG	250	12707640	254717	Day 1, Hour 23 (3 Mirtul, 1369)	WORLD_QUICKLOOT	^0xff018bffSkeleton Warrior^-: ^0xffbed7d7Attack Roll 20 + 1 = 21 : Hit^-
2026-09-04 14:54:05.116 BaldursGateIIEnhancedEdition[26058:118586130] INFO: LUA: A7LOG	251	12707640	254717	Day 1, Hour 23 (3 Mirtul, 1369)	WORLD_QUICKLOOT	^0xff018bffSkeleton Warrior^-: ^0xffbed7d7Critical Hit^-
2026-09-04 14:54:05.116 BaldursGateIIEnhancedEdition[26058:118586130] INFO: LUA: A7LOG	252	12707640	254717	Day 1, Hour 23 (3 Mirtul, 1369)	WORLD_QUICKLOOT	^0xffbed7d7Skeleton Warrior^-: ^0xffbed7d7Roll:4  +DamageMod:0  +Hand bonus:0 (+Proficiency 5+Melee bonus 0+Effects 0) +Attack of Opportunity:0  *Backstab:0  +Berserk:0  +Strength:1  +Hated Race:0  +Special Bonus:0 ^-
2026-09-04 14:54:05.116 BaldursGateIIEnhancedEdition[26058:118586130] INFO: LUA: A7LOG	253	12707640	254717	Day 1, Hour 23 (3 Mirtul, 1369)	WORLD_QUICKLOOT	^0xff7769d5Cambion^-: ^0xffbed7d7Takes 20 slashing damage from Skeleton Warrior^-
2026-09-04 14:54:05.116 BaldursGateIIEnhancedEdition[26058:118586130] INFO: LUA: A7LOG	254	12707640	254717	Day 1, Hour 23 (3 Mirtul, 1369)	WORLD_QUICKLOOT	^0xff7769d5Cambion^-: ^0xffbed7d7Death^-
2026-09-04 14:54:05.426 BaldursGateIIEnhancedEdition[26058:118586130] INFO: LUA: A7LOG	255	12707880	255026	Day 1, Hour 23 (3 Mirtul, 1369)	WORLD_QUICKLOOT	^0xff0000ffPAUSED^-
2026-09-04 14:54:05.452 BaldursGateIIEnhancedEdition[26058:118586130] INFO: LUA: A7LOG	256	12707880	255053	Day 1, Hour 23 (3 Mirtul, 1369)	WORLD_QUICKLOOT	^0xffffb3f3Imoen^-: ^0xffbed7d7Casts Chromatic Orb : Cambion^-
2026-09-04 14:54:05.452 BaldursGateIIEnhancedEdition[26058:118586130] INFO: LUA: A7LOG	257	12707880	255053	Day 1, Hour 23 (3 Mirtul, 1369)	WORLD_QUICKLOOT	^0xffffb3f3Imoen^-: ^0xffbed7d7Auto-Paused: Spell Cast^-
2026-09-04 14:54:05.521 BaldursGateIIEnhancedEdition[26058:118586130] INFO: LUA: A7LOG	258	12707880	255122	Day 1, Hour 23 (3 Mirtul, 1369)	WORLD_QUICKLOOT	^0xff0000ffUNPAUSED^-
2026-09-04 14:54:05.521 BaldursGateIIEnhancedEdition[26058:118586130] INFO: LUA: A7LOG	259	12707880	255122	Day 1, Hour 23 (3 Mirtul, 1369)	WORLD_QUICKLOOT	^0xffcb967dBooprikt^-: ^0xffbed7d7Detecting Traps / Illusions^-
2026-09-04 14:54:05.592 BaldursGateIIEnhancedEdition[26058:118586130] INFO: LUA: A7LOG	260	12707940	255192	Day 1, Hour 23 (3 Mirtul, 1369)	WORLD_QUICKLOOT	^0xffc8ffc8The Party Has Gained Experience: 6000^-
2026-09-04 14:54:06.141 BaldursGateIIEnhancedEdition[26058:118586130] INFO: LUA: A7LOG	261	12708420	255742	Day 1, Hour 23 (3 Mirtul, 1369)	WORLD_QUICKLOOT	^0xffbed7d7Cambion^-: ^0xffbed7d7Magic Resistance^-
2026-09-04 14:54:06.516 BaldursGateIIEnhancedEdition[26058:118586130] INFO: LUA: A7LOG	262	12708780	256117	Day 1, Hour 23 (3 Mirtul, 1369)	WORLD_QUICKLOOT	^0xffffb3f3Imoen^-: ^0xffbed7d7Detecting Traps / Illusions^-
2026-09-04 14:54:08.440 BaldursGateIIEnhancedEdition[26058:118586130] INFO: LUA: A7LOG	263	12710460	258041	Day 1, Hour 23 (3 Mirtul, 1369)	WORLD_QUICKLOOT	^0xffffb3f3Imoen^-: ^0xffd7c8a0Yep?^-
2026-09-04 14:54:08.890 BaldursGateIIEnhancedEdition[26058:118586130] INFO: LUA: A7LOG	264	12710820	258491	Day 1, Hour 23 (3 Mirtul, 1369)	WORLD_QUICKLOOT	^0xffffb3f3Imoen^-: ^0xffbed7d7Stopped Detecting Traps / Illusions^-
2026-09-04 14:54:09.818 BaldursGateIIEnhancedEdition[26058:118586130] INFO: LUA: A7LOG	265	12711660	259419	Day 1, Hour 23 (3 Mirtul, 1369)	WORLD_QUICKLOOT	^0xffffb3f3Imoen^-: ^0xffbed7d7Detecting Traps / Illusions^-
2026-09-04 14:54:10.070 BaldursGateIIEnhancedEdition[26058:118586130] INFO: LUA: A7LOG	266	12711840	259671	Day 1, Hour 23 (3 Mirtul, 1369)	WORLD_QUICKLOOT	^0xffffb3f3Imoen^-: ^0xffbed7d7Stopped Detecting Traps / Illusions^-
2026-09-04 14:54:10.486 BaldursGateIIEnhancedEdition[26058:118586130] INFO: LUA: A7LOG	267	12712140	260087	Day 1, Hour 23 (3 Mirtul, 1369)	WORLD_QUICKLOOT	^0xff0000ffPAUSED^-
2026-09-04 14:54:11.441 BaldursGateIIEnhancedEdition[26058:118586130] INFO: LUA: A7LOG	268	12712140	261042	Day 1, Hour 23 (3 Mirtul, 1369)	WORLD_QUICKLOOT	^0xff0000ffUNPAUSED^-
2026-09-04 14:54:11.886 BaldursGateIIEnhancedEdition[26058:118586130] INFO: LUA: A7LOG	269	12712560	261487	Day 1, Hour 23 (3 Mirtul, 1369)	WORLD_QUICKLOOT	^0xffffb3f3Imoen^-: ^0xffbed7d7Detecting Traps / Illusions^-
2026-09-04 14:54:16.699 BaldursGateIIEnhancedEdition[26058:118586130] INFO: LUA: A7LOG	270	12716760	266300	Day 1, Hour 23 (3 Mirtul, 1369)	WORLD_QUICKLOOT	^0xffd6bd9fJaheira^-: ^0xffd7c8a0I am ready.^-
2026-09-04 14:54:17.289 BaldursGateIIEnhancedEdition[26058:118586130] INFO: LUA: A7LOG	271	12717240	266889	Day 1, Hour 23 (3 Mirtul, 1369)	WORLD_QUICKLOOT	^0xffd6bd9fJaheira^-: ^0xffd7c8a0I go.^-
2026-09-04 14:54:18.325 BaldursGateIIEnhancedEdition[26058:118586130] INFO: LUA: A7LOG	272	12718080	267925	Day 1, Hour 23 (3 Mirtul, 1369)	WORLD_QUICKLOOT	^0xff0000ffPAUSED^-
2026-09-04 14:54:20.009 BaldursGateIIEnhancedEdition[26058:118586130] INFO: LUA: A7LOG	273	12718140	269609	Day 1, Hour 23 (3 Mirtul, 1369)	WORLD_QUICKLOOT	^0xff0000ffUNPAUSED^-
2026-09-04 14:54:26.860 BaldursGateIIEnhancedEdition[26058:118586130] INFO: LUA: A7LOG	274	12724080	276460	Day 1, Hour 23 (3 Mirtul, 1369)	WORLD_QUICKLOOT	^0xffffb4b4You are too far away to use that.^-
2026-09-04 14:54:28.198 BaldursGateIIEnhancedEdition[26058:118586130] INFO: LUA: A7LOG	275	12725220	277798	Day 1, Hour 23 (3 Mirtul, 1369)	WORLD_QUICKLOOT	^0xffd6bd9fJaheira^-: ^0xffd7c8a0It is about time.^-
2026-09-04 14:54:29.057 BaldursGateIIEnhancedEdition[26058:118586130] INFO: LUA: A7LOG	276	12726000	278657	Day 1, Hour 23 (3 Mirtul, 1369)	WORLD_QUICKLOOT	^0xffffb4b4You are too far away to use that.^-
2026-09-04 14:54:31.253 BaldursGateIIEnhancedEdition[26058:118586130] INFO: LUA: A7LOG	277	12727920	280854	Day 1, Hour 23 (3 Mirtul, 1369)	WORLD_QUICKLOOT	^0xffffb4b4You are too far away to use that.^-
2026-09-04 14:54:31.848 BaldursGateIIEnhancedEdition[26058:118586130] INFO: LUA: A7LOG	278	12728400	281448	Day 1, Hour 23 (3 Mirtul, 1369)	WORLD_QUICKLOOT	^0xffd6bd9fJaheira^-: ^0xffd7c8a0As I would have done.^-
2026-09-04 14:54:35.670 BaldursGateIIEnhancedEdition[26058:118586130] INFO: LUA: A7LOG	279	12731760	285270	Day 1, Hour 23 (3 Mirtul, 1369)	WORLD_QUICKLOOT	^0xffffb4b4The lever will move no further.^-
2026-09-04 14:54:39.380 BaldursGateIIEnhancedEdition[26058:118586130] INFO: LUA: A7LOG	280	12734940	288981	Day 1, Hour 23 (3 Mirtul, 1369)	WORLD_QUICKLOOT	^0xffd6bd9fJaheira^-: ^0xffd7c8a0Speak your mind.^-
2026-09-04 14:54:40.362 BaldursGateIIEnhancedEdition[26058:118586130] INFO: LUA: A7LOG	281	12735780	289962	Day 1, Hour 23 (3 Mirtul, 1369)	WORLD_QUICKLOOT	^0xffd6bd9fJaheira^-: ^0xffd7c8a0If it will help.^-
2026-09-04 14:54:46.367 BaldursGateIIEnhancedEdition[26058:118586130] INFO: LUA: A7LOG	282	12741060	295968	Day 1, Hour 23 (3 Mirtul, 1369)	WORLD_QUICKLOOT	^0xffffb3f3Imoen^-: ^0xffbed7d7Stopped Detecting Traps / Illusions^-
2026-09-04 14:54:46.400 BaldursGateIIEnhancedEdition[26058:118586130] INFO: LUA: A7LOG	283	12741060	296001	Day 1, Hour 23 (3 Mirtul, 1369)	WORLD_QUICKLOOT	^0xffcb967dBooprikt^-: ^0xffbed7d7Stopped Detecting Traps / Illusions^-
2026-09-04 14:54:46.438 BaldursGateIIEnhancedEdition[26058:118586130] INFO: LUA: A7LOG	284	12741120	296038	Day 1, Hour 23 (3 Mirtul, 1369)	WORLD_QUICKLOOT	^0xffbed7d7LOCKED^-
2026-09-04 14:54:50.147 BaldursGateIIEnhancedEdition[26058:118586130] INFO: LUA: A7LOG	285	12744300	299747	Day 1, Hour 23 (3 Mirtul, 1369)	WORLD_QUICKLOOT	^0xffcb967dBooprikt^-: ^0xffbed7d7Detecting Traps / Illusions^-
2026-09-04 14:54:51.078 BaldursGateIIEnhancedEdition[26058:118586130] INFO: LUA: A7LOG	286	12745140	300679	Day 1, Hour 23 (3 Mirtul, 1369)	WORLD_QUICKLOOT	^0xffffb3f3Imoen^-: ^0xffbed7d7Detecting Traps / Illusions^-
2026-09-04 14:54:54.126 BaldursGateIIEnhancedEdition[26058:118586130] INFO: LUA: A7LOG	287	12747720	303726	Day 1, Hour 23 (3 Mirtul, 1369)	WORLD_QUICKLOOT	^0xffcb967dBooprikt^-: ^0xffbed7d7Stopped Detecting Traps / Illusions^-
2026-09-04 14:54:54.159 BaldursGateIIEnhancedEdition[26058:118586130] INFO: LUA: A7LOG	288	12747780	303760	Day 1, Hour 23 (3 Mirtul, 1369)	WORLD_QUICKLOOT	^0xffffb3f3Imoen^-: ^0xffbed7d7Stopped Detecting Traps / Illusions^-
2026-09-04 14:54:55.478 BaldursGateIIEnhancedEdition[26058:118586130] INFO: LUA: A7LOG	289	12748920	305079	Day 1, Hour 23 (3 Mirtul, 1369)	WORLD_QUICKLOOT	^0xffd6bd9fJaheira^-: ^0xffd7c8a0Nature's servant awaits.^-
2026-09-04 14:54:55.547 BaldursGateIIEnhancedEdition[26058:118586130] INFO: LUA: A7LOG	290	12748980	305148	Day 1, Hour 23 (3 Mirtul, 1369)	WORLD_QUICKLOOT	^0xffffb3f3Imoen^-: ^0xffbed7d7Detecting Traps / Illusions^-
2026-09-04 14:54:55.718 BaldursGateIIEnhancedEdition[26058:118586130] INFO: LUA: A7LOG	291	12749100	305318	Day 1, Hour 23 (3 Mirtul, 1369)	WORLD_QUICKLOOT	^0xffcb967dBooprikt^-: ^0xffbed7d7Detecting Traps / Illusions^-
2026-09-04 14:54:56.396 BaldursGateIIEnhancedEdition[26058:118586130] INFO: scanning:(0) $HOME/Library/Application Support/Steam/steamapps/common/Baldur's Gate II Enhanced Edition/override
2026-09-04 14:54:56.411 BaldursGateIIEnhancedEdition[26058:118586130] INFO: scanning:(1) $HOME/Library/Application Support/Steam/steamapps/common/Baldur's Gate II Enhanced Edition/scripts
2026-09-04 14:54:56.411 BaldursGateIIEnhancedEdition[26058:118586130] INFO: scanning:(2) $HOME/Library/Application Support/Steam/steamapps/common/Baldur's Gate II Enhanced Edition/sounds
2026-09-04 14:54:56.411 BaldursGateIIEnhancedEdition[26058:118586130] INFO: scanning:(3) $HOME/Library/Application Support/Steam/steamapps/common/Baldur's Gate II Enhanced Edition/lang/en_US/sounds
2026-09-04 14:54:56.415 BaldursGateIIEnhancedEdition[26058:118586130] INFO: scanning:(4) $HOME/Library/Application Support/Steam/steamapps/common/Baldur's Gate II Enhanced Edition/portraits
2026-09-04 14:54:56.415 BaldursGateIIEnhancedEdition[26058:118586130] INFO: scanning:(5) $HOME/Library/Application Support/Steam/steamapps/common/Baldur's Gate II Enhanced Edition/characters
2026-09-04 14:54:56.415 BaldursGateIIEnhancedEdition[26058:118586130] INFO: scanning:(6) $HOME/Library/Application Support/Steam/steamapps/common/Baldur's Gate II Enhanced Edition/movies
2026-09-04 14:54:56.416 BaldursGateIIEnhancedEdition[26058:118586130] INFO: scanning:(7) $HOME/Library/Application Support/Steam/steamapps/common/Baldur's Gate II Enhanced Edition/lang/en_US/movies
2026-09-04 14:54:56.416 BaldursGateIIEnhancedEdition[26058:118586130] INFO: scanning:(8) $HOME/Documents/Baldur's Gate II - Enhanced Edition/override
2026-09-04 14:54:56.416 BaldursGateIIEnhancedEdition[26058:118586130] INFO: scanning:(9) $HOME/Documents/Baldur's Gate II - Enhanced Edition/scripts
2026-09-04 14:54:56.416 BaldursGateIIEnhancedEdition[26058:118586130] INFO: scanning:(10) $HOME/Documents/Baldur's Gate II - Enhanced Edition/sounds
2026-09-04 14:54:56.416 BaldursGateIIEnhancedEdition[26058:118586130] INFO: scanning:(11) $HOME/Documents/Baldur's Gate II - Enhanced Edition/portraits
2026-09-04 14:54:56.416 BaldursGateIIEnhancedEdition[26058:118586130] INFO: scanning:(12) $HOME/Documents/Baldur's Gate II - Enhanced Edition/characters
2026-09-04 14:54:56.416 BaldursGateIIEnhancedEdition[26058:118586130] INFO: scanning:(13) $HOME/Documents/Baldur's Gate II - Enhanced Edition/movies
2026-09-04 14:54:56.463 BaldursGateIIEnhancedEdition[26058:118586130] INFO: scanning:(0) $HOME/Library/Application Support/Steam/steamapps/common/Baldur's Gate II Enhanced Edition/override
2026-09-04 14:54:56.465 BaldursGateIIEnhancedEdition[26058:118586130] INFO: scanning:(1) $HOME/Library/Application Support/Steam/steamapps/common/Baldur's Gate II Enhanced Edition/scripts
2026-09-04 14:54:56.465 BaldursGateIIEnhancedEdition[26058:118586130] INFO: scanning:(2) $HOME/Library/Application Support/Steam/steamapps/common/Baldur's Gate II Enhanced Edition/sounds
2026-09-04 14:54:56.465 BaldursGateIIEnhancedEdition[26058:118586130] INFO: scanning:(3) $HOME/Library/Application Support/Steam/steamapps/common/Baldur's Gate II Enhanced Edition/lang/en_US/sounds
2026-09-04 14:54:56.465 BaldursGateIIEnhancedEdition[26058:118586130] INFO: scanning:(4) $HOME/Library/Application Support/Steam/steamapps/common/Baldur's Gate II Enhanced Edition/portraits
2026-09-04 14:54:56.465 BaldursGateIIEnhancedEdition[26058:118586130] INFO: scanning:(5) $HOME/Library/Application Support/Steam/steamapps/common/Baldur's Gate II Enhanced Edition/characters
2026-09-04 14:54:56.465 BaldursGateIIEnhancedEdition[26058:118586130] INFO: scanning:(6) $HOME/Library/Application Support/Steam/steamapps/common/Baldur's Gate II Enhanced Edition/movies
2026-09-04 14:54:56.465 BaldursGateIIEnhancedEdition[26058:118586130] INFO: scanning:(7) $HOME/Library/Application Support/Steam/steamapps/common/Baldur's Gate II Enhanced Edition/lang/en_US/movies
2026-09-04 14:54:56.465 BaldursGateIIEnhancedEdition[26058:118586130] INFO: scanning:(8) $HOME/Documents/Baldur's Gate II - Enhanced Edition/override
2026-09-04 14:54:56.465 BaldursGateIIEnhancedEdition[26058:118586130] INFO: scanning:(9) $HOME/Documents/Baldur's Gate II - Enhanced Edition/scripts
2026-09-04 14:54:56.465 BaldursGateIIEnhancedEdition[26058:118586130] INFO: scanning:(10) $HOME/Documents/Baldur's Gate II - Enhanced Edition/sounds
2026-09-04 14:54:56.465 BaldursGateIIEnhancedEdition[26058:118586130] INFO: scanning:(11) $HOME/Documents/Baldur's Gate II - Enhanced Edition/portraits
2026-09-04 14:54:56.465 BaldursGateIIEnhancedEdition[26058:118586130] INFO: scanning:(12) $HOME/Documents/Baldur's Gate II - Enhanced Edition/characters
2026-09-04 14:54:56.465 BaldursGateIIEnhancedEdition[26058:118586130] INFO: scanning:(13) $HOME/Documents/Baldur's Gate II - Enhanced Edition/movies
2026-09-04 14:54:56.467 BaldursGateIIEnhancedEdition[26058:118586130] INFO: scanning:(0) $HOME/Library/Application Support/Steam/steamapps/common/Baldur's Gate II Enhanced Edition/override
2026-09-04 14:54:56.468 BaldursGateIIEnhancedEdition[26058:118586130] INFO: scanning:(1) $HOME/Library/Application Support/Steam/steamapps/common/Baldur's Gate II Enhanced Edition/scripts
2026-09-04 14:54:56.468 BaldursGateIIEnhancedEdition[26058:118586130] INFO: scanning:(2) $HOME/Library/Application Support/Steam/steamapps/common/Baldur's Gate II Enhanced Edition/sounds
2026-09-04 14:54:56.468 BaldursGateIIEnhancedEdition[26058:118586130] INFO: scanning:(3) $HOME/Library/Application Support/Steam/steamapps/common/Baldur's Gate II Enhanced Edition/lang/en_US/sounds
2026-09-04 14:54:56.469 BaldursGateIIEnhancedEdition[26058:118586130] INFO: scanning:(4) $HOME/Library/Application Support/Steam/steamapps/common/Baldur's Gate II Enhanced Edition/portraits
2026-09-04 14:54:56.469 BaldursGateIIEnhancedEdition[26058:118586130] INFO: scanning:(5) $HOME/Library/Application Support/Steam/steamapps/common/Baldur's Gate II Enhanced Edition/characters
2026-09-04 14:54:56.469 BaldursGateIIEnhancedEdition[26058:118586130] INFO: scanning:(6) $HOME/Library/Application Support/Steam/steamapps/common/Baldur's Gate II Enhanced Edition/movies
2026-09-04 14:54:56.469 BaldursGateIIEnhancedEdition[26058:118586130] INFO: scanning:(7) $HOME/Library/Application Support/Steam/steamapps/common/Baldur's Gate II Enhanced Edition/lang/en_US/movies
2026-09-04 14:54:56.469 BaldursGateIIEnhancedEdition[26058:118586130] INFO: scanning:(8) $HOME/Documents/Baldur's Gate II - Enhanced Edition/override
2026-09-04 14:54:56.469 BaldursGateIIEnhancedEdition[26058:118586130] INFO: scanning:(9) $HOME/Documents/Baldur's Gate II - Enhanced Edition/scripts
2026-09-04 14:54:56.469 BaldursGateIIEnhancedEdition[26058:118586130] INFO: scanning:(10) $HOME/Documents/Baldur's Gate II - Enhanced Edition/sounds
2026-09-04 14:54:56.469 BaldursGateIIEnhancedEdition[26058:118586130] INFO: scanning:(11) $HOME/Documents/Baldur's Gate II - Enhanced Edition/portraits
2026-09-04 14:54:56.469 BaldursGateIIEnhancedEdition[26058:118586130] INFO: scanning:(12) $HOME/Documents/Baldur's Gate II - Enhanced Edition/characters
2026-09-04 14:54:56.469 BaldursGateIIEnhancedEdition[26058:118586130] INFO: scanning:(13) $HOME/Documents/Baldur's Gate II - Enhanced Edition/movies
2026-09-04 14:54:56.470 BaldursGateIIEnhancedEdition[26058:118586130] INFO: scanning:(0) $HOME/Library/Application Support/Steam/steamapps/common/Baldur's Gate II Enhanced Edition/override
2026-09-04 14:54:56.472 BaldursGateIIEnhancedEdition[26058:118586130] INFO: scanning:(1) $HOME/Library/Application Support/Steam/steamapps/common/Baldur's Gate II Enhanced Edition/scripts
2026-09-04 14:54:56.472 BaldursGateIIEnhancedEdition[26058:118586130] INFO: scanning:(2) $HOME/Library/Application Support/Steam/steamapps/common/Baldur's Gate II Enhanced Edition/sounds
2026-09-04 14:54:56.472 BaldursGateIIEnhancedEdition[26058:118586130] INFO: scanning:(3) $HOME/Library/Application Support/Steam/steamapps/common/Baldur's Gate II Enhanced Edition/lang/en_US/sounds
2026-09-04 14:54:56.472 BaldursGateIIEnhancedEdition[26058:118586130] INFO: scanning:(4) $HOME/Library/Application Support/Steam/steamapps/common/Baldur's Gate II Enhanced Edition/portraits
2026-09-04 14:54:56.472 BaldursGateIIEnhancedEdition[26058:118586130] INFO: scanning:(5) $HOME/Library/Application Support/Steam/steamapps/common/Baldur's Gate II Enhanced Edition/characters
2026-09-04 14:54:56.472 BaldursGateIIEnhancedEdition[26058:118586130] INFO: scanning:(6) $HOME/Library/Application Support/Steam/steamapps/common/Baldur's Gate II Enhanced Edition/movies
2026-09-04 14:54:56.472 BaldursGateIIEnhancedEdition[26058:118586130] INFO: scanning:(7) $HOME/Library/Application Support/Steam/steamapps/common/Baldur's Gate II Enhanced Edition/lang/en_US/movies
2026-09-04 14:54:56.472 BaldursGateIIEnhancedEdition[26058:118586130] INFO: scanning:(8) $HOME/Documents/Baldur's Gate II - Enhanced Edition/override
2026-09-04 14:54:56.472 BaldursGateIIEnhancedEdition[26058:118586130] INFO: scanning:(9) $HOME/Documents/Baldur's Gate II - Enhanced Edition/scripts
2026-09-04 14:54:56.472 BaldursGateIIEnhancedEdition[26058:118586130] INFO: scanning:(10) $HOME/Documents/Baldur's Gate II - Enhanced Edition/sounds
2026-09-04 14:54:56.472 BaldursGateIIEnhancedEdition[26058:118586130] INFO: scanning:(11) $HOME/Documents/Baldur's Gate II - Enhanced Edition/portraits
2026-09-04 14:54:56.472 BaldursGateIIEnhancedEdition[26058:118586130] INFO: scanning:(12) $HOME/Documents/Baldur's Gate II - Enhanced Edition/characters
2026-09-04 14:54:56.472 BaldursGateIIEnhancedEdition[26058:118586130] INFO: scanning:(13) $HOME/Documents/Baldur's Gate II - Enhanced Edition/movies
2026-09-04 14:54:56.474 BaldursGateIIEnhancedEdition[26058:118586130] INFO: scanning:(0) $HOME/Library/Application Support/Steam/steamapps/common/Baldur's Gate II Enhanced Edition/override
2026-09-04 14:54:56.475 BaldursGateIIEnhancedEdition[26058:118586130] INFO: scanning:(1) $HOME/Library/Application Support/Steam/steamapps/common/Baldur's Gate II Enhanced Edition/scripts
2026-09-04 14:54:56.475 BaldursGateIIEnhancedEdition[26058:118586130] INFO: scanning:(2) $HOME/Library/Application Support/Steam/steamapps/common/Baldur's Gate II Enhanced Edition/sounds
2026-09-04 14:54:56.475 BaldursGateIIEnhancedEdition[26058:118586130] INFO: scanning:(3) $HOME/Library/Application Support/Steam/steamapps/common/Baldur's Gate II Enhanced Edition/lang/en_US/sounds
2026-09-04 14:54:56.475 BaldursGateIIEnhancedEdition[26058:118586130] INFO: scanning:(4) $HOME/Library/Application Support/Steam/steamapps/common/Baldur's Gate II Enhanced Edition/portraits
2026-09-04 14:54:56.475 BaldursGateIIEnhancedEdition[26058:118586130] INFO: scanning:(5) $HOME/Library/Application Support/Steam/steamapps/common/Baldur's Gate II Enhanced Edition/characters
2026-09-04 14:54:56.475 BaldursGateIIEnhancedEdition[26058:118586130] INFO: scanning:(6) $HOME/Library/Application Support/Steam/steamapps/common/Baldur's Gate II Enhanced Edition/movies
2026-09-04 14:54:56.475 BaldursGateIIEnhancedEdition[26058:118586130] INFO: scanning:(7) $HOME/Library/Application Support/Steam/steamapps/common/Baldur's Gate II Enhanced Edition/lang/en_US/movies
2026-09-04 14:54:56.475 BaldursGateIIEnhancedEdition[26058:118586130] INFO: scanning:(8) $HOME/Documents/Baldur's Gate II - Enhanced Edition/override
2026-09-04 14:54:56.475 BaldursGateIIEnhancedEdition[26058:118586130] INFO: scanning:(9) $HOME/Documents/Baldur's Gate II - Enhanced Edition/scripts
2026-09-04 14:54:56.475 BaldursGateIIEnhancedEdition[26058:118586130] INFO: scanning:(10) $HOME/Documents/Baldur's Gate II - Enhanced Edition/sounds
2026-09-04 14:54:56.475 BaldursGateIIEnhancedEdition[26058:118586130] INFO: scanning:(11) $HOME/Documents/Baldur's Gate II - Enhanced Edition/portraits
2026-09-04 14:54:56.475 BaldursGateIIEnhancedEdition[26058:118586130] INFO: scanning:(12) $HOME/Documents/Baldur's Gate II - Enhanced Edition/characters
2026-09-04 14:54:56.475 BaldursGateIIEnhancedEdition[26058:118586130] INFO: scanning:(13) $HOME/Documents/Baldur's Gate II - Enhanced Edition/movies
2026-09-04 14:54:56.487 BaldursGateIIEnhancedEdition[26058:118586130] INFO: scanning:(0) $HOME/Library/Application Support/Steam/steamapps/common/Baldur's Gate II Enhanced Edition/override
2026-09-04 14:54:56.489 BaldursGateIIEnhancedEdition[26058:118586130] INFO: scanning:(1) $HOME/Library/Application Support/Steam/steamapps/common/Baldur's Gate II Enhanced Edition/scripts
2026-09-04 14:54:56.489 BaldursGateIIEnhancedEdition[26058:118586130] INFO: scanning:(2) $HOME/Library/Application Support/Steam/steamapps/common/Baldur's Gate II Enhanced Edition/sounds
2026-09-04 14:54:56.489 BaldursGateIIEnhancedEdition[26058:118586130] INFO: scanning:(3) $HOME/Library/Application Support/Steam/steamapps/common/Baldur's Gate II Enhanced Edition/lang/en_US/sounds
2026-09-04 14:54:56.489 BaldursGateIIEnhancedEdition[26058:118586130] INFO: scanning:(4) $HOME/Library/Application Support/Steam/steamapps/common/Baldur's Gate II Enhanced Edition/portraits
2026-09-04 14:54:56.489 BaldursGateIIEnhancedEdition[26058:118586130] INFO: scanning:(5) $HOME/Library/Application Support/Steam/steamapps/common/Baldur's Gate II Enhanced Edition/characters
2026-09-04 14:54:56.489 BaldursGateIIEnhancedEdition[26058:118586130] INFO: scanning:(6) $HOME/Library/Application Support/Steam/steamapps/common/Baldur's Gate II Enhanced Edition/movies
2026-09-04 14:54:56.489 BaldursGateIIEnhancedEdition[26058:118586130] INFO: scanning:(7) $HOME/Library/Application Support/Steam/steamapps/common/Baldur's Gate II Enhanced Edition/lang/en_US/movies
2026-09-04 14:54:56.489 BaldursGateIIEnhancedEdition[26058:118586130] INFO: scanning:(8) $HOME/Documents/Baldur's Gate II - Enhanced Edition/override
2026-09-04 14:54:56.489 BaldursGateIIEnhancedEdition[26058:118586130] INFO: scanning:(9) $HOME/Documents/Baldur's Gate II - Enhanced Edition/scripts
2026-09-04 14:54:56.489 BaldursGateIIEnhancedEdition[26058:118586130] INFO: scanning:(10) $HOME/Documents/Baldur's Gate II - Enhanced Edition/sounds
2026-09-04 14:54:56.489 BaldursGateIIEnhancedEdition[26058:118586130] INFO: scanning:(11) $HOME/Documents/Baldur's Gate II - Enhanced Edition/portraits
2026-09-04 14:54:56.489 BaldursGateIIEnhancedEdition[26058:118586130] INFO: scanning:(12) $HOME/Documents/Baldur's Gate II - Enhanced Edition/characters
2026-09-04 14:54:56.489 BaldursGateIIEnhancedEdition[26058:118586130] INFO: scanning:(13) $HOME/Documents/Baldur's Gate II - Enhanced Edition/movies
2026-09-04 14:54:56.491 BaldursGateIIEnhancedEdition[26058:118586130] INFO: scanning:(0) $HOME/Library/Application Support/Steam/steamapps/common/Baldur's Gate II Enhanced Edition/override
2026-09-04 14:54:56.492 BaldursGateIIEnhancedEdition[26058:118586130] INFO: scanning:(1) $HOME/Library/Application Support/Steam/steamapps/common/Baldur's Gate II Enhanced Edition/scripts
2026-09-04 14:54:56.492 BaldursGateIIEnhancedEdition[26058:118586130] INFO: scanning:(2) $HOME/Library/Application Support/Steam/steamapps/common/Baldur's Gate II Enhanced Edition/sounds
2026-09-04 14:54:56.492 BaldursGateIIEnhancedEdition[26058:118586130] INFO: scanning:(3) $HOME/Library/Application Support/Steam/steamapps/common/Baldur's Gate II Enhanced Edition/lang/en_US/sounds
2026-09-04 14:54:56.492 BaldursGateIIEnhancedEdition[26058:118586130] INFO: scanning:(4) $HOME/Library/Application Support/Steam/steamapps/common/Baldur's Gate II Enhanced Edition/portraits
2026-09-04 14:54:56.492 BaldursGateIIEnhancedEdition[26058:118586130] INFO: scanning:(5) $HOME/Library/Application Support/Steam/steamapps/common/Baldur's Gate II Enhanced Edition/characters
2026-09-04 14:54:56.492 BaldursGateIIEnhancedEdition[26058:118586130] INFO: scanning:(6) $HOME/Library/Application Support/Steam/steamapps/common/Baldur's Gate II Enhanced Edition/movies
2026-09-04 14:54:56.492 BaldursGateIIEnhancedEdition[26058:118586130] INFO: scanning:(7) $HOME/Library/Application Support/Steam/steamapps/common/Baldur's Gate II Enhanced Edition/lang/en_US/movies
2026-09-04 14:54:56.492 BaldursGateIIEnhancedEdition[26058:118586130] INFO: scanning:(8) $HOME/Documents/Baldur's Gate II - Enhanced Edition/override
2026-09-04 14:54:56.492 BaldursGateIIEnhancedEdition[26058:118586130] INFO: scanning:(9) $HOME/Documents/Baldur's Gate II - Enhanced Edition/scripts
2026-09-04 14:54:56.493 BaldursGateIIEnhancedEdition[26058:118586130] INFO: scanning:(10) $HOME/Documents/Baldur's Gate II - Enhanced Edition/sounds
2026-09-04 14:54:56.493 BaldursGateIIEnhancedEdition[26058:118586130] INFO: scanning:(11) $HOME/Documents/Baldur's Gate II - Enhanced Edition/portraits
2026-09-04 14:54:56.493 BaldursGateIIEnhancedEdition[26058:118586130] INFO: scanning:(12) $HOME/Documents/Baldur's Gate II - Enhanced Edition/characters
2026-09-04 14:54:56.493 BaldursGateIIEnhancedEdition[26058:118586130] INFO: scanning:(13) $HOME/Documents/Baldur's Gate II - Enhanced Edition/movies
2026-09-04 14:54:56.494 BaldursGateIIEnhancedEdition[26058:118586130] INFO: scanning:(0) $HOME/Library/Application Support/Steam/steamapps/common/Baldur's Gate II Enhanced Edition/override
2026-09-04 14:54:56.495 BaldursGateIIEnhancedEdition[26058:118586130] INFO: scanning:(1) $HOME/Library/Application Support/Steam/steamapps/common/Baldur's Gate II Enhanced Edition/scripts
2026-09-04 14:54:56.495 BaldursGateIIEnhancedEdition[26058:118586130] INFO: scanning:(2) $HOME/Library/Application Support/Steam/steamapps/common/Baldur's Gate II Enhanced Edition/sounds
2026-09-04 14:54:56.495 BaldursGateIIEnhancedEdition[26058:118586130] INFO: scanning:(3) $HOME/Library/Application Support/Steam/steamapps/common/Baldur's Gate II Enhanced Edition/lang/en_US/sounds
2026-09-04 14:54:56.495 BaldursGateIIEnhancedEdition[26058:118586130] INFO: scanning:(4) $HOME/Library/Application Support/Steam/steamapps/common/Baldur's Gate II Enhanced Edition/portraits
2026-09-04 14:54:56.495 BaldursGateIIEnhancedEdition[26058:118586130] INFO: scanning:(5) $HOME/Library/Application Support/Steam/steamapps/common/Baldur's Gate II Enhanced Edition/characters
2026-09-04 14:54:56.495 BaldursGateIIEnhancedEdition[26058:118586130] INFO: scanning:(6) $HOME/Library/Application Support/Steam/steamapps/common/Baldur's Gate II Enhanced Edition/movies
2026-09-04 14:54:56.495 BaldursGateIIEnhancedEdition[26058:118586130] INFO: scanning:(7) $HOME/Library/Application Support/Steam/steamapps/common/Baldur's Gate II Enhanced Edition/lang/en_US/movies
2026-09-04 14:54:56.495 BaldursGateIIEnhancedEdition[26058:118586130] INFO: scanning:(8) $HOME/Documents/Baldur's Gate II - Enhanced Edition/override
2026-09-04 14:54:56.495 BaldursGateIIEnhancedEdition[26058:118586130] INFO: scanning:(9) $HOME/Documents/Baldur's Gate II - Enhanced Edition/scripts
2026-09-04 14:54:56.495 BaldursGateIIEnhancedEdition[26058:118586130] INFO: scanning:(10) $HOME/Documents/Baldur's Gate II - Enhanced Edition/sounds
2026-09-04 14:54:56.495 BaldursGateIIEnhancedEdition[26058:118586130] INFO: scanning:(11) $HOME/Documents/Baldur's Gate II - Enhanced Edition/portraits
2026-09-04 14:54:56.495 BaldursGateIIEnhancedEdition[26058:118586130] INFO: scanning:(12) $HOME/Documents/Baldur's Gate II - Enhanced Edition/characters
2026-09-04 14:54:56.495 BaldursGateIIEnhancedEdition[26058:118586130] INFO: scanning:(13) $HOME/Documents/Baldur's Gate II - Enhanced Edition/movies
2026-09-04 14:54:56.497 BaldursGateIIEnhancedEdition[26058:118586130] INFO: scanning:(0) $HOME/Library/Application Support/Steam/steamapps/common/Baldur's Gate II Enhanced Edition/override
2026-09-04 14:54:56.498 BaldursGateIIEnhancedEdition[26058:118586130] INFO: scanning:(1) $HOME/Library/Application Support/Steam/steamapps/common/Baldur's Gate II Enhanced Edition/scripts
2026-09-04 14:54:56.498 BaldursGateIIEnhancedEdition[26058:118586130] INFO: scanning:(2) $HOME/Library/Application Support/Steam/steamapps/common/Baldur's Gate II Enhanced Edition/sounds
2026-09-04 14:54:56.498 BaldursGateIIEnhancedEdition[26058:118586130] INFO: scanning:(3) $HOME/Library/Application Support/Steam/steamapps/common/Baldur's Gate II Enhanced Edition/lang/en_US/sounds
2026-09-04 14:54:56.498 BaldursGateIIEnhancedEdition[26058:118586130] INFO: scanning:(4) $HOME/Library/Application Support/Steam/steamapps/common/Baldur's Gate II Enhanced Edition/portraits
2026-09-04 14:54:56.498 BaldursGateIIEnhancedEdition[26058:118586130] INFO: scanning:(5) $HOME/Library/Application Support/Steam/steamapps/common/Baldur's Gate II Enhanced Edition/characters
2026-09-04 14:54:56.498 BaldursGateIIEnhancedEdition[26058:118586130] INFO: scanning:(6) $HOME/Library/Application Support/Steam/steamapps/common/Baldur's Gate II Enhanced Edition/movies
2026-09-04 14:54:56.498 BaldursGateIIEnhancedEdition[26058:118586130] INFO: scanning:(7) $HOME/Library/Application Support/Steam/steamapps/common/Baldur's Gate II Enhanced Edition/lang/en_US/movies
2026-09-04 14:54:56.498 BaldursGateIIEnhancedEdition[26058:118586130] INFO: scanning:(8) $HOME/Documents/Baldur's Gate II - Enhanced Edition/override
2026-09-04 14:54:56.498 BaldursGateIIEnhancedEdition[26058:118586130] INFO: scanning:(9) $HOME/Documents/Baldur's Gate II - Enhanced Edition/scripts
2026-09-04 14:54:56.498 BaldursGateIIEnhancedEdition[26058:118586130] INFO: scanning:(10) $HOME/Documents/Baldur's Gate II - Enhanced Edition/sounds
2026-09-04 14:54:56.498 BaldursGateIIEnhancedEdition[26058:118586130] INFO: scanning:(11) $HOME/Documents/Baldur's Gate II - Enhanced Edition/portraits
2026-09-04 14:54:56.498 BaldursGateIIEnhancedEdition[26058:118586130] INFO: scanning:(12) $HOME/Documents/Baldur's Gate II - Enhanced Edition/characters
2026-09-04 14:54:56.498 BaldursGateIIEnhancedEdition[26058:118586130] INFO: scanning:(13) $HOME/Documents/Baldur's Gate II - Enhanced Edition/movies
2026-09-04 14:54:56.499 BaldursGateIIEnhancedEdition[26058:118586130] INFO: scanning:(0) $HOME/Library/Application Support/Steam/steamapps/common/Baldur's Gate II Enhanced Edition/override
2026-09-04 14:54:56.501 BaldursGateIIEnhancedEdition[26058:118586130] INFO: scanning:(1) $HOME/Library/Application Support/Steam/steamapps/common/Baldur's Gate II Enhanced Edition/scripts
2026-09-04 14:54:56.501 BaldursGateIIEnhancedEdition[26058:118586130] INFO: scanning:(2) $HOME/Library/Application Support/Steam/steamapps/common/Baldur's Gate II Enhanced Edition/sounds
2026-09-04 14:54:56.501 BaldursGateIIEnhancedEdition[26058:118586130] INFO: scanning:(3) $HOME/Library/Application Support/Steam/steamapps/common/Baldur's Gate II Enhanced Edition/lang/en_US/sounds
2026-09-04 14:54:56.501 BaldursGateIIEnhancedEdition[26058:118586130] INFO: scanning:(4) $HOME/Library/Application Support/Steam/steamapps/common/Baldur's Gate II Enhanced Edition/portraits
2026-09-04 14:54:56.501 BaldursGateIIEnhancedEdition[26058:118586130] INFO: scanning:(5) $HOME/Library/Application Support/Steam/steamapps/common/Baldur's Gate II Enhanced Edition/characters
2026-09-04 14:54:56.501 BaldursGateIIEnhancedEdition[26058:118586130] INFO: scanning:(6) $HOME/Library/Application Support/Steam/steamapps/common/Baldur's Gate II Enhanced Edition/movies
2026-09-04 14:54:56.501 BaldursGateIIEnhancedEdition[26058:118586130] INFO: scanning:(7) $HOME/Library/Application Support/Steam/steamapps/common/Baldur's Gate II Enhanced Edition/lang/en_US/movies
2026-09-04 14:54:56.501 BaldursGateIIEnhancedEdition[26058:118586130] INFO: scanning:(8) $HOME/Documents/Baldur's Gate II - Enhanced Edition/override
2026-09-04 14:54:56.501 BaldursGateIIEnhancedEdition[26058:118586130] INFO: scanning:(9) $HOME/Documents/Baldur's Gate II - Enhanced Edition/scripts
2026-09-04 14:54:56.501 BaldursGateIIEnhancedEdition[26058:118586130] INFO: scanning:(10) $HOME/Documents/Baldur's Gate II - Enhanced Edition/sounds
2026-09-04 14:54:56.501 BaldursGateIIEnhancedEdition[26058:118586130] INFO: scanning:(11) $HOME/Documents/Baldur's Gate II - Enhanced Edition/portraits
2026-09-04 14:54:56.501 BaldursGateIIEnhancedEdition[26058:118586130] INFO: scanning:(12) $HOME/Documents/Baldur's Gate II - Enhanced Edition/characters
2026-09-04 14:54:56.501 BaldursGateIIEnhancedEdition[26058:118586130] INFO: scanning:(13) $HOME/Documents/Baldur's Gate II - Enhanced Edition/movies
2026-09-04 14:54:56.502 BaldursGateIIEnhancedEdition[26058:118586130] INFO: LUA: A7LOG	292	12749700	306103	Day 1, Hour 23 (3 Mirtul, 1369)	WORLD_QUICKLOOT	^0xff0cff3fQuick save successful.^-
2026-09-04 14:54:56.896 BaldursGateIIEnhancedEdition[26058:118586130] INFO: LUA: A7LOG	293	12750060	306497	Day 1, Hour 23 (3 Mirtul, 1369)	WORLD_QUICKLOOT	^0xffd6bd9fJaheira^-: ^0xffd7c8a0I thought as much.^-
2026-09-04 14:54:58.488 BaldursGateIIEnhancedEdition[26058:118586130] INFO: LUA: A7LOG	294	12751320	308089	Day 1, Hour 23 (3 Mirtul, 1369)	WORLD_QUICKLOOT	^0xff0000ffPAUSED^-
2026-09-04 14:54:58.732 BaldursGateIIEnhancedEdition[26058:118586130] INFO: LUA: A7LOG	295	12751320	308333	Day 1, Hour 23 (3 Mirtul, 1369)	WORLD_QUICKLOOT	^0xffd6bd9fJaheira^-: ^0xffd7c8a0I await your need.^-
2026-09-04 14:55:00.708 BaldursGateIIEnhancedEdition[26058:118586130] INFO: LUA: A7LOG	296	12751320	310308	Day 1, Hour 23 (3 Mirtul, 1369)	WORLD_QUICKLOOT	^0xffd6bd9fJaheira^-: ^0xffd7c8a0Yes?^-
2026-09-04 14:55:01.586 BaldursGateIIEnhancedEdition[26058:118586130] INFO: LUA: A7LOG	297	12751320	311187	Day 1, Hour 23 (3 Mirtul, 1369)	WORLD_QUICKLOOT	^0xffd6bd9fJaheira^-: ^0xffd7c8a0As you would have it.^-
2026-09-04 14:55:02.178 BaldursGateIIEnhancedEdition[26058:118586130] INFO: LUA: A7LOG	298	12751380	311779	Day 1, Hour 23 (3 Mirtul, 1369)	WORLD_QUICKLOOT	^0xff0000ffUNPAUSED^-
2026-09-04 14:55:03.473 BaldursGateIIEnhancedEdition[26058:118586130] INFO: LUA: A7LOG	299	12752520	313074	Day 1, Hour 23 (3 Mirtul, 1369)	WORLD_QUICKLOOT	^0xffd6bd9fJaheira^-: ^0xffd7c8a0I am ready.^-
2026-09-04 14:55:03.956 BaldursGateIIEnhancedEdition[26058:118586130] INFO: LUA: A7LOG	300	12752820	313557	Day 1, Hour 23 (3 Mirtul, 1369)	WORLD_QUICKLOOT	^0xff0000ffPAUSED^-
2026-09-04 14:55:06.147 BaldursGateIIEnhancedEdition[26058:118586130] INFO: LUA: A7LOG	301	12752820	315748	Day 1, Hour 23 (3 Mirtul, 1369)	WORLD_QUICKLOOT	^0xffd6bd9fJaheira^-: ^0xffbed7d7is Casting Cure Serious Wounds : Minsc^-
2026-09-04 14:55:06.905 BaldursGateIIEnhancedEdition[26058:118586130] INFO: LUA: A7LOG	302	12752820	316506	Day 1, Hour 23 (3 Mirtul, 1369)	WORLD_QUICKLOOT	^0xffcb967dBooprikt^-: ^0xffd7c8a0Hmm?^-
2026-09-04 14:55:07.534 BaldursGateIIEnhancedEdition[26058:118586130] INFO: LUA: A7LOG	303	12752820	317134	Day 1, Hour 23 (3 Mirtul, 1369)	WORLD_QUICKLOOT	^0xffcb967dBooprikt^-: ^0xffbed7d7Stopped Detecting Traps / Illusions^-
2026-09-04 14:55:09.095 BaldursGateIIEnhancedEdition[26058:118586130] INFO: LUA: A7LOG	304	12752820	318696	Day 1, Hour 23 (3 Mirtul, 1369)	WORLD_QUICKLOOT	^0xffcb967dBooprikt^-: ^0xffbed7d7is Casting Cure Medium Wounds : Minsc^-
2026-09-04 14:55:09.507 BaldursGateIIEnhancedEdition[26058:118586130] INFO: LUA: A7LOG	305	12752880	319107	Day 1, Hour 23 (3 Mirtul, 1369)	WORLD_QUICKLOOT	^0xff0000ffUNPAUSED^-
2026-09-04 14:55:14.382 BaldursGateIIEnhancedEdition[26058:118586130] INFO: LUA: A7LOG	306	12757080	323983	Day 1, Hour 23 (3 Mirtul, 1369)	WORLD_QUICKLOOT	^0xff0000ffPAUSED^-
2026-09-04 14:55:14.425 BaldursGateIIEnhancedEdition[26058:118586130] INFO: LUA: A7LOG	307	12757080	324026	Day 1, Hour 23 (3 Mirtul, 1369)	WORLD_QUICKLOOT	^0xffcb967dBooprikt^-: ^0xffbed7d7Casts Cure Medium Wounds : Minsc^-
2026-09-04 14:55:14.425 BaldursGateIIEnhancedEdition[26058:118586130] INFO: LUA: A7LOG	308	12757080	324026	Day 1, Hour 23 (3 Mirtul, 1369)	WORLD_QUICKLOOT	^0xffcb967dBooprikt^-: ^0xffbed7d7Auto-Paused: Spell Cast^-
2026-09-04 14:55:14.425 BaldursGateIIEnhancedEdition[26058:118586130] INFO: LUA: A7LOG	309	12757080	324026	Day 1, Hour 23 (3 Mirtul, 1369)	WORLD_QUICKLOOT	^0xffc0a1aaMinsc^-: ^0xffbed7d7Healed^-
2026-09-04 14:55:15.095 BaldursGateIIEnhancedEdition[26058:118586130] INFO: LUA: A7LOG	310	12757140	324695	Day 1, Hour 23 (3 Mirtul, 1369)	WORLD_QUICKLOOT	^0xff0000ffUNPAUSED^-
2026-09-04 14:55:15.606 BaldursGateIIEnhancedEdition[26058:118586130] INFO: LUA: A7LOG	311	12757560	325206	Day 1, Hour 23 (3 Mirtul, 1369)	WORLD_QUICKLOOT	^0xffcb967dBooprikt^-: ^0xffbed7d7Detecting Traps / Illusions^-
2026-09-04 14:55:15.840 BaldursGateIIEnhancedEdition[26058:118586130] INFO: LUA: A7LOG	312	12757740	325440	Day 1, Hour 23 (3 Mirtul, 1369)	WORLD_QUICKLOOT	^0xff0000ffPAUSED^-
2026-09-04 14:55:15.873 BaldursGateIIEnhancedEdition[26058:118586130] INFO: LUA: A7LOG	313	12757740	325474	Day 1, Hour 23 (3 Mirtul, 1369)	WORLD_QUICKLOOT	^0xffd6bd9fJaheira^-: ^0xffbed7d7Casts Cure Serious Wounds : Minsc^-
2026-09-04 14:55:15.873 BaldursGateIIEnhancedEdition[26058:118586130] INFO: LUA: A7LOG	314	12757740	325474	Day 1, Hour 23 (3 Mirtul, 1369)	WORLD_QUICKLOOT	^0xffd6bd9fJaheira^-: ^0xffbed7d7Auto-Paused: Spell Cast^-
2026-09-04 14:55:15.873 BaldursGateIIEnhancedEdition[26058:118586130] INFO: LUA: A7LOG	315	12757740	325474	Day 1, Hour 23 (3 Mirtul, 1369)	WORLD_QUICKLOOT	^0xffc0a1aaMinsc^-: ^0xffbed7d7Healed^-
2026-09-04 14:55:16.798 BaldursGateIIEnhancedEdition[26058:118586130] INFO: LUA: A7LOG	316	12757800	326398	Day 1, Hour 23 (3 Mirtul, 1369)	WORLD_QUICKLOOT	^0xff0000ffUNPAUSED^-
2026-09-04 14:55:18.255 BaldursGateIIEnhancedEdition[26058:118586130] INFO: scanning:(0) $HOME/Library/Application Support/Steam/steamapps/common/Baldur's Gate II Enhanced Edition/override
2026-09-04 14:55:18.258 BaldursGateIIEnhancedEdition[26058:118586130] INFO: scanning:(1) $HOME/Library/Application Support/Steam/steamapps/common/Baldur's Gate II Enhanced Edition/scripts
2026-09-04 14:55:18.258 BaldursGateIIEnhancedEdition[26058:118586130] INFO: scanning:(2) $HOME/Library/Application Support/Steam/steamapps/common/Baldur's Gate II Enhanced Edition/sounds
2026-09-04 14:55:18.258 BaldursGateIIEnhancedEdition[26058:118586130] INFO: scanning:(3) $HOME/Library/Application Support/Steam/steamapps/common/Baldur's Gate II Enhanced Edition/lang/en_US/sounds
2026-09-04 14:55:18.259 BaldursGateIIEnhancedEdition[26058:118586130] INFO: scanning:(4) $HOME/Library/Application Support/Steam/steamapps/common/Baldur's Gate II Enhanced Edition/portraits
2026-09-04 14:55:18.259 BaldursGateIIEnhancedEdition[26058:118586130] INFO: scanning:(5) $HOME/Library/Application Support/Steam/steamapps/common/Baldur's Gate II Enhanced Edition/characters
2026-09-04 14:55:18.259 BaldursGateIIEnhancedEdition[26058:118586130] INFO: scanning:(6) $HOME/Library/Application Support/Steam/steamapps/common/Baldur's Gate II Enhanced Edition/movies
2026-09-04 14:55:18.259 BaldursGateIIEnhancedEdition[26058:118586130] INFO: scanning:(7) $HOME/Library/Application Support/Steam/steamapps/common/Baldur's Gate II Enhanced Edition/lang/en_US/movies
2026-09-04 14:55:18.259 BaldursGateIIEnhancedEdition[26058:118586130] INFO: scanning:(8) $HOME/Documents/Baldur's Gate II - Enhanced Edition/override
2026-09-04 14:55:18.259 BaldursGateIIEnhancedEdition[26058:118586130] INFO: scanning:(9) $HOME/Documents/Baldur's Gate II - Enhanced Edition/scripts
2026-09-04 14:55:18.259 BaldursGateIIEnhancedEdition[26058:118586130] INFO: scanning:(10) $HOME/Documents/Baldur's Gate II - Enhanced Edition/sounds
2026-09-04 14:55:18.259 BaldursGateIIEnhancedEdition[26058:118586130] INFO: scanning:(11) $HOME/Documents/Baldur's Gate II - Enhanced Edition/portraits
2026-09-04 14:55:18.259 BaldursGateIIEnhancedEdition[26058:118586130] INFO: scanning:(12) $HOME/Documents/Baldur's Gate II - Enhanced Edition/characters
2026-09-04 14:55:18.259 BaldursGateIIEnhancedEdition[26058:118586130] INFO: scanning:(13) $HOME/Documents/Baldur's Gate II - Enhanced Edition/movies
2026-09-04 14:55:18.297 BaldursGateIIEnhancedEdition[26058:118586130] INFO: scanning:(0) $HOME/Library/Application Support/Steam/steamapps/common/Baldur's Gate II Enhanced Edition/override
2026-09-04 14:55:18.299 BaldursGateIIEnhancedEdition[26058:118586130] INFO: scanning:(1) $HOME/Library/Application Support/Steam/steamapps/common/Baldur's Gate II Enhanced Edition/scripts
2026-09-04 14:55:18.299 BaldursGateIIEnhancedEdition[26058:118586130] INFO: scanning:(2) $HOME/Library/Application Support/Steam/steamapps/common/Baldur's Gate II Enhanced Edition/sounds
2026-09-04 14:55:18.299 BaldursGateIIEnhancedEdition[26058:118586130] INFO: scanning:(3) $HOME/Library/Application Support/Steam/steamapps/common/Baldur's Gate II Enhanced Edition/lang/en_US/sounds
2026-09-04 14:55:18.299 BaldursGateIIEnhancedEdition[26058:118586130] INFO: scanning:(4) $HOME/Library/Application Support/Steam/steamapps/common/Baldur's Gate II Enhanced Edition/portraits
2026-09-04 14:55:18.299 BaldursGateIIEnhancedEdition[26058:118586130] INFO: scanning:(5) $HOME/Library/Application Support/Steam/steamapps/common/Baldur's Gate II Enhanced Edition/characters
2026-09-04 14:55:18.299 BaldursGateIIEnhancedEdition[26058:118586130] INFO: scanning:(6) $HOME/Library/Application Support/Steam/steamapps/common/Baldur's Gate II Enhanced Edition/movies
2026-09-04 14:55:18.299 BaldursGateIIEnhancedEdition[26058:118586130] INFO: scanning:(7) $HOME/Library/Application Support/Steam/steamapps/common/Baldur's Gate II Enhanced Edition/lang/en_US/movies
2026-09-04 14:55:18.299 BaldursGateIIEnhancedEdition[26058:118586130] INFO: scanning:(8) $HOME/Documents/Baldur's Gate II - Enhanced Edition/override
2026-09-04 14:55:18.299 BaldursGateIIEnhancedEdition[26058:118586130] INFO: scanning:(9) $HOME/Documents/Baldur's Gate II - Enhanced Edition/scripts
2026-09-04 14:55:18.299 BaldursGateIIEnhancedEdition[26058:118586130] INFO: scanning:(10) $HOME/Documents/Baldur's Gate II - Enhanced Edition/sounds
2026-09-04 14:55:18.299 BaldursGateIIEnhancedEdition[26058:118586130] INFO: scanning:(11) $HOME/Documents/Baldur's Gate II - Enhanced Edition/portraits
2026-09-04 14:55:18.299 BaldursGateIIEnhancedEdition[26058:118586130] INFO: scanning:(12) $HOME/Documents/Baldur's Gate II - Enhanced Edition/characters
2026-09-04 14:55:18.299 BaldursGateIIEnhancedEdition[26058:118586130] INFO: scanning:(13) $HOME/Documents/Baldur's Gate II - Enhanced Edition/movies
2026-09-04 14:55:18.300 BaldursGateIIEnhancedEdition[26058:118586130] INFO: scanning:(0) $HOME/Library/Application Support/Steam/steamapps/common/Baldur's Gate II Enhanced Edition/override
2026-09-04 14:55:18.302 BaldursGateIIEnhancedEdition[26058:118586130] INFO: scanning:(1) $HOME/Library/Application Support/Steam/steamapps/common/Baldur's Gate II Enhanced Edition/scripts
2026-09-04 14:55:18.302 BaldursGateIIEnhancedEdition[26058:118586130] INFO: scanning:(2) $HOME/Library/Application Support/Steam/steamapps/common/Baldur's Gate II Enhanced Edition/sounds
2026-09-04 14:55:18.302 BaldursGateIIEnhancedEdition[26058:118586130] INFO: scanning:(3) $HOME/Library/Application Support/Steam/steamapps/common/Baldur's Gate II Enhanced Edition/lang/en_US/sounds
2026-09-04 14:55:18.302 BaldursGateIIEnhancedEdition[26058:118586130] INFO: scanning:(4) $HOME/Library/Application Support/Steam/steamapps/common/Baldur's Gate II Enhanced Edition/portraits
2026-09-04 14:55:18.302 BaldursGateIIEnhancedEdition[26058:118586130] INFO: scanning:(5) $HOME/Library/Application Support/Steam/steamapps/common/Baldur's Gate II Enhanced Edition/characters
2026-09-04 14:55:18.302 BaldursGateIIEnhancedEdition[26058:118586130] INFO: scanning:(6) $HOME/Library/Application Support/Steam/steamapps/common/Baldur's Gate II Enhanced Edition/movies
2026-09-04 14:55:18.302 BaldursGateIIEnhancedEdition[26058:118586130] INFO: scanning:(7) $HOME/Library/Application Support/Steam/steamapps/common/Baldur's Gate II Enhanced Edition/lang/en_US/movies
2026-09-04 14:55:18.302 BaldursGateIIEnhancedEdition[26058:118586130] INFO: scanning:(8) $HOME/Documents/Baldur's Gate II - Enhanced Edition/override
2026-09-04 14:55:18.302 BaldursGateIIEnhancedEdition[26058:118586130] INFO: scanning:(9) $HOME/Documents/Baldur's Gate II - Enhanced Edition/scripts
2026-09-04 14:55:18.302 BaldursGateIIEnhancedEdition[26058:118586130] INFO: scanning:(10) $HOME/Documents/Baldur's Gate II - Enhanced Edition/sounds
2026-09-04 14:55:18.302 BaldursGateIIEnhancedEdition[26058:118586130] INFO: scanning:(11) $HOME/Documents/Baldur's Gate II - Enhanced Edition/portraits
2026-09-04 14:55:18.302 BaldursGateIIEnhancedEdition[26058:118586130] INFO: scanning:(12) $HOME/Documents/Baldur's Gate II - Enhanced Edition/characters
2026-09-04 14:55:18.302 BaldursGateIIEnhancedEdition[26058:118586130] INFO: scanning:(13) $HOME/Documents/Baldur's Gate II - Enhanced Edition/movies
2026-09-04 14:55:18.304 BaldursGateIIEnhancedEdition[26058:118586130] INFO: scanning:(0) $HOME/Library/Application Support/Steam/steamapps/common/Baldur's Gate II Enhanced Edition/override
2026-09-04 14:55:18.305 BaldursGateIIEnhancedEdition[26058:118586130] INFO: scanning:(1) $HOME/Library/Application Support/Steam/steamapps/common/Baldur's Gate II Enhanced Edition/scripts
2026-09-04 14:55:18.305 BaldursGateIIEnhancedEdition[26058:118586130] INFO: scanning:(2) $HOME/Library/Application Support/Steam/steamapps/common/Baldur's Gate II Enhanced Edition/sounds
2026-09-04 14:55:18.305 BaldursGateIIEnhancedEdition[26058:118586130] INFO: scanning:(3) $HOME/Library/Application Support/Steam/steamapps/common/Baldur's Gate II Enhanced Edition/lang/en_US/sounds
2026-09-04 14:55:18.305 BaldursGateIIEnhancedEdition[26058:118586130] INFO: scanning:(4) $HOME/Library/Application Support/Steam/steamapps/common/Baldur's Gate II Enhanced Edition/portraits
2026-09-04 14:55:18.305 BaldursGateIIEnhancedEdition[26058:118586130] INFO: scanning:(5) $HOME/Library/Application Support/Steam/steamapps/common/Baldur's Gate II Enhanced Edition/characters
2026-09-04 14:55:18.305 BaldursGateIIEnhancedEdition[26058:118586130] INFO: scanning:(6) $HOME/Library/Application Support/Steam/steamapps/common/Baldur's Gate II Enhanced Edition/movies
2026-09-04 14:55:18.306 BaldursGateIIEnhancedEdition[26058:118586130] INFO: scanning:(7) $HOME/Library/Application Support/Steam/steamapps/common/Baldur's Gate II Enhanced Edition/lang/en_US/movies
2026-09-04 14:55:18.306 BaldursGateIIEnhancedEdition[26058:118586130] INFO: scanning:(8) $HOME/Documents/Baldur's Gate II - Enhanced Edition/override
2026-09-04 14:55:18.306 BaldursGateIIEnhancedEdition[26058:118586130] INFO: scanning:(9) $HOME/Documents/Baldur's Gate II - Enhanced Edition/scripts
2026-09-04 14:55:18.306 BaldursGateIIEnhancedEdition[26058:118586130] INFO: scanning:(10) $HOME/Documents/Baldur's Gate II - Enhanced Edition/sounds
2026-09-04 14:55:18.306 BaldursGateIIEnhancedEdition[26058:118586130] INFO: scanning:(11) $HOME/Documents/Baldur's Gate II - Enhanced Edition/portraits
2026-09-04 14:55:18.306 BaldursGateIIEnhancedEdition[26058:118586130] INFO: scanning:(12) $HOME/Documents/Baldur's Gate II - Enhanced Edition/characters
2026-09-04 14:55:18.306 BaldursGateIIEnhancedEdition[26058:118586130] INFO: scanning:(13) $HOME/Documents/Baldur's Gate II - Enhanced Edition/movies
2026-09-04 14:55:18.307 BaldursGateIIEnhancedEdition[26058:118586130] INFO: scanning:(0) $HOME/Library/Application Support/Steam/steamapps/common/Baldur's Gate II Enhanced Edition/override
2026-09-04 14:55:18.308 BaldursGateIIEnhancedEdition[26058:118586130] INFO: scanning:(1) $HOME/Library/Application Support/Steam/steamapps/common/Baldur's Gate II Enhanced Edition/scripts
2026-09-04 14:55:18.309 BaldursGateIIEnhancedEdition[26058:118586130] INFO: scanning:(2) $HOME/Library/Application Support/Steam/steamapps/common/Baldur's Gate II Enhanced Edition/sounds
2026-09-04 14:55:18.309 BaldursGateIIEnhancedEdition[26058:118586130] INFO: scanning:(3) $HOME/Library/Application Support/Steam/steamapps/common/Baldur's Gate II Enhanced Edition/lang/en_US/sounds
2026-09-04 14:55:18.309 BaldursGateIIEnhancedEdition[26058:118586130] INFO: scanning:(4) $HOME/Library/Application Support/Steam/steamapps/common/Baldur's Gate II Enhanced Edition/portraits
2026-09-04 14:55:18.309 BaldursGateIIEnhancedEdition[26058:118586130] INFO: scanning:(5) $HOME/Library/Application Support/Steam/steamapps/common/Baldur's Gate II Enhanced Edition/characters
2026-09-04 14:55:18.309 BaldursGateIIEnhancedEdition[26058:118586130] INFO: scanning:(6) $HOME/Library/Application Support/Steam/steamapps/common/Baldur's Gate II Enhanced Edition/movies
2026-09-04 14:55:18.309 BaldursGateIIEnhancedEdition[26058:118586130] INFO: scanning:(7) $HOME/Library/Application Support/Steam/steamapps/common/Baldur's Gate II Enhanced Edition/lang/en_US/movies
2026-09-04 14:55:18.309 BaldursGateIIEnhancedEdition[26058:118586130] INFO: scanning:(8) $HOME/Documents/Baldur's Gate II - Enhanced Edition/override
2026-09-04 14:55:18.309 BaldursGateIIEnhancedEdition[26058:118586130] INFO: scanning:(9) $HOME/Documents/Baldur's Gate II - Enhanced Edition/scripts
2026-09-04 14:55:18.309 BaldursGateIIEnhancedEdition[26058:118586130] INFO: scanning:(10) $HOME/Documents/Baldur's Gate II - Enhanced Edition/sounds
2026-09-04 14:55:18.309 BaldursGateIIEnhancedEdition[26058:118586130] INFO: scanning:(11) $HOME/Documents/Baldur's Gate II - Enhanced Edition/portraits
2026-09-04 14:55:18.309 BaldursGateIIEnhancedEdition[26058:118586130] INFO: scanning:(12) $HOME/Documents/Baldur's Gate II - Enhanced Edition/characters
2026-09-04 14:55:18.309 BaldursGateIIEnhancedEdition[26058:118586130] INFO: scanning:(13) $HOME/Documents/Baldur's Gate II - Enhanced Edition/movies
2026-09-04 14:55:18.317 BaldursGateIIEnhancedEdition[26058:118586130] INFO: scanning:(0) $HOME/Library/Application Support/Steam/steamapps/common/Baldur's Gate II Enhanced Edition/override
2026-09-04 14:55:18.318 BaldursGateIIEnhancedEdition[26058:118586130] INFO: scanning:(1) $HOME/Library/Application Support/Steam/steamapps/common/Baldur's Gate II Enhanced Edition/scripts
2026-09-04 14:55:18.318 BaldursGateIIEnhancedEdition[26058:118586130] INFO: scanning:(2) $HOME/Library/Application Support/Steam/steamapps/common/Baldur's Gate II Enhanced Edition/sounds
2026-09-04 14:55:18.318 BaldursGateIIEnhancedEdition[26058:118586130] INFO: scanning:(3) $HOME/Library/Application Support/Steam/steamapps/common/Baldur's Gate II Enhanced Edition/lang/en_US/sounds
2026-09-04 14:55:18.319 BaldursGateIIEnhancedEdition[26058:118586130] INFO: scanning:(4) $HOME/Library/Application Support/Steam/steamapps/common/Baldur's Gate II Enhanced Edition/portraits
2026-09-04 14:55:18.319 BaldursGateIIEnhancedEdition[26058:118586130] INFO: scanning:(5) $HOME/Library/Application Support/Steam/steamapps/common/Baldur's Gate II Enhanced Edition/characters
2026-09-04 14:55:18.319 BaldursGateIIEnhancedEdition[26058:118586130] INFO: scanning:(6) $HOME/Library/Application Support/Steam/steamapps/common/Baldur's Gate II Enhanced Edition/movies
2026-09-04 14:55:18.319 BaldursGateIIEnhancedEdition[26058:118586130] INFO: scanning:(7) $HOME/Library/Application Support/Steam/steamapps/common/Baldur's Gate II Enhanced Edition/lang/en_US/movies
2026-09-04 14:55:18.319 BaldursGateIIEnhancedEdition[26058:118586130] INFO: scanning:(8) $HOME/Documents/Baldur's Gate II - Enhanced Edition/override
2026-09-04 14:55:18.319 BaldursGateIIEnhancedEdition[26058:118586130] INFO: scanning:(9) $HOME/Documents/Baldur's Gate II - Enhanced Edition/scripts
2026-09-04 14:55:18.319 BaldursGateIIEnhancedEdition[26058:118586130] INFO: scanning:(10) $HOME/Documents/Baldur's Gate II - Enhanced Edition/sounds
2026-09-04 14:55:18.319 BaldursGateIIEnhancedEdition[26058:118586130] INFO: scanning:(11) $HOME/Documents/Baldur's Gate II - Enhanced Edition/portraits
2026-09-04 14:55:18.319 BaldursGateIIEnhancedEdition[26058:118586130] INFO: scanning:(12) $HOME/Documents/Baldur's Gate II - Enhanced Edition/characters
2026-09-04 14:55:18.319 BaldursGateIIEnhancedEdition[26058:118586130] INFO: scanning:(13) $HOME/Documents/Baldur's Gate II - Enhanced Edition/movies
2026-09-04 14:55:18.320 BaldursGateIIEnhancedEdition[26058:118586130] INFO: scanning:(0) $HOME/Library/Application Support/Steam/steamapps/common/Baldur's Gate II Enhanced Edition/override
2026-09-04 14:55:18.321 BaldursGateIIEnhancedEdition[26058:118586130] INFO: scanning:(1) $HOME/Library/Application Support/Steam/steamapps/common/Baldur's Gate II Enhanced Edition/scripts
2026-09-04 14:55:18.321 BaldursGateIIEnhancedEdition[26058:118586130] INFO: scanning:(2) $HOME/Library/Application Support/Steam/steamapps/common/Baldur's Gate II Enhanced Edition/sounds
2026-09-04 14:55:18.321 BaldursGateIIEnhancedEdition[26058:118586130] INFO: scanning:(3) $HOME/Library/Application Support/Steam/steamapps/common/Baldur's Gate II Enhanced Edition/lang/en_US/sounds
2026-09-04 14:55:18.322 BaldursGateIIEnhancedEdition[26058:118586130] INFO: scanning:(4) $HOME/Library/Application Support/Steam/steamapps/common/Baldur's Gate II Enhanced Edition/portraits
2026-09-04 14:55:18.322 BaldursGateIIEnhancedEdition[26058:118586130] INFO: scanning:(5) $HOME/Library/Application Support/Steam/steamapps/common/Baldur's Gate II Enhanced Edition/characters
2026-09-04 14:55:18.322 BaldursGateIIEnhancedEdition[26058:118586130] INFO: scanning:(6) $HOME/Library/Application Support/Steam/steamapps/common/Baldur's Gate II Enhanced Edition/movies
2026-09-04 14:55:18.322 BaldursGateIIEnhancedEdition[26058:118586130] INFO: scanning:(7) $HOME/Library/Application Support/Steam/steamapps/common/Baldur's Gate II Enhanced Edition/lang/en_US/movies
2026-09-04 14:55:18.322 BaldursGateIIEnhancedEdition[26058:118586130] INFO: scanning:(8) $HOME/Documents/Baldur's Gate II - Enhanced Edition/override
2026-09-04 14:55:18.322 BaldursGateIIEnhancedEdition[26058:118586130] INFO: scanning:(9) $HOME/Documents/Baldur's Gate II - Enhanced Edition/scripts
2026-09-04 14:55:18.322 BaldursGateIIEnhancedEdition[26058:118586130] INFO: scanning:(10) $HOME/Documents/Baldur's Gate II - Enhanced Edition/sounds
2026-09-04 14:55:18.322 BaldursGateIIEnhancedEdition[26058:118586130] INFO: scanning:(11) $HOME/Documents/Baldur's Gate II - Enhanced Edition/portraits
2026-09-04 14:55:18.322 BaldursGateIIEnhancedEdition[26058:118586130] INFO: scanning:(12) $HOME/Documents/Baldur's Gate II - Enhanced Edition/characters
2026-09-04 14:55:18.322 BaldursGateIIEnhancedEdition[26058:118586130] INFO: scanning:(13) $HOME/Documents/Baldur's Gate II - Enhanced Edition/movies
2026-09-04 14:55:18.323 BaldursGateIIEnhancedEdition[26058:118586130] INFO: scanning:(0) $HOME/Library/Application Support/Steam/steamapps/common/Baldur's Gate II Enhanced Edition/override
2026-09-04 14:55:18.324 BaldursGateIIEnhancedEdition[26058:118586130] INFO: scanning:(1) $HOME/Library/Application Support/Steam/steamapps/common/Baldur's Gate II Enhanced Edition/scripts
2026-09-04 14:55:18.324 BaldursGateIIEnhancedEdition[26058:118586130] INFO: scanning:(2) $HOME/Library/Application Support/Steam/steamapps/common/Baldur's Gate II Enhanced Edition/sounds
2026-09-04 14:55:18.324 BaldursGateIIEnhancedEdition[26058:118586130] INFO: scanning:(3) $HOME/Library/Application Support/Steam/steamapps/common/Baldur's Gate II Enhanced Edition/lang/en_US/sounds
2026-09-04 14:55:18.325 BaldursGateIIEnhancedEdition[26058:118586130] INFO: scanning:(4) $HOME/Library/Application Support/Steam/steamapps/common/Baldur's Gate II Enhanced Edition/portraits
2026-09-04 14:55:18.325 BaldursGateIIEnhancedEdition[26058:118586130] INFO: scanning:(5) $HOME/Library/Application Support/Steam/steamapps/common/Baldur's Gate II Enhanced Edition/characters
2026-09-04 14:55:18.325 BaldursGateIIEnhancedEdition[26058:118586130] INFO: scanning:(6) $HOME/Library/Application Support/Steam/steamapps/common/Baldur's Gate II Enhanced Edition/movies
2026-09-04 14:55:18.325 BaldursGateIIEnhancedEdition[26058:118586130] INFO: scanning:(7) $HOME/Library/Application Support/Steam/steamapps/common/Baldur's Gate II Enhanced Edition/lang/en_US/movies
2026-09-04 14:55:18.325 BaldursGateIIEnhancedEdition[26058:118586130] INFO: scanning:(8) $HOME/Documents/Baldur's Gate II - Enhanced Edition/override
2026-09-04 14:55:18.325 BaldursGateIIEnhancedEdition[26058:118586130] INFO: scanning:(9) $HOME/Documents/Baldur's Gate II - Enhanced Edition/scripts
2026-09-04 14:55:18.325 BaldursGateIIEnhancedEdition[26058:118586130] INFO: scanning:(10) $HOME/Documents/Baldur's Gate II - Enhanced Edition/sounds
2026-09-04 14:55:18.325 BaldursGateIIEnhancedEdition[26058:118586130] INFO: scanning:(11) $HOME/Documents/Baldur's Gate II - Enhanced Edition/portraits
2026-09-04 14:55:18.325 BaldursGateIIEnhancedEdition[26058:118586130] INFO: scanning:(12) $HOME/Documents/Baldur's Gate II - Enhanced Edition/characters
2026-09-04 14:55:18.325 BaldursGateIIEnhancedEdition[26058:118586130] INFO: scanning:(13) $HOME/Documents/Baldur's Gate II - Enhanced Edition/movies
2026-09-04 14:55:18.326 BaldursGateIIEnhancedEdition[26058:118586130] INFO: scanning:(0) $HOME/Library/Application Support/Steam/steamapps/common/Baldur's Gate II Enhanced Edition/override
2026-09-04 14:55:18.327 BaldursGateIIEnhancedEdition[26058:118586130] INFO: scanning:(1) $HOME/Library/Application Support/Steam/steamapps/common/Baldur's Gate II Enhanced Edition/scripts
2026-09-04 14:55:18.327 BaldursGateIIEnhancedEdition[26058:118586130] INFO: scanning:(2) $HOME/Library/Application Support/Steam/steamapps/common/Baldur's Gate II Enhanced Edition/sounds
2026-09-04 14:55:18.327 BaldursGateIIEnhancedEdition[26058:118586130] INFO: scanning:(3) $HOME/Library/Application Support/Steam/steamapps/common/Baldur's Gate II Enhanced Edition/lang/en_US/sounds
2026-09-04 14:55:18.328 BaldursGateIIEnhancedEdition[26058:118586130] INFO: scanning:(4) $HOME/Library/Application Support/Steam/steamapps/common/Baldur's Gate II Enhanced Edition/portraits
2026-09-04 14:55:18.328 BaldursGateIIEnhancedEdition[26058:118586130] INFO: scanning:(5) $HOME/Library/Application Support/Steam/steamapps/common/Baldur's Gate II Enhanced Edition/characters
2026-09-04 14:55:18.328 BaldursGateIIEnhancedEdition[26058:118586130] INFO: scanning:(6) $HOME/Library/Application Support/Steam/steamapps/common/Baldur's Gate II Enhanced Edition/movies
2026-09-04 14:55:18.328 BaldursGateIIEnhancedEdition[26058:118586130] INFO: scanning:(7) $HOME/Library/Application Support/Steam/steamapps/common/Baldur's Gate II Enhanced Edition/lang/en_US/movies
2026-09-04 14:55:18.328 BaldursGateIIEnhancedEdition[26058:118586130] INFO: scanning:(8) $HOME/Documents/Baldur's Gate II - Enhanced Edition/override
2026-09-04 14:55:18.328 BaldursGateIIEnhancedEdition[26058:118586130] INFO: scanning:(9) $HOME/Documents/Baldur's Gate II - Enhanced Edition/scripts
2026-09-04 14:55:18.328 BaldursGateIIEnhancedEdition[26058:118586130] INFO: scanning:(10) $HOME/Documents/Baldur's Gate II - Enhanced Edition/sounds
2026-09-04 14:55:18.328 BaldursGateIIEnhancedEdition[26058:118586130] INFO: scanning:(11) $HOME/Documents/Baldur's Gate II - Enhanced Edition/portraits
2026-09-04 14:55:18.328 BaldursGateIIEnhancedEdition[26058:118586130] INFO: scanning:(12) $HOME/Documents/Baldur's Gate II - Enhanced Edition/characters
2026-09-04 14:55:18.328 BaldursGateIIEnhancedEdition[26058:118586130] INFO: scanning:(13) $HOME/Documents/Baldur's Gate II - Enhanced Edition/movies
2026-09-04 14:55:18.329 BaldursGateIIEnhancedEdition[26058:118586130] INFO: scanning:(0) $HOME/Library/Application Support/Steam/steamapps/common/Baldur's Gate II Enhanced Edition/override
2026-09-04 14:55:18.330 BaldursGateIIEnhancedEdition[26058:118586130] INFO: scanning:(1) $HOME/Library/Application Support/Steam/steamapps/common/Baldur's Gate II Enhanced Edition/scripts
2026-09-04 14:55:18.330 BaldursGateIIEnhancedEdition[26058:118586130] INFO: scanning:(2) $HOME/Library/Application Support/Steam/steamapps/common/Baldur's Gate II Enhanced Edition/sounds
2026-09-04 14:55:18.330 BaldursGateIIEnhancedEdition[26058:118586130] INFO: scanning:(3) $HOME/Library/Application Support/Steam/steamapps/common/Baldur's Gate II Enhanced Edition/lang/en_US/sounds
2026-09-04 14:55:18.330 BaldursGateIIEnhancedEdition[26058:118586130] INFO: scanning:(4) $HOME/Library/Application Support/Steam/steamapps/common/Baldur's Gate II Enhanced Edition/portraits
2026-09-04 14:55:18.330 BaldursGateIIEnhancedEdition[26058:118586130] INFO: scanning:(5) $HOME/Library/Application Support/Steam/steamapps/common/Baldur's Gate II Enhanced Edition/characters
2026-09-04 14:55:18.330 BaldursGateIIEnhancedEdition[26058:118586130] INFO: scanning:(6) $HOME/Library/Application Support/Steam/steamapps/common/Baldur's Gate II Enhanced Edition/movies
2026-09-04 14:55:18.330 BaldursGateIIEnhancedEdition[26058:118586130] INFO: scanning:(7) $HOME/Library/Application Support/Steam/steamapps/common/Baldur's Gate II Enhanced Edition/lang/en_US/movies
2026-09-04 14:55:18.330 BaldursGateIIEnhancedEdition[26058:118586130] INFO: scanning:(8) $HOME/Documents/Baldur's Gate II - Enhanced Edition/override
2026-09-04 14:55:18.330 BaldursGateIIEnhancedEdition[26058:118586130] INFO: scanning:(9) $HOME/Documents/Baldur's Gate II - Enhanced Edition/scripts
2026-09-04 14:55:18.330 BaldursGateIIEnhancedEdition[26058:118586130] INFO: scanning:(10) $HOME/Documents/Baldur's Gate II - Enhanced Edition/sounds
2026-09-04 14:55:18.330 BaldursGateIIEnhancedEdition[26058:118586130] INFO: scanning:(11) $HOME/Documents/Baldur's Gate II - Enhanced Edition/portraits
2026-09-04 14:55:18.330 BaldursGateIIEnhancedEdition[26058:118586130] INFO: scanning:(12) $HOME/Documents/Baldur's Gate II - Enhanced Edition/characters
2026-09-04 14:55:18.330 BaldursGateIIEnhancedEdition[26058:118586130] INFO: scanning:(13) $HOME/Documents/Baldur's Gate II - Enhanced Edition/movies
2026-09-04 14:55:18.334 BaldursGateIIEnhancedEdition[26058:118586130] INFO: LUA: A7LOG	317	12759060	327935	Day 1, Hour 23 (3 Mirtul, 1369)	WORLD_QUICKLOOT	^0xff0cff3fQuick save successful.^-
2026-09-04 14:55:42.180 BaldursGateIIEnhancedEdition[26058:118586130] INFO: LUA: A7LOG	318	12780060	351780	Day 1, Hour 23 (3 Mirtul, 1369)	WORLD_QUICKLOOT	^0xffc0a1aaMinsc^-: ^0xffd7c8a0A den of stinking evil. Cover your nose, Boo. We will leave no crevice untouched!^-
2026-09-04 14:57:33.370 BaldursGateIIEnhancedEdition[26058:118586130] INFO: LUA: A7LOG	319	12877980	462970	Day 1, Hour 23 (3 Mirtul, 1369)	WORLD_QUICKLOOT	^0xffd6bd9fJaheira^-: ^0xffd7c8a0It is about time.^-
2026-09-04 14:57:34.952 BaldursGateIIEnhancedEdition[26058:118586130] INFO: Font: loaded font TOOLFONT
2026-09-04 14:57:36.728 BaldursGateIIEnhancedEdition[26058:118586130] INFO: LUA: A7LOG	320	12880740	466328	Day 1, Hour 23 (3 Mirtul, 1369)	WORLD_QUICKLOOT	^0xffd6bd9fJaheira^-: ^0xffd7c8a0It is done.^-
2026-09-04 14:57:39.879 BaldursGateIIEnhancedEdition[26058:118586130] INFO: LUA: A7LOG	321	12883440	469479	Day 1, Hour 23 (3 Mirtul, 1369)	WORLD_QUICKLOOT	^0xffd6bd9fJaheira^-: ^0xffd7c8a0Speak your mind.^-
2026-09-04 14:57:40.336 BaldursGateIIEnhancedEdition[26058:118586130] INFO: LUA: A7LOG	322	12883860	469936	Day 1, Hour 23 (3 Mirtul, 1369)	WORLD_QUICKLOOT	^0xffd6bd9fJaheira^-: ^0xffd7c8a0I am willing.^-
2026-09-04 14:57:45.881 BaldursGateIIEnhancedEdition[26058:118586130] INFO: LUA: A7LOG	323	12888660	475481	Day 1, Hour 23 (3 Mirtul, 1369)	WORLD_QUICKLOOT	^0xffd6bd9fJaheira^-: ^0xffd7c8a0Nature's servant awaits.^-
2026-09-04 14:57:56.310 BaldursGateIIEnhancedEdition[26058:118586130] INFO: LUA: A7LOG	324	12897780	485910	Day 1, Hour 23 (3 Mirtul, 1369)	WORLD_QUICKLOOT	^0xffffb3f3Imoen^-: ^0xffbed7d7Stopped Detecting Traps / Illusions^-
2026-09-04 14:57:56.344 BaldursGateIIEnhancedEdition[26058:118586130] INFO: LUA: A7LOG	325	12897780	485944	Day 1, Hour 23 (3 Mirtul, 1369)	WORLD_QUICKLOOT	^0xffcb967dBooprikt^-: ^0xffbed7d7Stopped Detecting Traps / Illusions^-
2026-09-04 14:57:58.104 BaldursGateIIEnhancedEdition[26058:118586130] INFO: LUA: A7LOG	326	12899340	487704	Day 1, Hour 23 (3 Mirtul, 1369)	WORLD_QUICKLOOT	^0xffffb3f3Imoen^-: ^0xffbed7d7Detecting Traps / Illusions^-
2026-09-04 14:57:59.365 BaldursGateIIEnhancedEdition[26058:118586130] INFO: LUA: A7LOG	327	12900420	488965	Day 1, Hour 23 (3 Mirtul, 1369)	WORLD_QUICKLOOT	^0xffcb967dBooprikt^-: ^0xffbed7d7Detecting Traps / Illusions^-
2026-09-04 14:58:01.005 BaldursGateIIEnhancedEdition[26058:118586130] INFO: LUA: A7LOG	328	12901800	490605	Day 1, Hour 23 (3 Mirtul, 1369)	WORLD_DIALOG_CONFIRM	^0xff7769d5Sewage Golem^-: ^0xffbed7d7Master? Is it you? You have given me no eyes, and I cannot see you...^-
2026-09-04 14:58:12.393 BaldursGateIIEnhancedEdition[26058:118586130] INFO: LUA: A7LOG	329	12901800	501992	Day 1, Hour 23 (3 Mirtul, 1369)	WORLD_DIALOG_CONFIRM	^0xffd6bd9fJaheira^-: ^0xffd7c8a0Uh... yes, it is I. Have you been performing any services for me?^-
2026-09-04 14:58:12.393 BaldursGateIIEnhancedEdition[26058:118586130] INFO: LUA: A7LOG	330	12901800	501993	Day 1, Hour 23 (3 Mirtul, 1369)	WORLD_DIALOG_CONFIRM	^0xff7769d5Sewage Golem^-: ^0xffbed7d7I have cleaned the sewage chambers and fed your guardian. Do you wish me to open the doors to the pit and begin my duties again?^-
2026-09-04 14:58:13.827 BaldursGateIIEnhancedEdition[26058:118586130] INFO: LUA: A7LOG	331	12901800	503427	Day 1, Hour 23 (3 Mirtul, 1369)	WORLD_DIALOG_CONFIRM	^0xffd6bd9fJaheira^-: ^0xffd7c8a0I do wish it. Open the doors and perform your duties.^-
2026-09-04 14:58:13.827 BaldursGateIIEnhancedEdition[26058:118586130] INFO: LUA: A7LOG	332	12901800	503427	Day 1, Hour 23 (3 Mirtul, 1369)	WORLD_DIALOG_CONFIRM	^0xff7769d5Sewage Golem^-: ^0xffbed7d7You have not activated my movement functions. You must use the activation stone. ^-
2026-09-04 14:58:21.160 BaldursGateIIEnhancedEdition[26058:118586130] INFO: LUA: A7LOG	333	12901800	510760	Day 1, Hour 23 (3 Mirtul, 1369)	WORLD_DIALOG_CONFIRM	^0xffd6bd9fJaheira^-: ^0xffd7c8a0Oh... oh yes, here is the stone.^-
2026-09-04 14:58:21.160 BaldursGateIIEnhancedEdition[26058:118586130] INFO: LUA: A7LOG	334	12901800	510760	Day 1, Hour 23 (3 Mirtul, 1369)	WORLD_DIALOG_CONFIRM	^0xff7769d5Sewage Golem^-: ^0xffbed7d7I bow before your will, master.^-
2026-09-04 14:58:22.362 BaldursGateIIEnhancedEdition[26058:118586130] INFO: LUA: A7LOG	335	12901800	511962	Day 1, Hour 23 (3 Mirtul, 1369)	WORLD_QUICKLOOT	^0xffc8ffc8Your journal has been updated^-: ^0xff96c8ffGet the golem to open the dungeon doors^-
2026-09-04 14:58:22.400 BaldursGateIIEnhancedEdition[26058:118586130] INFO: LUA: A7LOG	336	12901860	512000	Day 1, Hour 23 (3 Mirtul, 1369)	WORLD_QUICKLOOT	^0xffc8ffc8The Party Has Gained Experience: 3000^-
2026-09-04 14:58:22.400 BaldursGateIIEnhancedEdition[26058:118586130] INFO: LUA: A7LOG	337	12901860	512000	Day 1, Hour 23 (3 Mirtul, 1369)	WORLD_QUICKLOOT	^0xffc8ffc8The Party Has Lost An Item: Activation Stone^-
2026-09-04 14:58:22.400 BaldursGateIIEnhancedEdition[26058:118586130] INFO: Font: Added point size (25) for font STONESML
2026-09-04 14:58:22.401 BaldursGateIIEnhancedEdition[26058:118586130] INFO: Font: Added point size (21) for font NORMAL
2026-09-04 14:58:26.074 BaldursGateIIEnhancedEdition[26058:118586130] INFO: LUA: A7LOG	338	12905040	515674	Day 1, Hour 23 (3 Mirtul, 1369)	WORLD_QUICKLOOT	^0xffd6bd9fJaheira^-: ^0xffd7c8a0I await your need.^-
2026-09-04 14:58:38.531 BaldursGateIIEnhancedEdition[26058:118586130] INFO: LUA: A7LOG	339	12915960	528131	Day 1, Hour 23 (3 Mirtul, 1369)	WORLD_QUICKLOOT	^0xffd6bd9fJaheira^-: ^0xffd7c8a0Yes?^-
2026-09-04 14:58:52.798 BaldursGateIIEnhancedEdition[26058:118586130] INFO: LUA: A7LOG	340	12928440	542398	Day 1, Hour 23 (3 Mirtul, 1369)	WORLD_QUICKLOOT	^0xffd6bd9fJaheira^-: ^0xffd7c8a0If you think it is wise to do so. So much comes back to haunt us.^-
2026-09-04 14:58:52.933 BaldursGateIIEnhancedEdition[26058:118586130] INFO: LUA: A7LOG	341	12928560	542533	Day 1, Hour 23 (3 Mirtul, 1369)	WORLD_QUICKLOOT	^0xffffb3f3Imoen^-: ^0xffbed7d7Stopped Detecting Traps / Illusions^-
2026-09-04 14:58:52.966 BaldursGateIIEnhancedEdition[26058:118586130] INFO: LUA: A7LOG	342	12928560	542566	Day 1, Hour 23 (3 Mirtul, 1369)	WORLD_QUICKLOOT	^0xffcb967dBooprikt^-: ^0xffbed7d7Stopped Detecting Traps / Illusions^-
2026-09-04 14:58:54.269 BaldursGateIIEnhancedEdition[26058:118586130] INFO: LUA: A7LOG	343	12929700	543869	Day 1, Hour 23 (3 Mirtul, 1369)	WORLD_QUICKLOOT	^0xff0000ffYou cannot save at this time.^-
2026-09-04 14:58:54.579 BaldursGateIIEnhancedEdition[26058:118586130] INFO: LUA: A7LOG	344	12930000	544179	Day 1, Hour 23 (3 Mirtul, 1369)	WORLD_QUICKLOOT	^0xffffb3f3Imoen^-: ^0xffbed7d7Detecting Traps / Illusions^-
2026-09-04 14:58:54.753 BaldursGateIIEnhancedEdition[26058:118586130] INFO: LUA: A7LOG	345	12930120	544353	Day 1, Hour 23 (3 Mirtul, 1369)	WORLD_QUICKLOOT	^0xffcb967dBooprikt^-: ^0xffbed7d7Detecting Traps / Illusions^-
2026-09-04 14:58:55.276 BaldursGateIIEnhancedEdition[26058:118586130] INFO: LUA: A7LOG	346	12930600	544876	Day 1, Hour 23 (3 Mirtul, 1369)	WORLD_QUICKLOOT	^0xffffb3f3Imoen^-: ^0xffbed7d7Stopped Detecting Traps / Illusions^-
2026-09-04 14:58:55.316 BaldursGateIIEnhancedEdition[26058:118586130] INFO: LUA: A7LOG	347	12930600	544915	Day 1, Hour 23 (3 Mirtul, 1369)	WORLD_QUICKLOOT	^0xffbed7d7LOCKED^-
2026-09-04 14:58:56.788 BaldursGateIIEnhancedEdition[26058:118586130] INFO: LUA: A7LOG	348	12931920	546388	Day 1, Hour 23 (3 Mirtul, 1369)	WORLD_QUICKLOOT	^0xffffb3f3Imoen^-: ^0xffbed7d7Detecting Traps / Illusions^-
2026-09-04 14:59:18.986 BaldursGateIIEnhancedEdition[26058:118586130] INFO: LUA: A7LOG	349	12951060	568586	Day 1, Hour 23 (3 Mirtul, 1369)	WORLD_QUICKLOOT	^0xffcb967dBooprikt^-: ^0xffbed7d7Stopped Detecting Traps / Illusions^-
2026-09-04 14:59:19.020 BaldursGateIIEnhancedEdition[26058:118586130] INFO: LUA: A7LOG	350	12951120	568619	Day 1, Hour 23 (3 Mirtul, 1369)	WORLD_QUICKLOOT	^0xffffb3f3Imoen^-: ^0xffbed7d7Stopped Detecting Traps / Illusions^-
2026-09-04 14:59:20.051 BaldursGateIIEnhancedEdition[26058:118586130] INFO: LUA: A7LOG	351	12952020	569651	Day 1, Hour 23 (3 Mirtul, 1369)	WORLD_QUICKLOOT	^0xffd6bd9fJaheira^-: ^0xffd7c8a0I am ready.^-
2026-09-04 14:59:20.154 BaldursGateIIEnhancedEdition[26058:118586130] INFO: LUA: A7LOG	352	12952080	569754	Day 1, Hour 23 (3 Mirtul, 1369)	WORLD_QUICKLOOT	^0xffcb967dBooprikt^-: ^0xffbed7d7Detecting Traps / Illusions^-
2026-09-04 14:59:20.435 BaldursGateIIEnhancedEdition[26058:118586130] INFO: LUA: A7LOG	353	12952320	570035	Day 1, Hour 23 (3 Mirtul, 1369)	WORLD_QUICKLOOT	^0xffd6bd9fJaheira^-: ^0xffd7c8a0I go.^-
2026-09-04 14:59:20.953 BaldursGateIIEnhancedEdition[26058:118586130] INFO: LUA: A7LOG	354	12952800	570553	Day 1, Hour 23 (3 Mirtul, 1369)	WORLD_QUICKLOOT	^0xffffb3f3Imoen^-: ^0xffbed7d7Detecting Traps / Illusions^-
2026-09-04 14:59:23.690 BaldursGateIIEnhancedEdition[26058:118586130] INFO: LUA: A7LOG	355	12955080	573290	Day 1, Hour 23 (3 Mirtul, 1369)	WORLD_QUICKLOOT	^0xff0000ffPAUSED^-
2026-09-04 14:59:23.724 BaldursGateIIEnhancedEdition[26058:118586130] INFO: LUA: A7LOG	356	12955080	573324	Day 1, Hour 23 (3 Mirtul, 1369)	WORLD_QUICKLOOT	^0xffd6bd9fJaheira^-: ^0xffbed7d7Auto-Paused: Enemy Sighted^-
2026-09-04 14:59:24.415 BaldursGateIIEnhancedEdition[26058:118586130] INFO: LUA: A7LOG	357	12955140	574014	Day 1, Hour 23 (3 Mirtul, 1369)	WORLD_QUICKLOOT	^0xff0000ffUNPAUSED^-
2026-09-04 14:59:25.147 BaldursGateIIEnhancedEdition[26058:118586130] INFO: LUA: A7LOG	358	12955740	574746	Day 1, Hour 23 (3 Mirtul, 1369)	WORLD_QUICKLOOT	^0xffc0a1aaMinsc^-: ^0xffd7c8a0Swords, not words!^-
2026-09-04 14:59:26.014 BaldursGateIIEnhancedEdition[26058:118586130] INFO: LUA: A7LOG	359	12956520	575614	Day 1, Hour 23 (3 Mirtul, 1369)	WORLD_QUICKLOOT	^0xffabababSmoke Mephit^-: ^0xffbed7d7 Invisibility : Smoke Mephit^-
2026-09-04 14:59:26.014 BaldursGateIIEnhancedEdition[26058:118586130] INFO: LUA: A7LOG	360	12956520	575614	Day 1, Hour 23 (3 Mirtul, 1369)	WORLD_QUICKLOOT	^0xffabababSmoke Mephit^-: ^0xffbed7d7Invisible^-
2026-09-04 14:59:26.048 BaldursGateIIEnhancedEdition[26058:118586130] INFO: LUA: A7LOG	361	12956520	575648	Day 1, Hour 23 (3 Mirtul, 1369)	WORLD_QUICKLOOT	^0xffc0a1aaMinsc^-: ^0xffd7c8a0Make way, villainy! Hero coming through!^-
2026-09-04 14:59:26.907 BaldursGateIIEnhancedEdition[26058:118586130] INFO: LUA: A7LOG	362	12957300	576507	Day 1, Hour 23 (3 Mirtul, 1369)	WORLD_QUICKLOOT	^0xffabababSmoke Mephit^-: ^0xffbed7d7Attacks Jaheira^-
2026-09-04 14:59:27.046 BaldursGateIIEnhancedEdition[26058:118586130] INFO: LUA: A7LOG	363	12957300	576645	Day 1, Hour 23 (3 Mirtul, 1369)	WORLD_QUICKLOOT	^0xff0000ffPAUSED^-
2026-09-04 14:59:27.953 BaldursGateIIEnhancedEdition[26058:118586130] INFO: LUA: A7LOG	364	12957300	577553	Day 1, Hour 23 (3 Mirtul, 1369)	WORLD_QUICKLOOT	^0xffd6bd9fJaheira^-: ^0xffd7c8a0It is about time.^-
2026-09-04 14:59:30.813 BaldursGateIIEnhancedEdition[26058:118586130] INFO: LUA: A7LOG	365	12957300	580412	Day 1, Hour 23 (3 Mirtul, 1369)	WORLD_QUICKLOOT	^0xffd6bd9fJaheira^-: ^0xffd7c8a0As I would have done.^-
2026-09-04 14:59:31.502 BaldursGateIIEnhancedEdition[26058:118586130] INFO: LUA: A7LOG	366	12957300	581101	Day 1, Hour 23 (3 Mirtul, 1369)	WORLD_QUICKLOOT	^0xff0000ffUNPAUSED^-
2026-09-04 14:59:33.514 BaldursGateIIEnhancedEdition[26058:118586130] INFO: LUA: A7LOG	367	12959100	583114	Day 1, Hour 23 (3 Mirtul, 1369)	WORLD_QUICKLOOT	^0xffbed7d7Smoke Mephit^-: ^0xffbed7d7Roll:10 +Luck:0 +SpecialAC:-2  +HitMod:0  +Attack of Opportunity:0  +Berserk:0  +Right:0 (+Weapon Bonus 0+Proficiency 0+STR 0+STREX 0+Melee bonus 0+Racial 0+Effects 0) +Invisible:4  +Invisible Target:0  +Range:0  +Hated Race:0  +Special Target:0  +Protections:0 ^-
2026-09-04 14:59:33.514 BaldursGateIIEnhancedEdition[26058:118586130] INFO: LUA: A7LOG	368	12959100	583114	Day 1, Hour 23 (3 Mirtul, 1369)	WORLD_QUICKLOOT	^0xffabababSmoke Mephit^-: ^0xffbed7d7Attack Roll 10 + 2 = 12 : Miss^-
2026-09-04 14:59:34.029 BaldursGateIIEnhancedEdition[26058:118586130] INFO: LUA: A7LOG	369	12959520	583628	Day 1, Hour 23 (3 Mirtul, 1369)	WORLD_QUICKLOOT	^0xffd6bd9fJaheira^-: ^0xffbed7d7Attacks Smoke Mephit^-
2026-09-04 14:59:34.097 BaldursGateIIEnhancedEdition[26058:118586130] INFO: LUA: A7LOG	370	12959520	583697	Day 1, Hour 23 (3 Mirtul, 1369)	WORLD_QUICKLOOT	^0xff0000ffPAUSED^-
2026-09-04 14:59:35.913 BaldursGateIIEnhancedEdition[26058:118586130] INFO: LUA: A7LOG	371	12959520	585513	Day 1, Hour 23 (3 Mirtul, 1369)	WORLD_QUICKLOOT	^0xffd6bd9fJaheira^-: ^0xffd7c8a0Speak your mind.^-
2026-09-04 14:59:37.018 BaldursGateIIEnhancedEdition[26058:118586130] INFO: LUA: A7LOG	372	12959520	586618	Day 1, Hour 23 (3 Mirtul, 1369)	WORLD_QUICKLOOT	^0xffd6bd9fJaheira^-: ^0xffbed7d7is Attacking Smoke Mephit^-
2026-09-04 14:59:37.018 BaldursGateIIEnhancedEdition[26058:118586130] INFO: LUA: A7LOG	373	12959520	586618	Day 1, Hour 23 (3 Mirtul, 1369)	WORLD_QUICKLOOT	^0xffffb3f3Imoen^-: ^0xffbed7d7Stopped Detecting Traps / Illusions^-
2026-09-04 14:59:37.055 BaldursGateIIEnhancedEdition[26058:118586130] INFO: LUA: A7LOG	374	12959520	586655	Day 1, Hour 23 (3 Mirtul, 1369)	WORLD_QUICKLOOT	^0xffcb967dBooprikt^-: ^0xffbed7d7Stopped Detecting Traps / Illusions^-
2026-09-04 14:59:38.280 BaldursGateIIEnhancedEdition[26058:118586130] INFO: LUA: A7LOG	375	12959520	587879	Day 1, Hour 23 (3 Mirtul, 1369)	WORLD_QUICKLOOT	^0xff0000ffUNPAUSED^-
2026-09-04 14:59:38.314 BaldursGateIIEnhancedEdition[26058:118586130] INFO: LUA: A7LOG	376	12959580	587913	Day 1, Hour 23 (3 Mirtul, 1369)	WORLD_QUICKLOOT	^0xffc0a1aaMinsc^-: ^0xffbed7d7Attacks Smoke Mephit^-
2026-09-04 14:59:38.314 BaldursGateIIEnhancedEdition[26058:118586130] INFO: LUA: A7LOG	377	12959580	587913	Day 1, Hour 23 (3 Mirtul, 1369)	WORLD_QUICKLOOT	^0xffcb967dBooprikt^-: ^0xffbed7d7Attacks Smoke Mephit^-
2026-09-04 14:59:38.353 BaldursGateIIEnhancedEdition[26058:118586130] INFO: LUA: A7LOG	378	12959580	587952	Day 1, Hour 23 (3 Mirtul, 1369)	WORLD_QUICKLOOT	^0xff018bffSkeleton Warrior^-: ^0xffbed7d7Attacks Smoke Mephit^-
2026-09-04 14:59:38.353 BaldursGateIIEnhancedEdition[26058:118586130] INFO: LUA: A7LOG	379	12959580	587952	Day 1, Hour 23 (3 Mirtul, 1369)	WORLD_QUICKLOOT	^0xffffb3f3Imoen^-: ^0xffbed7d7Attacks Smoke Mephit^-
2026-09-04 14:59:38.353 BaldursGateIIEnhancedEdition[26058:118586130] INFO: LUA: A7LOG	380	12959580	587953	Day 1, Hour 23 (3 Mirtul, 1369)	WORLD_QUICKLOOT	^0xffd6bd9fJaheira^-: ^0xffbed7d7Attacks Smoke Mephit^-
2026-09-04 14:59:38.759 BaldursGateIIEnhancedEdition[26058:118586130] INFO: LUA: A7LOG	381	12959940	588359	Day 1, Hour 23 (3 Mirtul, 1369)	WORLD_QUICKLOOT	^0xffbed7d7Imoen^-: ^0xffbed7d7Roll:16 +Luck:0 +SpecialAC:0  +HitMod:0  +Attack of Opportunity:0  +Berserk:0  +Right:3 (+Weapon Bonus 1+Launcher 0+Proficiency 0+Dex 2+Missile 0+Racial 0+Effects 0) +Invisible:0  +Invisible Target:0  +Range:0  +Hated Race:0  +Special Target:0  +Protections:0 ^-
2026-09-04 14:59:38.759 BaldursGateIIEnhancedEdition[26058:118586130] INFO: LUA: A7LOG	382	12959940	588359	Day 1, Hour 23 (3 Mirtul, 1369)	WORLD_QUICKLOOT	^0xffffb3f3Imoen^-: ^0xffbed7d7Attack Roll 16 + 3 = 19 : Hit^-
2026-09-04 14:59:38.759 BaldursGateIIEnhancedEdition[26058:118586130] INFO: LUA: A7LOG	383	12959940	588359	Day 1, Hour 23 (3 Mirtul, 1369)	WORLD_QUICKLOOT	^0xffbed7d7Imoen^-: ^0xffbed7d7Roll:4  +DamageMod:0  +Hand bonus:0 (+Proficiency 0+Missile 0+Effects 0) +Attack of Opportunity:0  *Backstab:0  +Berserk:0  +Strength:0  +Hated Race:0  +Special Bonus:0 ^-
2026-09-04 14:59:39.173 BaldursGateIIEnhancedEdition[26058:118586130] INFO: LUA: A7LOG	384	12960300	588773	Day 2, Hour 0 (4 Mirtul, 1369)	WORLD_QUICKLOOT	^0xffabababSmoke Mephit^-: ^0xffbed7d7Takes 4 missile damage from Imoen^-
2026-09-04 14:59:39.891 BaldursGateIIEnhancedEdition[26058:118586130] INFO: LUA: A7LOG	385	12960960	589491	Day 2, Hour 0 (4 Mirtul, 1369)	WORLD_QUICKLOOT	^0xffabababSmoke Mephit^-: ^0xffbed7d7Attacks Jaheira^-
2026-09-04 14:59:39.953 BaldursGateIIEnhancedEdition[26058:118586130] INFO: LUA: A7LOG	386	12961020	589552	Day 2, Hour 0 (4 Mirtul, 1369)	WORLD_QUICKLOOT	^0xffbed7d7Booprikt^-: ^0xffbed7d7Roll:6 +Luck:0 +SpecialAC:0  +HitMod:0  +Attack of Opportunity:0  +Berserk:0  +Right:2 (+Weapon Bonus 0+Launcher 0+Proficiency 0+Dex 2+Missile 0+Racial 0+Effects 0) +Invisible:0  +Invisible Target:0  +Range:0  +Hated Race:0  +Special Target:0  +Protections:0 ^-
2026-09-04 14:59:39.953 BaldursGateIIEnhancedEdition[26058:118586130] INFO: LUA: A7LOG	387	12961020	589553	Day 2, Hour 0 (4 Mirtul, 1369)	WORLD_QUICKLOOT	^0xffcb967dBooprikt^-: ^0xffbed7d7Attack Roll 6 + 2 = 8 : Miss^-
2026-09-04 14:59:40.292 BaldursGateIIEnhancedEdition[26058:118586130] INFO: LUA: A7LOG	388	12961320	589892	Day 2, Hour 0 (4 Mirtul, 1369)	WORLD_QUICKLOOT	^0xffbed7d7Smoke Mephit^-: ^0xffbed7d7Roll:6 +Luck:0 +SpecialAC:-2  +HitMod:0  +Attack of Opportunity:0  +Berserk:0  +Right:0 (+Weapon Bonus 0+Proficiency 0+STR 0+STREX 0+Melee bonus 0+Racial 0+Effects 0) +Invisible:0  +Invisible Target:0  +Range:0  +Hated Race:0  +Special Target:0  +Protections:0 ^-
2026-09-04 14:59:40.293 BaldursGateIIEnhancedEdition[26058:118586130] INFO: LUA: A7LOG	389	12961320	589892	Day 2, Hour 0 (4 Mirtul, 1369)	WORLD_QUICKLOOT	^0xffabababSmoke Mephit^-: ^0xffbed7d7Attack Roll 6 - 2 = 4 : Miss^-
2026-09-04 14:59:40.973 BaldursGateIIEnhancedEdition[26058:118586130] INFO: LUA: A7LOG	390	12961920	590572	Day 2, Hour 0 (4 Mirtul, 1369)	WORLD_QUICKLOOT	^0xffabababSmoke Mephit^-: ^0xffbed7d7Attacks Jaheira^-
2026-09-04 14:59:41.482 BaldursGateIIEnhancedEdition[26058:118586130] INFO: LUA: A7LOG	391	12962340	591081	Day 2, Hour 0 (4 Mirtul, 1369)	WORLD_QUICKLOOT	^0xffbed7d7Imoen^-: ^0xffbed7d7Roll:19 +Luck:0 +SpecialAC:0  +HitMod:0  +Attack of Opportunity:0  +Berserk:0  +Right:3 (+Weapon Bonus 1+Launcher 0+Proficiency 0+Dex 2+Missile 0+Racial 0+Effects 0) +Invisible:0  +Invisible Target:0  +Range:0  +Hated Race:0  +Special Target:0  +Protections:0 ^-
2026-09-04 14:59:41.482 BaldursGateIIEnhancedEdition[26058:118586130] INFO: LUA: A7LOG	392	12962340	591082	Day 2, Hour 0 (4 Mirtul, 1369)	WORLD_QUICKLOOT	^0xffffb3f3Imoen^-: ^0xffbed7d7Attack Roll 19 + 3 = 22 : Hit^-
2026-09-04 14:59:41.482 BaldursGateIIEnhancedEdition[26058:118586130] INFO: LUA: A7LOG	393	12962340	591082	Day 2, Hour 0 (4 Mirtul, 1369)	WORLD_QUICKLOOT	^0xffbed7d7Imoen^-: ^0xffbed7d7Roll:3  +DamageMod:0  +Hand bonus:0 (+Proficiency 0+Missile 0+Effects 0) +Attack of Opportunity:0  *Backstab:0  +Berserk:0  +Strength:0  +Hated Race:0  +Special Bonus:0 ^-
2026-09-04 14:59:41.690 BaldursGateIIEnhancedEdition[26058:118586130] INFO: LUA: A7LOG	394	12962520	591290	Day 2, Hour 0 (4 Mirtul, 1369)	WORLD_QUICKLOOT	^0xffbed7d7Jaheira^-: ^0xffbed7d7Roll:2 +Luck:0 +SpecialAC:0  +HitMod:0  +Attack of Opportunity:0  +Berserk:0  +Right:2 (+Weapon Bonus 2+Proficiency 0+STR 0+STREX 0+Melee bonus 0+Racial 0+Effects 0) +Invisible:0  +Invisible Target:0  +Range:0  +Hated Race:0  +Special Target:0  +Protections:0 ^-
2026-09-04 14:59:41.690 BaldursGateIIEnhancedEdition[26058:118586130] INFO: LUA: A7LOG	395	12962520	591290	Day 2, Hour 0 (4 Mirtul, 1369)	WORLD_QUICKLOOT	^0xffd6bd9fJaheira^-: ^0xffbed7d7Attack Roll 2 + 2 = 4 : Miss^-
2026-09-04 14:59:41.899 BaldursGateIIEnhancedEdition[26058:118586130] INFO: LUA: A7LOG	396	12962700	591499	Day 2, Hour 0 (4 Mirtul, 1369)	WORLD_QUICKLOOT	^0xffabababSmoke Mephit^-: ^0xffbed7d7Takes 3 missile damage from Imoen^-
2026-09-04 14:59:44.264 BaldursGateIIEnhancedEdition[26058:118586130] INFO: LUA: A7LOG	397	12964800	593864	Day 2, Hour 0 (4 Mirtul, 1369)	WORLD_QUICKLOOT	^0xffabababSmoke Mephit^-: ^0xffbed7d7Attacks Jaheira^-
2026-09-04 14:59:44.942 BaldursGateIIEnhancedEdition[26058:118586130] INFO: LUA: A7LOG	398	12965400	594542	Day 2, Hour 0 (4 Mirtul, 1369)	WORLD_QUICKLOOT	^0xffbed7d7Minsc^-: ^0xffbed7d7Roll:10 +Luck:0 +SpecialAC:0  +HitMod:0  +Attack of Opportunity:0  +Berserk:0  +Right:3 (+Weapon Bonus 0+Proficiency 1+STR 1+STREX 1+Melee bonus 0+Racial 0+Effects 0) +Invisible:0  +Invisible Target:0  +Range:0  +Hated Race:0  +Special Target:0  +Protections:0 ^-
2026-09-04 14:59:44.942 BaldursGateIIEnhancedEdition[26058:118586130] INFO: LUA: A7LOG	399	12965400	594542	Day 2, Hour 0 (4 Mirtul, 1369)	WORLD_QUICKLOOT	^0xffc0a1aaMinsc^-: ^0xffbed7d7Attack Roll 10 + 3 = 13 : Miss^-
2026-09-04 14:59:44.942 BaldursGateIIEnhancedEdition[26058:118586130] INFO: LUA: A7LOG	400	12965400	594542	Day 2, Hour 0 (4 Mirtul, 1369)	WORLD_QUICKLOOT	^0xffabababSmoke Mephit^-: ^0xffbed7d7Critical Miss^-
2026-09-04 14:59:44.942 BaldursGateIIEnhancedEdition[26058:118586130] INFO: LUA: A7LOG	401	12965400	594542	Day 2, Hour 0 (4 Mirtul, 1369)	WORLD_QUICKLOOT	^0xffbed7d7Smoke Mephit^-: ^0xffbed7d7Roll:1 +Luck:0 +SpecialAC:-2  +HitMod:0  +Attack of Opportunity:0  +Berserk:0  +Right:0 (+Weapon Bonus 0+Proficiency 0+STR 0+STREX 0+Melee bonus 0+Racial 0+Effects 0) +Invisible:0  +Invisible Target:0  +Range:0  +Hated Race:0  +Special Target:0  +Protections:0 ^-
2026-09-04 14:59:44.943 BaldursGateIIEnhancedEdition[26058:118586130] INFO: LUA: A7LOG	402	12965400	594542	Day 2, Hour 0 (4 Mirtul, 1369)	WORLD_QUICKLOOT	^0xffabababSmoke Mephit^-: ^0xffbed7d7Attack Roll 1 - 2 = -1 : Miss^-
2026-09-04 14:59:45.588 BaldursGateIIEnhancedEdition[26058:118586130] INFO: LUA: A7LOG	403	12965940	595188	Day 2, Hour 0 (4 Mirtul, 1369)	WORLD_QUICKLOOT	^0xffbed7d7Imoen^-: ^0xffbed7d7Roll:16 +Luck:0 +SpecialAC:0  +HitMod:0  +Attack of Opportunity:0  +Berserk:0  +Right:3 (+Weapon Bonus 1+Launcher 0+Proficiency 0+Dex 2+Missile 0+Racial 0+Effects 0) +Invisible:0  +Invisible Target:0  +Range:0  +Hated Race:0  +Special Target:0  +Protections:0 ^-
2026-09-04 14:59:45.589 BaldursGateIIEnhancedEdition[26058:118586130] INFO: LUA: A7LOG	404	12965940	595188	Day 2, Hour 0 (4 Mirtul, 1369)	WORLD_QUICKLOOT	^0xffffb3f3Imoen^-: ^0xffbed7d7Attack Roll 16 + 3 = 19 : Hit^-
2026-09-04 14:59:45.589 BaldursGateIIEnhancedEdition[26058:118586130] INFO: LUA: A7LOG	405	12965940	595188	Day 2, Hour 0 (4 Mirtul, 1369)	WORLD_QUICKLOOT	^0xffbed7d7Imoen^-: ^0xffbed7d7Roll:5  +DamageMod:0  +Hand bonus:0 (+Proficiency 0+Missile 0+Effects 0) +Attack of Opportunity:0  *Backstab:0  +Berserk:0  +Strength:0  +Hated Race:0  +Special Bonus:0 ^-
2026-09-04 14:59:45.962 BaldursGateIIEnhancedEdition[26058:118586130] INFO: LUA: A7LOG	406	12966300	595561	Day 2, Hour 0 (4 Mirtul, 1369)	WORLD_QUICKLOOT	^0xffabababSmoke Mephit^-: ^0xffbed7d7Takes 5 missile damage from Imoen^-
2026-09-04 14:59:46.164 BaldursGateIIEnhancedEdition[26058:118586130] INFO: LUA: A7LOG	407	12966480	595764	Day 2, Hour 0 (4 Mirtul, 1369)	WORLD_QUICKLOOT	^0xffbed7d7Booprikt^-: ^0xffbed7d7Roll:15 +Luck:0 +SpecialAC:0  +HitMod:0  +Attack of Opportunity:0  +Berserk:0  +Right:2 (+Weapon Bonus 0+Launcher 0+Proficiency 0+Dex 2+Missile 0+Racial 0+Effects 0) +Invisible:0  +Invisible Target:0  +Range:0  +Hated Race:0  +Special Target:0  +Protections:0 ^-
2026-09-04 14:59:46.164 BaldursGateIIEnhancedEdition[26058:118586130] INFO: LUA: A7LOG	408	12966480	595764	Day 2, Hour 0 (4 Mirtul, 1369)	WORLD_QUICKLOOT	^0xffcb967dBooprikt^-: ^0xffbed7d7Attack Roll 15 + 2 = 17 : Hit^-
2026-09-04 14:59:46.164 BaldursGateIIEnhancedEdition[26058:118586130] INFO: LUA: A7LOG	409	12966480	595764	Day 2, Hour 0 (4 Mirtul, 1369)	WORLD_QUICKLOOT	^0xffbed7d7Booprikt^-: ^0xffbed7d7Roll:3  +DamageMod:0  +Hand bonus:0 (+Proficiency 0+Missile 0+Effects 0) +Attack of Opportunity:0  *Backstab:0  +Berserk:0  +Strength:2  +Hated Race:0  +Special Bonus:0 ^-
2026-09-04 14:59:46.475 BaldursGateIIEnhancedEdition[26058:118586130] INFO: LUA: A7LOG	410	12966720	596075	Day 2, Hour 0 (4 Mirtul, 1369)	WORLD_QUICKLOOT	^0xffbed7d7Skeleton Warrior^-: ^0xffbed7d7Roll:11 +Luck:0 +SpecialAC:0  +HitMod:0  +Attack of Opportunity:0  +Berserk:0  +Right:3 (+Weapon Bonus 0+Proficiency 3+STR 0+STREX 0+Melee bonus 0+Racial 0+Effects 0) +Invisible:0  +Invisible Target:0  +Range:0  +Hated Race:0  +Special Target:0  +Protections:0 ^-
2026-09-04 14:59:46.475 BaldursGateIIEnhancedEdition[26058:118586130] INFO: LUA: A7LOG	411	12966720	596075	Day 2, Hour 0 (4 Mirtul, 1369)	WORLD_QUICKLOOT	^0xff018bffSkeleton Warrior^-: ^0xffbed7d7Attack Roll 11 + 3 = 14 : Miss^-
2026-09-04 14:59:46.475 BaldursGateIIEnhancedEdition[26058:118586130] INFO: LUA: A7LOG	412	12966720	596075	Day 2, Hour 0 (4 Mirtul, 1369)	WORLD_QUICKLOOT	^0xffabababSmoke Mephit^-: ^0xffbed7d7Takes 5 missile damage from Booprikt^-
2026-09-04 14:59:47.284 BaldursGateIIEnhancedEdition[26058:118586130] INFO: LUA: A7LOG	413	12967440	596884	Day 2, Hour 0 (4 Mirtul, 1369)	WORLD_QUICKLOOT	^0xffbed7d7Jaheira^-: ^0xffbed7d7Roll:4 +Luck:0 +SpecialAC:0  +HitMod:0  +Attack of Opportunity:0  +Berserk:0  +Right:2 (+Weapon Bonus 2+Proficiency 0+STR 0+STREX 0+Melee bonus 0+Racial 0+Effects 0) +Invisible:0  +Invisible Target:0  +Range:0  +Hated Race:0  +Special Target:0  +Protections:0 ^-
2026-09-04 14:59:47.285 BaldursGateIIEnhancedEdition[26058:118586130] INFO: LUA: A7LOG	414	12967440	596884	Day 2, Hour 0 (4 Mirtul, 1369)	WORLD_QUICKLOOT	^0xffd6bd9fJaheira^-: ^0xffbed7d7Attack Roll 4 + 2 = 6 : Miss^-
2026-09-04 14:59:47.590 BaldursGateIIEnhancedEdition[26058:118586130] INFO: LUA: A7LOG	415	12967740	597190	Day 2, Hour 0 (4 Mirtul, 1369)	WORLD_QUICKLOOT	^0xffbed7d7Minsc^-: ^0xffbed7d7Roll:6 +Luck:0 +SpecialAC:0  +HitMod:0  +Attack of Opportunity:0  +Berserk:0  +Right:3 (+Weapon Bonus 0+Proficiency 1+STR 1+STREX 1+Melee bonus 0+Racial 0+Effects 0) +Invisible:0  +Invisible Target:0  +Range:0  +Hated Race:0  +Special Target:0  +Protections:0 ^-
2026-09-04 14:59:47.590 BaldursGateIIEnhancedEdition[26058:118586130] INFO: LUA: A7LOG	416	12967740	597190	Day 2, Hour 0 (4 Mirtul, 1369)	WORLD_QUICKLOOT	^0xffc0a1aaMinsc^-: ^0xffbed7d7Attack Roll 6 + 3 = 9 : Miss^-
2026-09-04 14:59:47.656 BaldursGateIIEnhancedEdition[26058:118586130] INFO: LUA: A7LOG	417	12967800	597255	Day 2, Hour 0 (4 Mirtul, 1369)	WORLD_QUICKLOOT	^0xffbed7d7Smoke Mephit^-: ^0xffbed7d7Roll:14 +Luck:0 +SpecialAC:-2  +HitMod:0  +Attack of Opportunity:0  +Berserk:0  +Right:0 (+Weapon Bonus 0+Proficiency 0+STR 0+STREX 0+Melee bonus 0+Racial 0+Effects 0) +Invisible:0  +Invisible Target:0  +Range:0  +Hated Race:0  +Special Target:0  +Protections:0 ^-
2026-09-04 14:59:47.656 BaldursGateIIEnhancedEdition[26058:118586130] INFO: LUA: A7LOG	418	12967800	597256	Day 2, Hour 0 (4 Mirtul, 1369)	WORLD_QUICKLOOT	^0xffabababSmoke Mephit^-: ^0xffbed7d7Attack Roll 14 - 2 = 12 : Miss^-
2026-09-04 14:59:48.301 BaldursGateIIEnhancedEdition[26058:118586130] INFO: LUA: A7LOG	419	12968340	597901	Day 2, Hour 0 (4 Mirtul, 1369)	WORLD_QUICKLOOT	^0xffbed7d7Imoen^-: ^0xffbed7d7Roll:17 +Luck:0 +SpecialAC:0  +HitMod:0  +Attack of Opportunity:0  +Berserk:0  +Right:3 (+Weapon Bonus 1+Launcher 0+Proficiency 0+Dex 2+Missile 0+Racial 0+Effects 0) +Invisible:0  +Invisible Target:0  +Range:0  +Hated Race:0  +Special Target:0  +Protections:0 ^-
2026-09-04 14:59:48.301 BaldursGateIIEnhancedEdition[26058:118586130] INFO: LUA: A7LOG	420	12968340	597901	Day 2, Hour 0 (4 Mirtul, 1369)	WORLD_QUICKLOOT	^0xffffb3f3Imoen^-: ^0xffbed7d7Attack Roll 17 + 3 = 20 : Hit^-
2026-09-04 14:59:48.301 BaldursGateIIEnhancedEdition[26058:118586130] INFO: LUA: A7LOG	421	12968340	597901	Day 2, Hour 0 (4 Mirtul, 1369)	WORLD_QUICKLOOT	^0xffbed7d7Imoen^-: ^0xffbed7d7Roll:3  +DamageMod:0  +Hand bonus:0 (+Proficiency 0+Missile 0+Effects 0) +Attack of Opportunity:0  *Backstab:0  +Berserk:0  +Strength:0  +Hated Race:0  +Special Bonus:0 ^-
2026-09-04 14:59:48.681 BaldursGateIIEnhancedEdition[26058:118586130] INFO: LUA: A7LOG	422	12968700	598280	Day 2, Hour 0 (4 Mirtul, 1369)	WORLD_QUICKLOOT	^0xffabababSmoke Mephit^-: ^0xffbed7d7Takes 3 missile damage from Imoen^-
2026-09-04 14:59:51.072 BaldursGateIIEnhancedEdition[26058:118586130] INFO: LUA: A7LOG	423	12970800	600671	Day 2, Hour 0 (4 Mirtul, 1369)	WORLD_QUICKLOOT	^0xffbed7d7Smoke Mephit^-: ^0xffbed7d7Roll:2 +Luck:0 +SpecialAC:-2  +HitMod:0  +Attack of Opportunity:0  +Berserk:0  +Right:0 (+Weapon Bonus 0+Proficiency 0+STR 0+STREX 0+Melee bonus 0+Racial 0+Effects 0) +Invisible:0  +Invisible Target:0  +Range:0  +Hated Race:0  +Special Target:0  +Protections:0 ^-
2026-09-04 14:59:51.072 BaldursGateIIEnhancedEdition[26058:118586130] INFO: LUA: A7LOG	424	12970800	600671	Day 2, Hour 0 (4 Mirtul, 1369)	WORLD_QUICKLOOT	^0xffabababSmoke Mephit^-: ^0xffbed7d7Attack Roll 2 - 2 = 0 : Miss^-
2026-09-04 14:59:51.763 BaldursGateIIEnhancedEdition[26058:118586130] INFO: sAchieveID=NONE,m_sGlobalName=SPRITE_IS_DEADNone,m_nValue=1
2026-09-04 14:59:51.766 BaldursGateIIEnhancedEdition[26058:118586130] INFO: LUA: A7LOG	425	12971400	601365	Day 2, Hour 0 (4 Mirtul, 1369)	WORLD_QUICKLOOT	^0xffbed7d7Minsc^-: ^0xffbed7d7Roll:13 +Luck:0 +SpecialAC:0  +HitMod:0  +Attack of Opportunity:0  +Berserk:0  +Right:3 (+Weapon Bonus 0+Proficiency 1+STR 1+STREX 1+Melee bonus 0+Racial 0+Effects 0) +Invisible:0  +Invisible Target:0  +Range:0  +Hated Race:0  +Special Target:0  +Protections:0 ^-
2026-09-04 14:59:51.766 BaldursGateIIEnhancedEdition[26058:118586130] INFO: LUA: A7LOG	426	12971400	601365	Day 2, Hour 0 (4 Mirtul, 1369)	WORLD_QUICKLOOT	^0xffc0a1aaMinsc^-: ^0xffbed7d7Attack Roll 13 + 3 = 16 : Hit^-
2026-09-04 14:59:51.766 BaldursGateIIEnhancedEdition[26058:118586130] INFO: LUA: A7LOG	427	12971400	601365	Day 2, Hour 0 (4 Mirtul, 1369)	WORLD_QUICKLOOT	^0xffbed7d7Minsc^-: ^0xffbed7d7Roll:8  +DamageMod:0  +Hand bonus:0 (+Proficiency 2+Melee bonus 0+Effects 0) +Attack of Opportunity:0  *Backstab:0  +Berserk:0  +Strength:5  +Hated Race:0  +Special Bonus:0 ^-
2026-09-04 14:59:51.766 BaldursGateIIEnhancedEdition[26058:118586130] INFO: LUA: A7LOG	428	12971400	601365	Day 2, Hour 0 (4 Mirtul, 1369)	WORLD_QUICKLOOT	^0xffabababSmoke Mephit^-: ^0xffbed7d7Takes 15 slashing damage from Minsc^-
2026-09-04 14:59:51.766 BaldursGateIIEnhancedEdition[26058:118586130] INFO: LUA: A7LOG	429	12971400	601366	Day 2, Hour 0 (4 Mirtul, 1369)	WORLD_QUICKLOOT	^0xffabababSmoke Mephit^-: ^0xffbed7d7Death^-
2026-09-04 14:59:52.241 BaldursGateIIEnhancedEdition[26058:118586130] INFO: LUA: A7LOG	430	12971820	601840	Day 2, Hour 0 (4 Mirtul, 1369)	WORLD_QUICKLOOT	^0xffffb3f3Imoen^-: ^0xffbed7d7Detecting Traps / Illusions^-
2026-09-04 14:59:52.475 BaldursGateIIEnhancedEdition[26058:118586130] INFO: LUA: A7LOG	431	12972000	602075	Day 2, Hour 0 (4 Mirtul, 1369)	WORLD_QUICKLOOT	^0xffcb967dBooprikt^-: ^0xffbed7d7Detecting Traps / Illusions^-
2026-09-04 14:59:52.647 BaldursGateIIEnhancedEdition[26058:118586130] INFO: LUA: A7LOG	432	12972180	602246	Day 2, Hour 0 (4 Mirtul, 1369)	WORLD_QUICKLOOT	^0xffc8ffc8The Party Has Gained Experience: 420^-
2026-09-04 14:59:55.689 BaldursGateIIEnhancedEdition[26058:118586130] INFO: LUA: A7LOG	433	12974820	605289	Day 2, Hour 0 (4 Mirtul, 1369)	WORLD_QUICKLOOT	^0xffd6bd9fJaheira^-: ^0xffd7c8a0Nature's servant awaits.^-
2026-09-04 15:00:00.843 BaldursGateIIEnhancedEdition[26058:118586130] INFO: LUA: A7LOG	434	12979260	610442	Day 2, Hour 0 (4 Mirtul, 1369)	WORLD_QUICKLOOT	^0xff0000ffPAUSED^-
2026-09-04 15:00:00.878 BaldursGateIIEnhancedEdition[26058:118586130] INFO: LUA: A7LOG	435	12979260	610477	Day 2, Hour 0 (4 Mirtul, 1369)	WORLD_QUICKLOOT	^0xffd6bd9fJaheira^-: ^0xffbed7d7Auto-Paused: Enemy Sighted^-
2026-09-04 15:00:06.695 BaldursGateIIEnhancedEdition[26058:118586130] INFO: LUA: A7LOG	436	12979260	616294	Day 2, Hour 0 (4 Mirtul, 1369)	WORLD_QUICKLOOT	^0xffd6bd9fJaheira^-: ^0xffd7c8a0I await your need.^-
2026-09-04 15:00:07.768 BaldursGateIIEnhancedEdition[26058:118586130] INFO: LUA: A7LOG	437	12979260	617368	Day 2, Hour 0 (4 Mirtul, 1369)	WORLD_QUICKLOOT	^0xffd6bd9fJaheira^-: ^0xffd7c8a0If it will help.^-
2026-09-04 15:00:10.229 BaldursGateIIEnhancedEdition[26058:118586130] INFO: LUA: A7LOG	438	12979320	619829	Day 2, Hour 0 (4 Mirtul, 1369)	WORLD_QUICKLOOT	^0xff0000ffUNPAUSED^-
2026-09-04 15:00:14.414 BaldursGateIIEnhancedEdition[26058:118586130] INFO: LUA: A7LOG	439	12982980	624014	Day 2, Hour 0 (4 Mirtul, 1369)	WORLD_QUICKLOOT	^0xffd5c885Otyugh^-: ^0xffbed7d7Attacks Skeleton Warrior^-
2026-09-04 15:00:16.389 BaldursGateIIEnhancedEdition[26058:118586130] INFO: LUA: A7LOG	440	12984660	625989	Day 2, Hour 0 (4 Mirtul, 1369)	WORLD_QUICKLOOT	^0xff0000ffPAUSED^-
2026-09-04 15:00:16.412 BaldursGateIIEnhancedEdition[26058:118586130] INFO: LUA: A7LOG	441	12984660	626012	Day 2, Hour 0 (4 Mirtul, 1369)	WORLD_QUICKLOOT	^0xffd6bd9fJaheira^-: ^0xffbed7d7Auto-Paused: Enemy Sighted^-
2026-09-04 15:00:18.440 BaldursGateIIEnhancedEdition[26058:118586130] INFO: LUA: A7LOG	442	12984660	628040	Day 2, Hour 0 (4 Mirtul, 1369)	WORLD_QUICKLOOT	^0xffd6bd9fJaheira^-: ^0xffd7c8a0Yes?^-
2026-09-04 15:00:20.361 BaldursGateIIEnhancedEdition[26058:118586130] INFO: LUA: A7LOG	443	12984660	629961	Day 2, Hour 0 (4 Mirtul, 1369)	WORLD_QUICKLOOT	^0xffd6bd9fJaheira^-: ^0xffbed7d7is Attacking Otyugh^-
2026-09-04 15:00:20.361 BaldursGateIIEnhancedEdition[26058:118586130] INFO: LUA: A7LOG	444	12984660	629961	Day 2, Hour 0 (4 Mirtul, 1369)	WORLD_QUICKLOOT	^0xffffb3f3Imoen^-: ^0xffbed7d7Stopped Detecting Traps / Illusions^-
2026-09-04 15:00:20.397 BaldursGateIIEnhancedEdition[26058:118586130] INFO: LUA: A7LOG	445	12984660	629997	Day 2, Hour 0 (4 Mirtul, 1369)	WORLD_QUICKLOOT	^0xffcb967dBooprikt^-: ^0xffbed7d7Stopped Detecting Traps / Illusions^-
2026-09-04 15:00:20.741 BaldursGateIIEnhancedEdition[26058:118586130] INFO: LUA: A7LOG	446	12984660	630341	Day 2, Hour 0 (4 Mirtul, 1369)	WORLD_QUICKLOOT	^0xff0000ffUNPAUSED^-
2026-09-04 15:00:20.777 BaldursGateIIEnhancedEdition[26058:118586130] INFO: LUA: A7LOG	447	12984720	630376	Day 2, Hour 0 (4 Mirtul, 1369)	WORLD_QUICKLOOT	^0xffcb967dBooprikt^-: ^0xffbed7d7Attacks Otyugh^-
2026-09-04 15:00:20.777 BaldursGateIIEnhancedEdition[26058:118586130] INFO: LUA: A7LOG	448	12984720	630376	Day 2, Hour 0 (4 Mirtul, 1369)	WORLD_QUICKLOOT	^0xffc0a1aaMinsc^-: ^0xffbed7d7Attacks Otyugh^-
2026-09-04 15:00:20.811 BaldursGateIIEnhancedEdition[26058:118586130] INFO: LUA: A7LOG	449	12984720	630410	Day 2, Hour 0 (4 Mirtul, 1369)	WORLD_QUICKLOOT	^0xffffb3f3Imoen^-: ^0xffbed7d7Attacks Otyugh^-
2026-09-04 15:00:20.811 BaldursGateIIEnhancedEdition[26058:118586130] INFO: LUA: A7LOG	450	12984720	630411	Day 2, Hour 0 (4 Mirtul, 1369)	WORLD_QUICKLOOT	^0xffd6bd9fJaheira^-: ^0xffbed7d7Attacks Otyugh^-
2026-09-04 15:00:21.427 BaldursGateIIEnhancedEdition[26058:118586130] INFO: LUA: A7LOG	451	12985260	631026	Day 2, Hour 0 (4 Mirtul, 1369)	WORLD_QUICKLOOT	^0xffbed7d7Otyugh^-: ^0xffbed7d7Roll:8 +Luck:0 +SpecialAC:0  +HitMod:0  +Attack of Opportunity:0  +Berserk:0  +Right:0 (+Weapon Bonus 0+Proficiency 0+STR 0+STREX 0+Melee bonus 0+Racial 0+Effects 0) +Invisible:0  +Invisible Target:0  +Range:0  +Hated Race:0  +Special Target:0  +Protections:0 ^-
2026-09-04 15:00:21.427 BaldursGateIIEnhancedEdition[26058:118586130] INFO: LUA: A7LOG	452	12985260	631027	Day 2, Hour 0 (4 Mirtul, 1369)	WORLD_QUICKLOOT	^0xffd5c885Otyugh^-: ^0xffbed7d7Attack Roll 8 + 0 = 8 : Miss^-
2026-09-04 15:00:22.582 BaldursGateIIEnhancedEdition[26058:118586130] INFO: LUA: A7LOG	453	12986280	632182	Day 2, Hour 0 (4 Mirtul, 1369)	WORLD_QUICKLOOT	^0xffbed7d7Imoen^-: ^0xffbed7d7Roll:20 +Luck:0 +SpecialAC:0  +HitMod:0  +Attack of Opportunity:0  +Berserk:0  +Right:3 (+Weapon Bonus 1+Launcher 0+Proficiency 0+Dex 2+Missile 0+Racial 0+Effects 0) +Invisible:0  +Invisible Target:0  +Range:0  +Hated Race:0  +Special Target:0  +Protections:0 ^-
2026-09-04 15:00:22.582 BaldursGateIIEnhancedEdition[26058:118586130] INFO: LUA: A7LOG	454	12986280	632182	Day 2, Hour 0 (4 Mirtul, 1369)	WORLD_QUICKLOOT	^0xffffb3f3Imoen^-: ^0xffbed7d7Attack Roll 20 + 3 = 23 : Hit^-
2026-09-04 15:00:22.582 BaldursGateIIEnhancedEdition[26058:118586130] INFO: LUA: A7LOG	455	12986280	632182	Day 2, Hour 0 (4 Mirtul, 1369)	WORLD_QUICKLOOT	^0xffffb3f3Imoen^-: ^0xffbed7d7Critical Hit^-
2026-09-04 15:00:22.583 BaldursGateIIEnhancedEdition[26058:118586130] INFO: LUA: A7LOG	456	12986280	632182	Day 2, Hour 0 (4 Mirtul, 1369)	WORLD_QUICKLOOT	^0xffffb3f3Imoen^-: ^0xffd7c8a0Gotcha good!^-
2026-09-04 15:00:22.583 BaldursGateIIEnhancedEdition[26058:118586130] INFO: LUA: A7LOG	457	12986280	632182	Day 2, Hour 0 (4 Mirtul, 1369)	WORLD_QUICKLOOT	^0xffbed7d7Imoen^-: ^0xffbed7d7Roll:5  +DamageMod:0  +Hand bonus:0 (+Proficiency 0+Missile 0+Effects 0) +Attack of Opportunity:0  *Backstab:0  +Berserk:0  +Strength:0  +Hated Race:0  +Special Bonus:0 ^-
2026-09-04 15:00:23.022 BaldursGateIIEnhancedEdition[26058:118586130] INFO: LUA: A7LOG	458	12986700	632621	Day 2, Hour 0 (4 Mirtul, 1369)	WORLD_QUICKLOOT	^0xffd5c885Imoen^-: ^0xffbed7d7Otyugh was immune to my damage.^-
2026-09-04 15:00:23.086 BaldursGateIIEnhancedEdition[26058:118586130] INFO: LUA: A7LOG	459	12986640	632686	Day 2, Hour 0 (4 Mirtul, 1369)	WORLD_QUICKLOOT	^0xff0000ffPAUSED^-
2026-09-04 15:00:23.811 BaldursGateIIEnhancedEdition[26058:118586130] INFO: LUA: A7LOG	460	12986640	633411	Day 2, Hour 0 (4 Mirtul, 1369)	WORLD_QUICKLOOT	^0xffcb967dBooprikt^-: ^0xffd7c8a0I'm waiting.^-
2026-09-04 15:00:24.780 BaldursGateIIEnhancedEdition[26058:118586130] INFO: LUA: A7LOG	461	12986640	634380	Day 2, Hour 0 (4 Mirtul, 1369)	WORLD_QUICKLOOT	^0xffcb967dBooprikt^-: ^0xffbed7d7is Attacking Otyugh^-
2026-09-04 15:00:24.952 BaldursGateIIEnhancedEdition[26058:118586130] INFO: LUA: A7LOG	462	12986700	634552	Day 2, Hour 0 (4 Mirtul, 1369)	WORLD_QUICKLOOT	^0xff0000ffUNPAUSED^-
2026-09-04 15:00:25.022 BaldursGateIIEnhancedEdition[26058:118586130] INFO: LUA: A7LOG	463	12986760	634621	Day 2, Hour 0 (4 Mirtul, 1369)	WORLD_QUICKLOOT	^0xffcb967dBooprikt^-: ^0xffbed7d7Attacks Otyugh^-
2026-09-04 15:00:25.267 BaldursGateIIEnhancedEdition[26058:118586130] INFO: LUA: A7LOG	464	12986940	634866	Day 2, Hour 0 (4 Mirtul, 1369)	WORLD_QUICKLOOT	^0xffbed7d7Otyugh^-: ^0xffbed7d7Roll:8 +Luck:0 +SpecialAC:0  +HitMod:0  +Attack of Opportunity:0  +Berserk:0  +Right:0 (+Weapon Bonus 0+Proficiency 0+STR 0+STREX 0+Melee bonus 0+Racial 0+Effects 0) +Invisible:0  +Invisible Target:0  +Range:0  +Hated Race:0  +Special Target:0  +Protections:0 ^-
2026-09-04 15:00:25.267 BaldursGateIIEnhancedEdition[26058:118586130] INFO: LUA: A7LOG	465	12986940	634866	Day 2, Hour 0 (4 Mirtul, 1369)	WORLD_QUICKLOOT	^0xffd5c885Otyugh^-: ^0xffbed7d7Attack Roll 8 + 0 = 8 : Miss^-
2026-09-04 15:00:25.470 BaldursGateIIEnhancedEdition[26058:118586130] INFO: LUA: A7LOG	466	12987120	635070	Day 2, Hour 0 (4 Mirtul, 1369)	WORLD_QUICKLOOT	^0xff018bffSkeleton Warrior^-: ^0xffbed7d7Attacks Otyugh^-
2026-09-04 15:00:26.283 BaldursGateIIEnhancedEdition[26058:118586130] INFO: LUA: A7LOG	467	12987780	635883	Day 2, Hour 0 (4 Mirtul, 1369)	WORLD_QUICKLOOT	^0xff0000ffPAUSED^-
2026-09-04 15:00:26.941 BaldursGateIIEnhancedEdition[26058:118586130] INFO: LUA: A7LOG	468	12987780	636541	Day 2, Hour 0 (4 Mirtul, 1369)	WORLD_QUICKLOOT	^0xffffb3f3Imoen^-: ^0xffd7c8a0Whatchu want?^-
2026-09-04 15:00:27.324 BaldursGateIIEnhancedEdition[26058:118586130] INFO: LUA: A7LOG	469	12987780	636924	Day 2, Hour 0 (4 Mirtul, 1369)	WORLD_QUICKLOOT	^0xffffb3f3Imoen^-: ^0xffd7c8a0Good to go.^-
2026-09-04 15:00:27.602 BaldursGateIIEnhancedEdition[26058:118586130] INFO: LUA: A7LOG	470	12987780	637202	Day 2, Hour 0 (4 Mirtul, 1369)	WORLD_QUICKLOOT	^0xff0000ffUNPAUSED^-
2026-09-04 15:00:28.354 BaldursGateIIEnhancedEdition[26058:118586130] INFO: LUA: A7LOG	471	12988440	637954	Day 2, Hour 0 (4 Mirtul, 1369)	WORLD_QUICKLOOT	^0xffbed7d7Jaheira^-: ^0xffbed7d7Roll:10 +Luck:0 +SpecialAC:0  +HitMod:0  +Attack of Opportunity:0  +Berserk:0  +Right:2 (+Weapon Bonus 2+Proficiency 0+STR 0+STREX 0+Melee bonus 0+Racial 0+Effects 0) +Invisible:0  +Invisible Target:0  +Range:0  +Hated Race:0  +Special Target:0  +Protections:0 ^-
2026-09-04 15:00:28.354 BaldursGateIIEnhancedEdition[26058:118586130] INFO: LUA: A7LOG	472	12988440	637954	Day 2, Hour 0 (4 Mirtul, 1369)	WORLD_QUICKLOOT	^0xffd6bd9fJaheira^-: ^0xffbed7d7Attack Roll 10 + 2 = 12 : Hit^-
2026-09-04 15:00:28.354 BaldursGateIIEnhancedEdition[26058:118586130] INFO: LUA: A7LOG	473	12988440	637954	Day 2, Hour 0 (4 Mirtul, 1369)	WORLD_QUICKLOOT	^0xffbed7d7Jaheira^-: ^0xffbed7d7Roll:7  +DamageMod:0  +Hand bonus:0 (+Proficiency 0+Melee bonus 0+Effects 0) +Attack of Opportunity:0  *Backstab:0  +Berserk:0  +Strength:0  +Hated Race:0  +Special Bonus:0 ^-
2026-09-04 15:00:28.354 BaldursGateIIEnhancedEdition[26058:118586130] INFO: LUA: A7LOG	474	12988440	637954	Day 2, Hour 0 (4 Mirtul, 1369)	WORLD_QUICKLOOT	^0xffd5c885Otyugh^-: ^0xffbed7d7Takes 7 piercing damage from Jaheira^-
2026-09-04 15:00:28.701 BaldursGateIIEnhancedEdition[26058:118586130] INFO: LUA: A7LOG	475	12988740	638300	Day 2, Hour 0 (4 Mirtul, 1369)	WORLD_QUICKLOOT	^0xffbed7d7Otyugh^-: ^0xffbed7d7Roll:19 +Luck:0 +SpecialAC:0  +HitMod:0  +Attack of Opportunity:0  +Berserk:0  +Right:0 (+Weapon Bonus 0+Proficiency 0+STR 0+STREX 0+Melee bonus 0+Racial 0+Effects 0) +Invisible:0  +Invisible Target:0  +Range:0  +Hated Race:0  +Special Target:0  +Protections:0 ^-
2026-09-04 15:00:28.701 BaldursGateIIEnhancedEdition[26058:118586130] INFO: LUA: A7LOG	476	12988740	638300	Day 2, Hour 0 (4 Mirtul, 1369)	WORLD_QUICKLOOT	^0xffd5c885Otyugh^-: ^0xffbed7d7Attack Roll 19 + 0 = 19 : Hit^-
2026-09-04 15:00:28.701 BaldursGateIIEnhancedEdition[26058:118586130] INFO: LUA: A7LOG	477	12988740	638300	Day 2, Hour 0 (4 Mirtul, 1369)	WORLD_QUICKLOOT	^0xffbed7d7Otyugh^-: ^0xffbed7d7Roll:1  +DamageMod:0  +Hand bonus:0 (+Proficiency 0+Melee bonus 0+Effects 0) +Attack of Opportunity:0  *Backstab:0  +Berserk:0  +Strength:0  +Hated Race:0  +Special Bonus:0 ^-
2026-09-04 15:00:28.701 BaldursGateIIEnhancedEdition[26058:118586130] INFO: LUA: A7LOG	478	12988740	638301	Day 2, Hour 0 (4 Mirtul, 1369)	WORLD_QUICKLOOT	^0xff018bffSkeleton Warrior^-: ^0xffbed7d7Takes 1 crushing damage from Otyugh^-
2026-09-04 15:00:28.977 BaldursGateIIEnhancedEdition[26058:118586130] INFO: LUA: A7LOG	479	12988920	638576	Day 2, Hour 0 (4 Mirtul, 1369)	WORLD_QUICKLOOT	^0xff0000ffPAUSED^-
2026-09-04 15:00:29.501 BaldursGateIIEnhancedEdition[26058:118586130] INFO: LUA: A7LOG	480	12988920	639101	Day 2, Hour 0 (4 Mirtul, 1369)	WORLD_QUICKLOOT	^0xffcb967dBooprikt^-: ^0xffd7c8a0Yes?^-
2026-09-04 15:00:30.199 BaldursGateIIEnhancedEdition[26058:118586130] INFO: LUA: A7LOG	481	12988920	639798	Day 2, Hour 0 (4 Mirtul, 1369)	WORLD_QUICKLOOT	^0xffcb967dBooprikt^-: ^0xffd7c8a0Nothing to it.^-
2026-09-04 15:00:30.408 BaldursGateIIEnhancedEdition[26058:118586130] INFO: LUA: A7LOG	482	12988980	640008	Day 2, Hour 0 (4 Mirtul, 1369)	WORLD_QUICKLOOT	^0xff0000ffUNPAUSED^-
2026-09-04 15:00:32.084 BaldursGateIIEnhancedEdition[26058:118586130] INFO: LUA: A7LOG	483	12990420	641683	Day 2, Hour 0 (4 Mirtul, 1369)	WORLD_QUICKLOOT	^0xffd5c885Otyugh^-: ^0xffbed7d7Attacks Skeleton Warrior^-
2026-09-04 15:00:32.291 BaldursGateIIEnhancedEdition[26058:118586130] INFO: LUA: A7LOG	484	12990600	641890	Day 2, Hour 0 (4 Mirtul, 1369)	WORLD_QUICKLOOT	^0xffbed7d7Skeleton Warrior^-: ^0xffbed7d7Roll:13 +Luck:0 +SpecialAC:0  +HitMod:0  +Attack of Opportunity:0  +Berserk:0  +Right:3 (+Weapon Bonus 0+Proficiency 3+STR 0+STREX 0+Melee bonus 0+Racial 0+Effects 0) +Invisible:0  +Invisible Target:0  +Range:0  +Hated Race:0  +Special Target:0  +Protections:0 ^-
2026-09-04 15:00:32.291 BaldursGateIIEnhancedEdition[26058:118586130] INFO: LUA: A7LOG	485	12990600	641891	Day 2, Hour 0 (4 Mirtul, 1369)	WORLD_QUICKLOOT	^0xff018bffSkeleton Warrior^-: ^0xffbed7d7Attack Roll 13 + 3 = 16 : Hit^-
2026-09-04 15:00:32.291 BaldursGateIIEnhancedEdition[26058:118586130] INFO: LUA: A7LOG	486	12990600	641891	Day 2, Hour 0 (4 Mirtul, 1369)	WORLD_QUICKLOOT	^0xffbed7d7Skeleton Warrior^-: ^0xffbed7d7Roll:1  +DamageMod:0  +Hand bonus:0 (+Proficiency 5+Melee bonus 0+Effects 0) +Attack of Opportunity:0  *Backstab:0  +Berserk:0  +Strength:1  +Hated Race:0  +Special Bonus:0 ^-
2026-09-04 15:00:32.291 BaldursGateIIEnhancedEdition[26058:118586130] INFO: LUA: A7LOG	487	12990600	641891	Day 2, Hour 0 (4 Mirtul, 1369)	WORLD_QUICKLOOT	^0xffd5c885Otyugh^-: ^0xffbed7d7Takes 7 slashing damage from Skeleton Warrior^-
2026-09-04 15:00:32.392 BaldursGateIIEnhancedEdition[26058:118586130] INFO: LUA: A7LOG	488	12990720	641992	Day 2, Hour 0 (4 Mirtul, 1369)	WORLD_QUICKLOOT	^0xffffb3f3Imoen^-: ^0xffbed7d7Detecting Traps / Illusions^-
2026-09-04 15:00:32.493 BaldursGateIIEnhancedEdition[26058:118586130] INFO: LUA: A7LOG	489	12990780	642092	Day 2, Hour 0 (4 Mirtul, 1369)	WORLD_QUICKLOOT	^0xffbed7d7Otyugh^-: ^0xffbed7d7Roll:6 +Luck:0 +SpecialAC:0  +HitMod:0  +Attack of Opportunity:0  +Berserk:0  +Right:0 (+Weapon Bonus 0+Proficiency 0+STR 0+STREX 0+Melee bonus 0+Racial 0+Effects 0) +Invisible:0  +Invisible Target:0  +Range:0  +Hated Race:0  +Special Target:0  +Protections:0 ^-
2026-09-04 15:00:32.493 BaldursGateIIEnhancedEdition[26058:118586130] INFO: LUA: A7LOG	490	12990780	642092	Day 2, Hour 0 (4 Mirtul, 1369)	WORLD_QUICKLOOT	^0xffd5c885Otyugh^-: ^0xffbed7d7Attack Roll 6 + 0 = 6 : Miss^-
2026-09-04 15:00:32.705 BaldursGateIIEnhancedEdition[26058:118586130] INFO: LUA: A7LOG	491	12990900	642305	Day 2, Hour 0 (4 Mirtul, 1369)	WORLD_QUICKLOOT	^0xff0000ffPAUSED^-
2026-09-04 15:00:33.258 BaldursGateIIEnhancedEdition[26058:118586130] INFO: LUA: A7LOG	492	12990900	642857	Day 2, Hour 0 (4 Mirtul, 1369)	WORLD_QUICKLOOT	^0xffcb967dBooprikt^-: ^0xffbed7d7is Attacking Otyugh^-
2026-09-04 15:00:34.368 BaldursGateIIEnhancedEdition[26058:118586130] INFO: LUA: A7LOG	493	12990900	643967	Day 2, Hour 0 (4 Mirtul, 1369)	WORLD_QUICKLOOT	^0xffffb3f3Imoen^-: ^0xffd7c8a0Name it.^-
2026-09-04 15:00:35.294 BaldursGateIIEnhancedEdition[26058:118586130] INFO: LUA: A7LOG	494	12990900	644893	Day 2, Hour 0 (4 Mirtul, 1369)	WORLD_QUICKLOOT	^0xffffb3f3Imoen^-: ^0xffbed7d7is Attacking Otyugh^-
2026-09-04 15:00:35.294 BaldursGateIIEnhancedEdition[26058:118586130] INFO: LUA: A7LOG	495	12990900	644894	Day 2, Hour 0 (4 Mirtul, 1369)	WORLD_QUICKLOOT	^0xffffb3f3Imoen^-: ^0xffbed7d7Stopped Detecting Traps / Illusions^-
2026-09-04 15:00:35.806 BaldursGateIIEnhancedEdition[26058:118586130] INFO: LUA: A7LOG	496	12990900	645406	Day 2, Hour 0 (4 Mirtul, 1369)	WORLD_QUICKLOOT	^0xff0000ffUNPAUSED^-
2026-09-04 15:00:35.842 BaldursGateIIEnhancedEdition[26058:118586130] INFO: LUA: A7LOG	497	12990960	645441	Day 2, Hour 0 (4 Mirtul, 1369)	WORLD_QUICKLOOT	^0xffcb967dBooprikt^-: ^0xffbed7d7Attacks Otyugh^-
2026-09-04 15:00:35.842 BaldursGateIIEnhancedEdition[26058:118586130] INFO: LUA: A7LOG	498	12990960	645441	Day 2, Hour 0 (4 Mirtul, 1369)	WORLD_QUICKLOOT	^0xffbed7d7Minsc^-: ^0xffbed7d7Roll:12 +Luck:0 +SpecialAC:0  +HitMod:0  +Attack of Opportunity:0  +Berserk:0  +Right:3 (+Weapon Bonus 0+Proficiency 1+STR 1+STREX 1+Melee bonus 0+Racial 0+Effects 0) +Invisible:0  +Invisible Target:0  +Range:0  +Hated Race:0  +Special Target:0  +Protections:0 ^-
2026-09-04 15:00:35.842 BaldursGateIIEnhancedEdition[26058:118586130] INFO: LUA: A7LOG	499	12990960	645441	Day 2, Hour 0 (4 Mirtul, 1369)	WORLD_QUICKLOOT	^0xffc0a1aaMinsc^-: ^0xffbed7d7Attack Roll 12 + 3 = 15 : Hit^-
2026-09-04 15:00:35.842 BaldursGateIIEnhancedEdition[26058:118586130] INFO: LUA: A7LOG	500	12990960	645441	Day 2, Hour 0 (4 Mirtul, 1369)	WORLD_QUICKLOOT	^0xffbed7d7Minsc^-: ^0xffbed7d7Roll:7  +DamageMod:0  +Hand bonus:0 (+Proficiency 2+Melee bonus 0+Effects 0) +Attack of Opportunity:0  *Backstab:0  +Berserk:0  +Strength:5  +Hated Race:0  +Special Bonus:0 ^-
2026-09-04 15:00:35.842 BaldursGateIIEnhancedEdition[26058:118586130] INFO: LUA: A7LOG	501	12990960	645442	Day 2, Hour 0 (4 Mirtul, 1369)	WORLD_QUICKLOOT	^0xffd5c885Otyugh^-: ^0xffbed7d7Takes 14 slashing damage from Minsc^-
2026-09-04 15:00:35.875 BaldursGateIIEnhancedEdition[26058:118586130] INFO: LUA: A7LOG	502	12990960	645474	Day 2, Hour 0 (4 Mirtul, 1369)	WORLD_QUICKLOOT	^0xffffb3f3Imoen^-: ^0xffbed7d7Attacks Otyugh^-
2026-09-04 15:00:37.100 BaldursGateIIEnhancedEdition[26058:118586130] INFO: LUA: A7LOG	503	12992040	646700	Day 2, Hour 0 (4 Mirtul, 1369)	WORLD_QUICKLOOT	^0xffbed7d7Imoen^-: ^0xffbed7d7Roll:9 +Luck:0 +SpecialAC:0  +HitMod:0  +Attack of Opportunity:0  +Berserk:0  +Right:3 (+Weapon Bonus 1+Launcher 0+Proficiency 0+Dex 2+Missile 0+Racial 0+Effects 0) +Invisible:0  +Invisible Target:0  +Range:0  +Hated Race:0  +Special Target:0  +Protections:0 ^-
2026-09-04 15:00:37.101 BaldursGateIIEnhancedEdition[26058:118586130] INFO: LUA: A7LOG	504	12992040	646700	Day 2, Hour 0 (4 Mirtul, 1369)	WORLD_QUICKLOOT	^0xffffb3f3Imoen^-: ^0xffbed7d7Attack Roll 9 + 3 = 12 : Miss^-
2026-09-04 15:00:37.445 BaldursGateIIEnhancedEdition[26058:118586130] INFO: LUA: A7LOG	505	12992340	647045	Day 2, Hour 0 (4 Mirtul, 1369)	WORLD_QUICKLOOT	^0xffd5c885Otyugh^-: ^0xffbed7d7Attacks Skeleton Warrior^-
2026-09-04 15:00:38.559 BaldursGateIIEnhancedEdition[26058:118586130] INFO: LUA: A7LOG	506	12993360	648159	Day 2, Hour 0 (4 Mirtul, 1369)	WORLD_QUICKLOOT	^0xffbed7d7Minsc^-: ^0xffbed7d7Roll:2 +Luck:0 +SpecialAC:0  +HitMod:0  +Attack of Opportunity:0  +Berserk:0  +Right:3 (+Weapon Bonus 0+Proficiency 1+STR 1+STREX 1+Melee bonus 0+Racial 0+Effects 0) +Invisible:0  +Invisible Target:0  +Range:0  +Hated Race:0  +Special Target:0  +Protections:0 ^-
2026-09-04 15:00:38.559 BaldursGateIIEnhancedEdition[26058:118586130] INFO: LUA: A7LOG	507	12993360	648159	Day 2, Hour 0 (4 Mirtul, 1369)	WORLD_QUICKLOOT	^0xffc0a1aaMinsc^-: ^0xffbed7d7Attack Roll 2 + 3 = 5 : Miss^-
2026-09-04 15:00:38.935 BaldursGateIIEnhancedEdition[26058:118586130] INFO: LUA: A7LOG	508	12993660	648534	Day 2, Hour 0 (4 Mirtul, 1369)	WORLD_QUICKLOOT	^0xff018bffSkeleton Warrior^-: ^0xffbed7d7Attacks Otyugh^-
2026-09-04 15:00:39.482 BaldursGateIIEnhancedEdition[26058:118586130] INFO: LUA: A7LOG	509	12994140	649082	Day 2, Hour 0 (4 Mirtul, 1369)	WORLD_QUICKLOOT	^0xffbed7d7Otyugh^-: ^0xffbed7d7Roll:10 +Luck:0 +SpecialAC:0  +HitMod:0  +Attack of Opportunity:0  +Berserk:0  +Right:0 (+Weapon Bonus 0+Proficiency 0+STR 0+STREX 0+Melee bonus 0+Racial 0+Effects 0) +Invisible:0  +Invisible Target:0  +Range:0  +Hated Race:0  +Special Target:0  +Protections:0 ^-
2026-09-04 15:00:39.483 BaldursGateIIEnhancedEdition[26058:118586130] INFO: LUA: A7LOG	510	12994140	649082	Day 2, Hour 0 (4 Mirtul, 1369)	WORLD_QUICKLOOT	^0xffd5c885Otyugh^-: ^0xffbed7d7Attack Roll 10 + 0 = 10 : Hit^-
2026-09-04 15:00:39.483 BaldursGateIIEnhancedEdition[26058:118586130] INFO: LUA: A7LOG	511	12994140	649082	Day 2, Hour 0 (4 Mirtul, 1369)	WORLD_QUICKLOOT	^0xffbed7d7Otyugh^-: ^0xffbed7d7Roll:2  +DamageMod:0  +Hand bonus:0 (+Proficiency 0+Melee bonus 0+Effects 0) +Attack of Opportunity:0  *Backstab:0  +Berserk:0  +Strength:0  +Hated Race:0  +Special Bonus:0 ^-
2026-09-04 15:00:39.483 BaldursGateIIEnhancedEdition[26058:118586130] INFO: LUA: A7LOG	512	12994140	649082	Day 2, Hour 0 (4 Mirtul, 1369)	WORLD_QUICKLOOT	^0xff018bffSkeleton Warrior^-: ^0xffbed7d7Takes 2 crushing damage from Otyugh^-
2026-09-04 15:00:39.820 BaldursGateIIEnhancedEdition[26058:118586130] INFO: LUA: A7LOG	513	12994440	649419	Day 2, Hour 0 (4 Mirtul, 1369)	WORLD_QUICKLOOT	^0xffbed7d7Imoen^-: ^0xffbed7d7Roll:14 +Luck:0 +SpecialAC:0  +HitMod:0  +Attack of Opportunity:0  +Berserk:0  +Right:3 (+Weapon Bonus 1+Launcher 0+Proficiency 0+Dex 2+Missile 0+Racial 0+Effects 0) +Invisible:0  +Invisible Target:0  +Range:0  +Hated Race:0  +Special Target:0  +Protections:0 ^-
2026-09-04 15:00:39.820 BaldursGateIIEnhancedEdition[26058:118586130] INFO: LUA: A7LOG	514	12994440	649419	Day 2, Hour 0 (4 Mirtul, 1369)	WORLD_QUICKLOOT	^0xffffb3f3Imoen^-: ^0xffbed7d7Attack Roll 14 + 3 = 17 : Hit^-
2026-09-04 15:00:39.820 BaldursGateIIEnhancedEdition[26058:118586130] INFO: LUA: A7LOG	515	12994440	649419	Day 2, Hour 0 (4 Mirtul, 1369)	WORLD_QUICKLOOT	^0xffbed7d7Imoen^-: ^0xffbed7d7Roll:1  +DamageMod:0  +Hand bonus:0 (+Proficiency 0+Missile 0+Effects 0) +Attack of Opportunity:0  *Backstab:0  +Berserk:0  +Strength:0  +Hated Race:0  +Special Bonus:0 ^-
2026-09-04 15:00:40.131 BaldursGateIIEnhancedEdition[26058:118586130] INFO: LUA: A7LOG	516	12994740	649730	Day 2, Hour 0 (4 Mirtul, 1369)	WORLD_QUICKLOOT	^0xffd5c885Imoen^-: ^0xffbed7d7Otyugh was immune to my damage.^-
2026-09-04 15:00:40.403 BaldursGateIIEnhancedEdition[26058:118586130] INFO: LUA: A7LOG	517	12994980	650003	Day 2, Hour 0 (4 Mirtul, 1369)	WORLD_QUICKLOOT	^0xffcb967dBooprikt^-: ^0xffbed7d7Critical Miss^-
2026-09-04 15:00:40.403 BaldursGateIIEnhancedEdition[26058:118586130] INFO: LUA: A7LOG	518	12994980	650003	Day 2, Hour 0 (4 Mirtul, 1369)	WORLD_QUICKLOOT	^0xffcb967dBooprikt^-: ^0xffd7c8a0Ooh! You wily bastard.^-
2026-09-04 15:00:40.403 BaldursGateIIEnhancedEdition[26058:118586130] INFO: LUA: A7LOG	519	12994980	650003	Day 2, Hour 0 (4 Mirtul, 1369)	WORLD_QUICKLOOT	^0xffbed7d7Booprikt^-: ^0xffbed7d7Roll:1 +Luck:0 +SpecialAC:0  +HitMod:0  +Attack of Opportunity:0  +Berserk:0  +Right:2 (+Weapon Bonus 0+Launcher 0+Proficiency 0+Dex 2+Missile 0+Racial 0+Effects 0) +Invisible:0  +Invisible Target:0  +Range:0  +Hated Race:0  +Special Target:0  +Protections:0 ^-
2026-09-04 15:00:40.403 BaldursGateIIEnhancedEdition[26058:118586130] INFO: LUA: A7LOG	520	12994980	650003	Day 2, Hour 0 (4 Mirtul, 1369)	WORLD_QUICKLOOT	^0xffcb967dBooprikt^-: ^0xffbed7d7Attack Roll 1 + 2 = 3 : Miss^-
2026-09-04 15:00:41.734 BaldursGateIIEnhancedEdition[26058:118586130] INFO: LUA: A7LOG	521	12996120	651334	Day 2, Hour 0 (4 Mirtul, 1369)	WORLD_QUICKLOOT	^0xffd5c885Otyugh^-: ^0xffbed7d7Attacks Skeleton Warrior^-
2026-09-04 15:00:42.141 BaldursGateIIEnhancedEdition[26058:118586130] INFO: LUA: A7LOG	522	12996480	651740	Day 2, Hour 0 (4 Mirtul, 1369)	WORLD_QUICKLOOT	^0xffbed7d7Jaheira^-: ^0xffbed7d7Roll:17 +Luck:0 +SpecialAC:0  +HitMod:0  +Attack of Opportunity:0  +Berserk:0  +Right:2 (+Weapon Bonus 2+Proficiency 0+STR 0+STREX 0+Melee bonus 0+Racial 0+Effects 0) +Invisible:0  +Invisible Target:0  +Range:0  +Hated Race:0  +Special Target:0  +Protections:0 ^-
2026-09-04 15:00:42.141 BaldursGateIIEnhancedEdition[26058:118586130] INFO: LUA: A7LOG	523	12996480	651740	Day 2, Hour 0 (4 Mirtul, 1369)	WORLD_QUICKLOOT	^0xffd6bd9fJaheira^-: ^0xffbed7d7Attack Roll 17 + 2 = 19 : Hit^-
2026-09-04 15:00:42.141 BaldursGateIIEnhancedEdition[26058:118586130] INFO: LUA: A7LOG	524	12996480	651741	Day 2, Hour 0 (4 Mirtul, 1369)	WORLD_QUICKLOOT	^0xffbed7d7Jaheira^-: ^0xffbed7d7Roll:4  +DamageMod:0  +Hand bonus:0 (+Proficiency 0+Melee bonus 0+Effects 0) +Attack of Opportunity:0  *Backstab:0  +Berserk:0  +Strength:0  +Hated Race:0  +Special Bonus:0 ^-
2026-09-04 15:00:42.141 BaldursGateIIEnhancedEdition[26058:118586130] INFO: LUA: A7LOG	525	12996480	651741	Day 2, Hour 0 (4 Mirtul, 1369)	WORLD_QUICKLOOT	^0xffd5c885Otyugh^-: ^0xffbed7d7Takes 4 piercing damage from Jaheira^-
2026-09-04 15:00:42.409 BaldursGateIIEnhancedEdition[26058:118586130] INFO: LUA: A7LOG	526	12996720	652008	Day 2, Hour 0 (4 Mirtul, 1369)	WORLD_QUICKLOOT	^0xffbed7d7Skeleton Warrior^-: ^0xffbed7d7Roll:7 +Luck:0 +SpecialAC:0  +HitMod:0  +Attack of Opportunity:0  +Berserk:0  +Right:3 (+Weapon Bonus 0+Proficiency 3+STR 0+STREX 0+Melee bonus 0+Racial 0+Effects 0) +Invisible:0  +Invisible Target:0  +Range:0  +Hated Race:0  +Special Target:0  +Protections:0 ^-
2026-09-04 15:00:42.409 BaldursGateIIEnhancedEdition[26058:118586130] INFO: LUA: A7LOG	527	12996720	652008	Day 2, Hour 0 (4 Mirtul, 1369)	WORLD_QUICKLOOT	^0xff018bffSkeleton Warrior^-: ^0xffbed7d7Attack Roll 7 + 3 = 10 : Miss^-
2026-09-04 15:00:42.749 BaldursGateIIEnhancedEdition[26058:118586130] INFO: LUA: A7LOG	528	12997020	652349	Day 2, Hour 0 (4 Mirtul, 1369)	WORLD_QUICKLOOT	^0xffbed7d7Otyugh^-: ^0xffbed7d7Roll:3 +Luck:0 +SpecialAC:0  +HitMod:0  +Attack of Opportunity:0  +Berserk:0  +Right:0 (+Weapon Bonus 0+Proficiency 0+STR 0+STREX 0+Melee bonus 0+Racial 0+Effects 0) +Invisible:0  +Invisible Target:0  +Range:0  +Hated Race:0  +Special Target:0  +Protections:0 ^-
2026-09-04 15:00:42.749 BaldursGateIIEnhancedEdition[26058:118586130] INFO: LUA: A7LOG	529	12997020	652349	Day 2, Hour 0 (4 Mirtul, 1369)	WORLD_QUICKLOOT	^0xffd5c885Otyugh^-: ^0xffbed7d7Attack Roll 3 + 0 = 3 : Miss^-
2026-09-04 15:00:42.990 BaldursGateIIEnhancedEdition[26058:118586130] INFO: LUA: A7LOG	530	12997260	652589	Day 2, Hour 0 (4 Mirtul, 1369)	WORLD_QUICKLOOT	^0xffbed7d7Minsc^-: ^0xffbed7d7Roll:2 +Luck:0 +SpecialAC:0  +HitMod:0  +Attack of Opportunity:0  +Berserk:0  +Right:3 (+Weapon Bonus 0+Proficiency 1+STR 1+STREX 1+Melee bonus 0+Racial 0+Effects 0) +Invisible:0  +Invisible Target:0  +Range:0  +Hated Race:0  +Special Target:0  +Protections:0 ^-
2026-09-04 15:00:42.990 BaldursGateIIEnhancedEdition[26058:118586130] INFO: LUA: A7LOG	531	12997260	652590	Day 2, Hour 0 (4 Mirtul, 1369)	WORLD_QUICKLOOT	^0xffc0a1aaMinsc^-: ^0xffbed7d7Attack Roll 2 + 3 = 5 : Miss^-
2026-09-04 15:00:43.908 BaldursGateIIEnhancedEdition[26058:118586130] INFO: LUA: A7LOG	532	12998040	653508	Day 2, Hour 0 (4 Mirtul, 1369)	WORLD_QUICKLOOT	^0xffbed7d7Imoen^-: ^0xffbed7d7Roll:15 +Luck:0 +SpecialAC:0  +HitMod:0  +Attack of Opportunity:0  +Berserk:0  +Right:3 (+Weapon Bonus 1+Launcher 0+Proficiency 0+Dex 2+Missile 0+Racial 0+Effects 0) +Invisible:0  +Invisible Target:0  +Range:0  +Hated Race:0  +Special Target:0  +Protections:0 ^-
2026-09-04 15:00:43.908 BaldursGateIIEnhancedEdition[26058:118586130] INFO: LUA: A7LOG	533	12998040	653508	Day 2, Hour 0 (4 Mirtul, 1369)	WORLD_QUICKLOOT	^0xffffb3f3Imoen^-: ^0xffbed7d7Attack Roll 15 + 3 = 18 : Hit^-
2026-09-04 15:00:43.908 BaldursGateIIEnhancedEdition[26058:118586130] INFO: LUA: A7LOG	534	12998040	653508	Day 2, Hour 0 (4 Mirtul, 1369)	WORLD_QUICKLOOT	^0xffbed7d7Imoen^-: ^0xffbed7d7Roll:6  +DamageMod:0  +Hand bonus:0 (+Proficiency 0+Missile 0+Effects 0) +Attack of Opportunity:0  *Backstab:0  +Berserk:0  +Strength:0  +Hated Race:0  +Special Bonus:0 ^-
2026-09-04 15:00:44.219 BaldursGateIIEnhancedEdition[26058:118586130] INFO: LUA: A7LOG	535	12998340	653818	Day 2, Hour 0 (4 Mirtul, 1369)	WORLD_QUICKLOOT	^0xffd5c885Imoen^-: ^0xffbed7d7Otyugh was immune to my damage.^-
2026-09-04 15:00:45.066 BaldursGateIIEnhancedEdition[26058:118586130] INFO: LUA: A7LOG	536	12999060	654665	Day 2, Hour 0 (4 Mirtul, 1369)	WORLD_QUICKLOOT	^0xffd5c885Otyugh^-: ^0xffbed7d7Attacks Skeleton Warrior^-
2026-09-04 15:00:45.644 BaldursGateIIEnhancedEdition[26058:118586130] INFO: sAchieveID=NONE,m_sGlobalName=SPRITE_IS_DEADNone,m_nValue=1
2026-09-04 15:00:45.656 BaldursGateIIEnhancedEdition[26058:118586130] INFO: LUA: A7LOG	537	12999600	655256	Day 2, Hour 0 (4 Mirtul, 1369)	WORLD_QUICKLOOT	^0xffbed7d7Minsc^-: ^0xffbed7d7Roll:8 +Luck:0 +SpecialAC:0  +HitMod:0  +Attack of Opportunity:0  +Berserk:0  +Right:3 (+Weapon Bonus 0+Proficiency 1+STR 1+STREX 1+Melee bonus 0+Racial 0+Effects 0) +Invisible:0  +Invisible Target:0  +Range:0  +Hated Race:0  +Special Target:0  +Protections:0 ^-
2026-09-04 15:00:45.656 BaldursGateIIEnhancedEdition[26058:118586130] INFO: LUA: A7LOG	538	12999600	655256	Day 2, Hour 0 (4 Mirtul, 1369)	WORLD_QUICKLOOT	^0xffc0a1aaMinsc^-: ^0xffbed7d7Attack Roll 8 + 3 = 11 : Hit^-
2026-09-04 15:00:45.656 BaldursGateIIEnhancedEdition[26058:118586130] INFO: LUA: A7LOG	539	12999600	655256	Day 2, Hour 0 (4 Mirtul, 1369)	WORLD_QUICKLOOT	^0xffbed7d7Minsc^-: ^0xffbed7d7Roll:4  +DamageMod:0  +Hand bonus:0 (+Proficiency 2+Melee bonus 0+Effects 0) +Attack of Opportunity:0  *Backstab:0  +Berserk:0  +Strength:5  +Hated Race:0  +Special Bonus:0 ^-
2026-09-04 15:00:45.656 BaldursGateIIEnhancedEdition[26058:118586130] INFO: LUA: A7LOG	540	12999600	655256	Day 2, Hour 0 (4 Mirtul, 1369)	WORLD_QUICKLOOT	^0xffd5c885Otyugh^-: ^0xffbed7d7Takes 11 slashing damage from Minsc^-
2026-09-04 15:00:45.656 BaldursGateIIEnhancedEdition[26058:118586130] INFO: LUA: A7LOG	541	12999600	655256	Day 2, Hour 0 (4 Mirtul, 1369)	WORLD_QUICKLOOT	^0xffd5c885Otyugh^-: ^0xffbed7d7Death^-
2026-09-04 15:00:45.848 BaldursGateIIEnhancedEdition[26058:118586130] INFO: LUA: A7LOG	542	12999780	655448	Day 2, Hour 0 (4 Mirtul, 1369)	WORLD_QUICKLOOT	^0xffc8ffc8The Party Has Gained Experience: 650^-
2026-09-04 15:00:46.397 BaldursGateIIEnhancedEdition[26058:118586130] INFO: LUA: A7LOG	543	13000260	655996	Day 2, Hour 0 (4 Mirtul, 1369)	WORLD_QUICKLOOT	^0xffffb3f3Imoen^-: ^0xffbed7d7Detecting Traps / Illusions^-
2026-09-04 15:00:46.765 BaldursGateIIEnhancedEdition[26058:118586130] INFO: LUA: A7LOG	544	13000560	656364	Day 2, Hour 0 (4 Mirtul, 1369)	WORLD_QUICKLOOT	^0xffcb967dBooprikt^-: ^0xffbed7d7Detecting Traps / Illusions^-
2026-09-04 15:00:48.724 BaldursGateIIEnhancedEdition[26058:118586130] INFO: LUA: A7LOG	545	13002300	658324	Day 2, Hour 0 (4 Mirtul, 1369)	WORLD_QUICKLOOT	^0xffcb967dBooprikt^-: ^0xffd7c8a0Hmm?^-
2026-09-04 15:00:50.139 BaldursGateIIEnhancedEdition[26058:118586130] INFO: LUA: A7LOG	546	13003500	659738	Day 2, Hour 0 (4 Mirtul, 1369)	WORLD_QUICKLOOT	^0xffcb967dBooprikt^-: ^0xffd7c8a0Very well.^-
2026-09-04 15:00:55.959 BaldursGateIIEnhancedEdition[26058:118586130] INFO: LUA: A7LOG	547	13008540	665559	Day 2, Hour 0 (4 Mirtul, 1369)	WORLD_QUICKLOOT	^0xffcb967dBooprikt^-: ^0xffbed7d7Stopped Detecting Traps / Illusions^-
2026-09-04 15:00:56.712 BaldursGateIIEnhancedEdition[26058:118586130] INFO: LUA: A7LOG	548	13009200	666311	Day 2, Hour 0 (4 Mirtul, 1369)	WORLD_QUICKLOOT	^0xffcb967dBooprikt^-: ^0xffbed7d7Detecting Traps / Illusions^-
2026-09-04 15:01:01.487 BaldursGateIIEnhancedEdition[26058:118586130] INFO: LUA: A7LOG	549	13013280	671087	Day 2, Hour 0 (4 Mirtul, 1369)	WORLD_QUICKLOOT	^0xffd6bd9fJaheira^-: ^0xffd7c8a0I am ready.^-
2026-09-04 15:01:01.942 BaldursGateIIEnhancedEdition[26058:118586130] INFO: LUA: A7LOG	550	13013640	671541	Day 2, Hour 0 (4 Mirtul, 1369)	WORLD_QUICKLOOT	^0xffd6bd9fJaheira^-: ^0xffd7c8a0I thought as much.^-
2026-09-04 15:01:09.789 BaldursGateIIEnhancedEdition[26058:118586130] INFO: LUA: A7LOG	551	13020360	679388	Day 2, Hour 0 (4 Mirtul, 1369)	WORLD_QUICKLOOT	^0xff0000ffPAUSED^-
2026-09-04 15:01:09.823 BaldursGateIIEnhancedEdition[26058:118586130] INFO: LUA: A7LOG	552	13020360	679423	Day 2, Hour 0 (4 Mirtul, 1369)	WORLD_QUICKLOOT	^0xffd6bd9fJaheira^-: ^0xffbed7d7Auto-Paused: Enemy Sighted^-
2026-09-04 15:01:13.121 BaldursGateIIEnhancedEdition[26058:118586130] INFO: LUA: A7LOG	553	13020420	682721	Day 2, Hour 0 (4 Mirtul, 1369)	WORLD_QUICKLOOT	^0xff0000ffUNPAUSED^-
2026-09-04 15:01:13.361 BaldursGateIIEnhancedEdition[26058:118586130] INFO: LUA: A7LOG	554	13020600	682961	Day 2, Hour 0 (4 Mirtul, 1369)	WORLD_QUICKLOOT	^0xff848484Goblin^-: ^0xffbed7d7Attacks Jaheira^-
2026-09-04 15:01:16.755 BaldursGateIIEnhancedEdition[26058:118586130] INFO: LUA: A7LOG	555	13023540	686355	Day 2, Hour 0 (4 Mirtul, 1369)	WORLD_QUICKLOOT	^0xffd6bd9fJaheira^-: ^0xffd7c8a0It is about time.^-
2026-09-04 15:01:18.004 BaldursGateIIEnhancedEdition[26058:118586130] INFO: LUA: A7LOG	556	13024620	687604	Day 2, Hour 0 (4 Mirtul, 1369)	WORLD_QUICKLOOT	^0xff746688Goblin^-: ^0xffbed7d7Attacks Skeleton Warrior^-
2026-09-04 15:01:18.371 BaldursGateIIEnhancedEdition[26058:118586130] INFO: LUA: A7LOG	557	13024980	687970	Day 2, Hour 0 (4 Mirtul, 1369)	WORLD_QUICKLOOT	^0xff94aef3Goblin^-: ^0xffbed7d7Attacks Skeleton Warrior^-
2026-09-04 15:01:18.611 BaldursGateIIEnhancedEdition[26058:118586130] INFO: LUA: A7LOG	558	13025160	688210	Day 2, Hour 0 (4 Mirtul, 1369)	WORLD_QUICKLOOT	^0xff018bffSkeleton Warrior^-: ^0xffbed7d7Attacks Goblin^-
2026-09-04 15:01:18.724 BaldursGateIIEnhancedEdition[26058:118586130] INFO: LUA: A7LOG	559	13025280	688323	Day 2, Hour 0 (4 Mirtul, 1369)	WORLD_QUICKLOOT	^0xffd6bd9fJaheira^-: ^0xffd7c8a0As you would have it.^-
2026-09-04 15:01:20.209 BaldursGateIIEnhancedEdition[26058:118586130] INFO: LUA: A7LOG	560	13026480	689809	Day 2, Hour 0 (4 Mirtul, 1369)	WORLD_QUICKLOOT	^0xff0000ffPAUSED^-
2026-09-04 15:01:20.239 BaldursGateIIEnhancedEdition[26058:118586130] INFO: LUA: A7LOG	561	13026480	689838	Day 2, Hour 0 (4 Mirtul, 1369)	WORLD_QUICKLOOT	^0xffc0a1aaMinsc^-: ^0xffbed7d7Auto-Paused: Enemy Sighted^-
2026-09-04 15:01:20.897 BaldursGateIIEnhancedEdition[26058:118586130] INFO: LUA: A7LOG	562	13026480	690497	Day 2, Hour 0 (4 Mirtul, 1369)	WORLD_QUICKLOOT	^0xff0000ffUNPAUSED^-
2026-09-04 15:01:21.592 BaldursGateIIEnhancedEdition[26058:118586130] INFO: sAchieveID=NONE,m_sGlobalName=SPRITE_IS_DEADNone,m_nValue=1
2026-09-04 15:01:21.595 BaldursGateIIEnhancedEdition[26058:118586130] INFO: LUA: A7LOG	563	13027080	691195	Day 2, Hour 0 (4 Mirtul, 1369)	WORLD_QUICKLOOT	^0xffbed7d7Skeleton Warrior^-: ^0xffbed7d7Roll:8 +Luck:0 +SpecialAC:0  +HitMod:0  +Attack of Opportunity:0  +Berserk:0  +Right:3 (+Weapon Bonus 0+Proficiency 3+STR 0+STREX 0+Melee bonus 0+Racial 0+Effects 0) +Invisible:0  +Invisible Target:0  +Range:0  +Hated Race:0  +Special Target:0  +Protections:0 ^-
2026-09-04 15:01:21.595 BaldursGateIIEnhancedEdition[26058:118586130] INFO: LUA: A7LOG	564	13027080	691195	Day 2, Hour 0 (4 Mirtul, 1369)	WORLD_QUICKLOOT	^0xff018bffSkeleton Warrior^-: ^0xffbed7d7Attack Roll 8 + 3 = 11 : Hit^-
2026-09-04 15:01:21.595 BaldursGateIIEnhancedEdition[26058:118586130] INFO: LUA: A7LOG	565	13027080	691195	Day 2, Hour 0 (4 Mirtul, 1369)	WORLD_QUICKLOOT	^0xffbed7d7Skeleton Warrior^-: ^0xffbed7d7Roll:2  +DamageMod:0  +Hand bonus:0 (+Proficiency 5+Melee bonus 0+Effects 0) +Attack of Opportunity:0  *Backstab:0  +Berserk:0  +Strength:1  +Hated Race:0  +Special Bonus:0 ^-
2026-09-04 15:01:21.595 BaldursGateIIEnhancedEdition[26058:118586130] INFO: LUA: A7LOG	566	13027080	691195	Day 2, Hour 0 (4 Mirtul, 1369)	WORLD_QUICKLOOT	^0xff848484Goblin^-: ^0xffbed7d7Takes 8 slashing damage from Skeleton Warrior^-
2026-09-04 15:01:21.595 BaldursGateIIEnhancedEdition[26058:118586130] INFO: LUA: A7LOG	567	13027080	691195	Day 2, Hour 0 (4 Mirtul, 1369)	WORLD_QUICKLOOT	^0xff848484Goblin^-: ^0xffbed7d7Death^-
2026-09-04 15:01:21.894 BaldursGateIIEnhancedEdition[26058:118586130] INFO: LUA: A7LOG	568	13027380	691493	Day 2, Hour 0 (4 Mirtul, 1369)	WORLD_QUICKLOOT	^0xffc0a1aaMinsc^-: ^0xffbed7d7Attacks Goblin^-
2026-09-04 15:01:22.609 BaldursGateIIEnhancedEdition[26058:118586130] INFO: LUA: A7LOG	569	13027980	692209	Day 2, Hour 0 (4 Mirtul, 1369)	WORLD_QUICKLOOT	^0xffc8ffc8The Party Has Gained Experience: 20^-
2026-09-04 15:01:22.610 BaldursGateIIEnhancedEdition[26058:118586130] INFO: LUA: A7LOG	570	13027980	692209	Day 2, Hour 0 (4 Mirtul, 1369)	WORLD_QUICKLOOT	^0xff018bffSkeleton Warrior^-: ^0xffbed7d7Attacks Goblin^-
2026-09-04 15:01:23.046 BaldursGateIIEnhancedEdition[26058:118586130] INFO: LUA: A7LOG	571	13028280	692646	Day 2, Hour 0 (4 Mirtul, 1369)	WORLD_QUICKLOOT	^0xff0000ffPAUSED^-
2026-09-04 15:01:24.974 BaldursGateIIEnhancedEdition[26058:118586130] INFO: LUA: A7LOG	572	13028280	694574	Day 2, Hour 0 (4 Mirtul, 1369)	WORLD_QUICKLOOT	^0xffc0a1aaMinsc^-: ^0xffd7c8a0Minsc and Boo stand ready.^-
2026-09-04 15:01:27.202 BaldursGateIIEnhancedEdition[26058:118586130] INFO: LUA: A7LOG	573	13028280	696801	Day 2, Hour 0 (4 Mirtul, 1369)	WORLD_QUICKLOOT	^0xff0000ffUNPAUSED^-
2026-09-04 15:01:28.023 BaldursGateIIEnhancedEdition[26058:118586130] INFO: LUA: A7LOG	574	13028940	697622	Day 2, Hour 0 (4 Mirtul, 1369)	WORLD_QUICKLOOT	^0xff0000ffPAUSED^-
2026-09-04 15:01:28.590 BaldursGateIIEnhancedEdition[26058:118586130] INFO: LUA: A7LOG	575	13028940	698189	Day 2, Hour 0 (4 Mirtul, 1369)	WORLD_QUICKLOOT	^0xffc0a1aaMinsc^-: ^0xffd7c8a0Every hamster has his day.^-
2026-09-04 15:01:29.363 BaldursGateIIEnhancedEdition[26058:118586130] INFO: LUA: A7LOG	576	13028940	698962	Day 2, Hour 0 (4 Mirtul, 1369)	WORLD_QUICKLOOT	^0xffc0a1aaMinsc^-: ^0xffd7c8a0Butt-kicking for goodness!^-
2026-09-04 15:01:29.499 BaldursGateIIEnhancedEdition[26058:118586130] INFO: LUA: A7LOG	577	13028940	699098	Day 2, Hour 0 (4 Mirtul, 1369)	WORLD_QUICKLOOT	^0xff0000ffUNPAUSED^-
2026-09-04 15:01:30.051 BaldursGateIIEnhancedEdition[26058:118586130] INFO: LUA: A7LOG	578	13029420	699650	Day 2, Hour 0 (4 Mirtul, 1369)	WORLD_QUICKLOOT	^0xffbed7d7Goblin^-: ^0xffbed7d7Roll:19 +Luck:0 +SpecialAC:0  +HitMod:0  +Attack of Opportunity:0  +Berserk:0  +Right:0 (+Weapon Bonus 0+Proficiency 0+STR 0+STREX 0+Melee bonus 0+Racial 0+Effects 0) +Invisible:0  +Invisible Target:0  +Range:0  +Hated Race:0  +Special Target:0  +Protections:0 ^-
2026-09-04 15:01:30.051 BaldursGateIIEnhancedEdition[26058:118586130] INFO: LUA: A7LOG	579	13029420	699650	Day 2, Hour 0 (4 Mirtul, 1369)	WORLD_QUICKLOOT	^0xff746688Goblin^-: ^0xffbed7d7Attack Roll 19 + 0 = 19 : Hit^-
2026-09-04 15:01:30.051 BaldursGateIIEnhancedEdition[26058:118586130] INFO: LUA: A7LOG	580	13029420	699650	Day 2, Hour 0 (4 Mirtul, 1369)	WORLD_QUICKLOOT	^0xffbed7d7Goblin^-: ^0xffbed7d7Roll:3  +DamageMod:0  +Hand bonus:0 (+Melee bonus 0+Effects 0) +Attack of Opportunity:0  *Backstab:0  +Berserk:0  +Strength:0  +Hated Race:0  +Special Bonus:0 ^-
2026-09-04 15:01:30.051 BaldursGateIIEnhancedEdition[26058:118586130] INFO: LUA: A7LOG	581	13029420	699650	Day 2, Hour 0 (4 Mirtul, 1369)	WORLD_QUICKLOOT	^0xff018bffSkeleton Warrior^-: ^0xffbed7d7Takes 2 slashing damage from Goblin (1 damage resisted)^-
2026-09-04 15:01:32.386 BaldursGateIIEnhancedEdition[26058:118586130] INFO: sAchieveID=NONE,m_sGlobalName=SPRITE_IS_DEADNone,m_nValue=1
2026-09-04 15:01:32.388 BaldursGateIIEnhancedEdition[26058:118586130] INFO: LUA: A7LOG	582	13031460	701987	Day 2, Hour 0 (4 Mirtul, 1369)	WORLD_QUICKLOOT	^0xffbed7d7Skeleton Warrior^-: ^0xffbed7d7Roll:9 +Luck:0 +SpecialAC:0  +HitMod:0  +Attack of Opportunity:0  +Berserk:0  +Right:3 (+Weapon Bonus 0+Proficiency 3+STR 0+STREX 0+Melee bonus 0+Racial 0+Effects 0) +Invisible:0  +Invisible Target:0  +Range:0  +Hated Race:0  +Special Target:0  +Protections:0 ^-
2026-09-04 15:01:32.388 BaldursGateIIEnhancedEdition[26058:118586130] INFO: LUA: A7LOG	583	13031460	701987	Day 2, Hour 0 (4 Mirtul, 1369)	WORLD_QUICKLOOT	^0xff018bffSkeleton Warrior^-: ^0xffbed7d7Attack Roll 9 + 3 = 12 : Hit^-
2026-09-04 15:01:32.388 BaldursGateIIEnhancedEdition[26058:118586130] INFO: LUA: A7LOG	584	13031460	701987	Day 2, Hour 0 (4 Mirtul, 1369)	WORLD_QUICKLOOT	^0xffbed7d7Skeleton Warrior^-: ^0xffbed7d7Roll:5  +DamageMod:0  +Hand bonus:0 (+Proficiency 5+Melee bonus 0+Effects 0) +Attack of Opportunity:0  *Backstab:0  +Berserk:0  +Strength:1  +Hated Race:0  +Special Bonus:0 ^-
2026-09-04 15:01:32.388 BaldursGateIIEnhancedEdition[26058:118586130] INFO: LUA: A7LOG	585	13031460	701987	Day 2, Hour 0 (4 Mirtul, 1369)	WORLD_QUICKLOOT	^0xff746688Goblin^-: ^0xffbed7d7Takes 11 slashing damage from Skeleton Warrior^-
2026-09-04 15:01:32.388 BaldursGateIIEnhancedEdition[26058:118586130] INFO: LUA: A7LOG	586	13031460	701987	Day 2, Hour 0 (4 Mirtul, 1369)	WORLD_QUICKLOOT	^0xff746688Goblin^-: ^0xffbed7d7Death^-
2026-09-04 15:01:32.658 BaldursGateIIEnhancedEdition[26058:118586130] INFO: LUA: A7LOG	587	13031700	702257	Day 2, Hour 0 (4 Mirtul, 1369)	WORLD_QUICKLOOT	^0xffc8ffc8The Party Has Gained Experience: 20^-
2026-09-04 15:01:34.495 BaldursGateIIEnhancedEdition[26058:118586130] INFO: LUA: A7LOG	588	13033260	704094	Day 2, Hour 0 (4 Mirtul, 1369)	WORLD_QUICKLOOT	^0xff0000ffPAUSED^-
2026-09-04 15:01:36.259 BaldursGateIIEnhancedEdition[26058:118586130] INFO: LUA: A7LOG	589	13033320	705858	Day 2, Hour 0 (4 Mirtul, 1369)	WORLD_QUICKLOOT	^0xff0000ffUNPAUSED^-
2026-09-04 15:01:37.772 BaldursGateIIEnhancedEdition[26058:118586130] INFO: LUA: A7LOG	590	13034640	707371	Day 2, Hour 0 (4 Mirtul, 1369)	WORLD_QUICKLOOT	^0xffc0a1aaMinsc^-: ^0xffd7c8a0Armored, sharpened, and raring to go.^-
2026-09-04 15:01:38.261 BaldursGateIIEnhancedEdition[26058:118586130] INFO: LUA: A7LOG	591	13035060	707860	Day 2, Hour 0 (4 Mirtul, 1369)	WORLD_QUICKLOOT	^0xffc0a1aaMinsc^-: ^0xffd7c8a0Where Minsc goes, evil stands aside.^-
2026-09-04 15:01:39.899 BaldursGateIIEnhancedEdition[26058:118586130] INFO: LUA: A7LOG	592	13036440	709498	Day 2, Hour 0 (4 Mirtul, 1369)	WORLD_QUICKLOOT	^0xff018bffSkeleton Warrior^-: ^0xffbed7d7Attacks Goblin^-
2026-09-04 15:01:41.473 BaldursGateIIEnhancedEdition[26058:118586130] INFO: LUA: A7LOG	593	13037760	711072	Day 2, Hour 0 (4 Mirtul, 1369)	WORLD_QUICKLOOT	^0xff0000ffPAUSED^-
2026-09-04 15:01:41.509 BaldursGateIIEnhancedEdition[26058:118586130] INFO: LUA: A7LOG	594	13037760	711108	Day 2, Hour 0 (4 Mirtul, 1369)	WORLD_QUICKLOOT	^0xffc0a1aaMinsc^-: ^0xffbed7d7Auto-Paused: Enemy Sighted^-
2026-09-04 15:01:41.613 BaldursGateIIEnhancedEdition[26058:118586130] INFO: LUA: A7LOG	595	13037760	711212	Day 2, Hour 0 (4 Mirtul, 1369)	WORLD_QUICKLOOT	^0xff0000ffUNPAUSED^-
2026-09-04 15:01:42.100 BaldursGateIIEnhancedEdition[26058:118586130] INFO: LUA: A7LOG	596	13038180	711699	Day 2, Hour 0 (4 Mirtul, 1369)	WORLD_QUICKLOOT	^0xffd6bd9fJaheira^-: ^0xffd7c8a0Speak your mind.^-
2026-09-04 15:01:42.545 BaldursGateIIEnhancedEdition[26058:118586130] INFO: LUA: A7LOG	597	13038600	712144	Day 2, Hour 0 (4 Mirtul, 1369)	WORLD_QUICKLOOT	^0xffc0a1aaMinsc^-: ^0xffbed7d7Attacks Goblin^-
2026-09-04 15:01:42.795 BaldursGateIIEnhancedEdition[26058:118586130] INFO: LUA: A7LOG	598	13038780	712395	Day 2, Hour 0 (4 Mirtul, 1369)	WORLD_QUICKLOOT	^0xffd6bd9fJaheira^-: ^0xffd7c8a0It is done.^-
2026-09-04 15:01:44.236 BaldursGateIIEnhancedEdition[26058:118586130] INFO: LUA: A7LOG	599	13040040	713836	Day 2, Hour 0 (4 Mirtul, 1369)	WORLD_QUICKLOOT	^0xffbed7d7Skeleton Warrior^-: ^0xffbed7d7Roll:5 +Luck:0 +SpecialAC:0  +HitMod:0  +Attack of Opportunity:0  +Berserk:0  +Right:3 (+Weapon Bonus 0+Proficiency 3+STR 0+STREX 0+Melee bonus 0+Racial 0+Effects 0) +Invisible:0  +Invisible Target:0  +Range:0  +Hated Race:0  +Special Target:0  +Protections:0 ^-
2026-09-04 15:01:44.237 BaldursGateIIEnhancedEdition[26058:118586130] INFO: LUA: A7LOG	600	13040040	713836	Day 2, Hour 0 (4 Mirtul, 1369)	WORLD_QUICKLOOT	^0xff018bffSkeleton Warrior^-: ^0xffbed7d7Attack Roll 5 + 3 = 8 : Miss^-
2026-09-04 15:01:44.549 BaldursGateIIEnhancedEdition[26058:118586130] INFO: LUA: A7LOG	601	13040340	714148	Day 2, Hour 0 (4 Mirtul, 1369)	WORLD_QUICKLOOT	^0xffcb967dBooprikt^-: ^0xffd7c8a0I'm waiting.^-
2026-09-04 15:01:45.378 BaldursGateIIEnhancedEdition[26058:118586130] INFO: LUA: A7LOG	602	13041060	714977	Day 2, Hour 0 (4 Mirtul, 1369)	WORLD_QUICKLOOT	^0xffcb967dBooprikt^-: ^0xffd7c8a0Whatever you want.^-
2026-09-04 15:01:46.070 BaldursGateIIEnhancedEdition[26058:118586130] INFO: LUA: A7LOG	603	13041660	715669	Day 2, Hour 0 (4 Mirtul, 1369)	WORLD_QUICKLOOT	^0xffbed7d7Goblin^-: ^0xffbed7d7Roll:12 +Luck:0 +SpecialAC:0  +HitMod:0  +Attack of Opportunity:0  +Berserk:0  +Right:0 (+Weapon Bonus 0+Proficiency 0+STR 0+STREX 0+Melee bonus 0+Racial 0+Effects 0) +Invisible:0  +Invisible Target:0  +Range:0  +Hated Race:0  +Special Target:0  +Protections:0 ^-
2026-09-04 15:01:46.070 BaldursGateIIEnhancedEdition[26058:118586130] INFO: LUA: A7LOG	604	13041660	715669	Day 2, Hour 0 (4 Mirtul, 1369)	WORLD_QUICKLOOT	^0xff94aef3Goblin^-: ^0xffbed7d7Attack Roll 12 + 0 = 12 : Miss^-
2026-09-04 15:01:46.492 BaldursGateIIEnhancedEdition[26058:118586130] INFO: sAchieveID=NONE,m_sGlobalName=SPRITE_IS_DEADNone,m_nValue=1
2026-09-04 15:01:46.492 BaldursGateIIEnhancedEdition[26058:118586130] INFO: LUA: A7LOG	605	13042020	716092	Day 2, Hour 0 (4 Mirtul, 1369)	WORLD_QUICKLOOT	^0xffbed7d7Minsc^-: ^0xffbed7d7Roll:16 +Luck:0 +SpecialAC:0  +HitMod:0  +Attack of Opportunity:0  +Berserk:0  +Right:3 (+Weapon Bonus 0+Proficiency 1+STR 1+STREX 1+Melee bonus 0+Racial 0+Effects 0) +Invisible:0  +Invisible Target:0  +Range:0  +Hated Race:0  +Special Target:0  +Protections:0 ^-
2026-09-04 15:01:46.492 BaldursGateIIEnhancedEdition[26058:118586130] INFO: LUA: A7LOG	606	13042020	716092	Day 2, Hour 0 (4 Mirtul, 1369)	WORLD_QUICKLOOT	^0xffc0a1aaMinsc^-: ^0xffbed7d7Attack Roll 16 + 3 = 19 : Hit^-
2026-09-04 15:01:46.492 BaldursGateIIEnhancedEdition[26058:118586130] INFO: LUA: A7LOG	607	13042020	716092	Day 2, Hour 0 (4 Mirtul, 1369)	WORLD_QUICKLOOT	^0xffbed7d7Minsc^-: ^0xffbed7d7Roll:1  +DamageMod:0  +Hand bonus:0 (+Proficiency 2+Melee bonus 0+Effects 0) +Attack of Opportunity:0  *Backstab:0  +Berserk:0  +Strength:5  +Hated Race:0  +Special Bonus:0 ^-
2026-09-04 15:01:46.492 BaldursGateIIEnhancedEdition[26058:118586130] INFO: LUA: A7LOG	608	13042020	716092	Day 2, Hour 0 (4 Mirtul, 1369)	WORLD_QUICKLOOT	^0xff94aef3Goblin^-: ^0xffbed7d7Takes 8 slashing damage from Minsc^-
2026-09-04 15:01:46.492 BaldursGateIIEnhancedEdition[26058:118586130] INFO: LUA: A7LOG	609	13042020	716092	Day 2, Hour 0 (4 Mirtul, 1369)	WORLD_QUICKLOOT	^0xff94aef3Goblin^-: ^0xffbed7d7Death^-
2026-09-04 15:01:46.971 BaldursGateIIEnhancedEdition[26058:118586130] INFO: LUA: A7LOG	610	13042440	716570	Day 2, Hour 0 (4 Mirtul, 1369)	WORLD_QUICKLOOT	^0xffc8ffc8The Party Has Gained Experience: 20^-
2026-09-04 15:01:50.454 BaldursGateIIEnhancedEdition[26058:118586130] INFO: LUA: A7LOG	611	13045500	720053	Day 2, Hour 0 (4 Mirtul, 1369)	WORLD_QUICKLOOT	^0xffc0a1aaMinsc^-: ^0xffd7c8a0Boo says, "What?!"^-
2026-09-04 15:01:51.256 BaldursGateIIEnhancedEdition[26058:118586130] INFO: LUA: A7LOG	612	13046160	720856	Day 2, Hour 0 (4 Mirtul, 1369)	WORLD_QUICKLOOT	^0xffc0a1aaMinsc^-: ^0xffd7c8a0Jump on my sword while you can, evil. I won't be as gentle!^-
2026-09-04 15:02:04.139 BaldursGateIIEnhancedEdition[26058:118586130] INFO: LUA: A7LOG	613	13057260	733738	Day 2, Hour 0 (4 Mirtul, 1369)	WORLD_QUICKLOOT	^0xffd6bd9fJaheira^-: ^0xffd7c8a0Nature's servant awaits.^-
2026-09-04 15:02:04.629 BaldursGateIIEnhancedEdition[26058:118586130] INFO: LUA: A7LOG	614	13057680	734228	Day 2, Hour 0 (4 Mirtul, 1369)	WORLD_QUICKLOOT	^0xffd6bd9fJaheira^-: ^0xffd7c8a0I am willing.^-
2026-09-04 15:03:56.411 BaldursGateIIEnhancedEdition[26058:118586130] INFO: LUA: A7LOG	615	13156200	846010	Day 2, Hour 0 (4 Mirtul, 1369)	WORLD_QUICKLOOT	^0xffffb3f3Imoen^-: ^0xffd7c8a0If we're going to do nothing, let's at least find a safer place to do it.^-
2026-09-04 15:04:18.868 BaldursGateIIEnhancedEdition[26058:118586130] INFO: LUA: A7LOG	616	13176000	868466	Day 2, Hour 0 (4 Mirtul, 1369)	WORLD_QUICKLOOT	^0xffffb3f3Imoen^-: ^0xffd7c8a0This place is just too darn creepy. I really want out of here.^-
2026-09-04 15:04:52.046 BaldursGateIIEnhancedEdition[26058:118586130] INFO: LUA: A7LOG	617	13205160	901645	Day 2, Hour 0 (4 Mirtul, 1369)	WORLD_QUICKLOOT	^0xffd6bd9fJaheira^-: ^0xffd7c8a0I await your need.^-
2026-09-04 15:04:53.297 BaldursGateIIEnhancedEdition[26058:118586130] INFO: LUA: A7LOG	618	13206240	902896	Day 2, Hour 0 (4 Mirtul, 1369)	WORLD_QUICKLOOT	^0xffd6bd9fJaheira^-: ^0xffd7c8a0Yes?^-
2026-09-04 15:04:59.969 BaldursGateIIEnhancedEdition[26058:118586130] INFO: LUA: A7LOG	619	13211940	909567	Day 2, Hour 0 (4 Mirtul, 1369)	WORLD_QUICKLOOT	^0xffd6bd9fJaheira^-: ^0xffd7c8a0I go.^-
2026-09-04 15:05:02.620 BaldursGateIIEnhancedEdition[26058:118586130] INFO: LUA: A7LOG	620	13214220	912218	Day 2, Hour 0 (4 Mirtul, 1369)	WORLD_QUICKLOOT	^0xffffb3f3Imoen^-: ^0xffd7c8a0Ready and willing.^-
2026-09-04 15:05:03.500 BaldursGateIIEnhancedEdition[26058:118586130] INFO: LUA: A7LOG	621	13214880	913099	Day 2, Hour 0 (4 Mirtul, 1369)	WORLD_QUICKLOOT	^0xffcb967dBooprikt^-: ^0xffbed7d7Trap Detected^-
2026-09-04 15:05:03.500 BaldursGateIIEnhancedEdition[26058:118586130] INFO: LUA: A7LOG	622	13214880	913099	Day 2, Hour 0 (4 Mirtul, 1369)	WORLD_QUICKLOOT	^0xff0000ffPAUSED^-
2026-09-04 15:05:03.520 BaldursGateIIEnhancedEdition[26058:118586130] INFO: LUA: A7LOG	623	13214880	913119	Day 2, Hour 0 (4 Mirtul, 1369)	WORLD_QUICKLOOT	^0xffcb967dBooprikt^-: ^0xffbed7d7Auto-Paused: Trap Found^-
2026-09-04 15:05:03.733 BaldursGateIIEnhancedEdition[26058:118586130] INFO: LUA: A7LOG	624	13214880	913332	Day 2, Hour 0 (4 Mirtul, 1369)	WORLD_QUICKLOOT	^0xffffb3f3Imoen^-: ^0xffd7c8a0Right you are.^-
2026-09-04 15:05:05.181 BaldursGateIIEnhancedEdition[26058:118586130] INFO: LUA: A7LOG	625	13214940	914779	Day 2, Hour 0 (4 Mirtul, 1369)	WORLD_QUICKLOOT	^0xff0000ffUNPAUSED^-
2026-09-04 15:05:07.497 BaldursGateIIEnhancedEdition[26058:118586130] INFO: LUA: A7LOG	626	13216920	917096	Day 2, Hour 0 (4 Mirtul, 1369)	WORLD_QUICKLOOT	^0xffffb3f3Imoen^-: ^0xffbed7d7Stopped Detecting Traps / Illusions^-
2026-09-04 15:05:08.012 BaldursGateIIEnhancedEdition[26058:118586130] INFO: LUA: A7LOG	627	13217400	917610	Day 2, Hour 0 (4 Mirtul, 1369)	WORLD_QUICKLOOT	^0xffffb3f3Imoen^-: ^0xffbed7d7Detecting Traps / Illusions^-
2026-09-04 15:05:09.519 BaldursGateIIEnhancedEdition[26058:118586130] INFO: LUA: A7LOG	628	13218720	919118	Day 2, Hour 0 (4 Mirtul, 1369)	WORLD_QUICKLOOT	^0xffcb967dBooprikt^-: ^0xffd7c8a0Yes?^-
2026-09-04 15:05:10.567 BaldursGateIIEnhancedEdition[26058:118586130] INFO: LUA: A7LOG	629	13219620	920166	Day 2, Hour 0 (4 Mirtul, 1369)	WORLD_QUICKLOOT	^0xffcb967dBooprikt^-: ^0xffd7c8a0If you say so.^-
2026-09-04 15:05:11.292 BaldursGateIIEnhancedEdition[26058:118586130] INFO: LUA: A7LOG	630	13220220	920891	Day 2, Hour 0 (4 Mirtul, 1369)	WORLD_QUICKLOOT	^0xffffb3f3Imoen^-: ^0xffd7c8a0Somethin' up?^-
2026-09-04 15:05:11.856 BaldursGateIIEnhancedEdition[26058:118586130] INFO: LUA: A7LOG	631	13220700	921454	Day 2, Hour 0 (4 Mirtul, 1369)	WORLD_QUICKLOOT	^0xffffb3f3Imoen^-: ^0xffd7c8a0All right, all right.^-
2026-09-04 15:05:12.030 BaldursGateIIEnhancedEdition[26058:118586130] INFO: LUA: A7LOG	632	13220880	921629	Day 2, Hour 0 (4 Mirtul, 1369)	WORLD_QUICKLOOT	^0xffcb967dBooprikt^-: ^0xffd7c8a0Hmm?^-
2026-09-04 15:05:13.237 BaldursGateIIEnhancedEdition[26058:118586130] INFO: LUA: A7LOG	633	13221900	922836	Day 2, Hour 0 (4 Mirtul, 1369)	WORLD_QUICKLOOT	^0xffcb967dBooprikt^-: ^0xffbed7d7Stopped Detecting Traps / Illusions^-
2026-09-04 15:05:14.818 BaldursGateIIEnhancedEdition[26058:118586130] INFO: LUA: A7LOG	634	13223280	924416	Day 2, Hour 0 (4 Mirtul, 1369)	WORLD_QUICKLOOT	^0xffcb967dBooprikt^-: ^0xffd7c8a0Of course.^-
2026-09-04 15:05:15.207 BaldursGateIIEnhancedEdition[26058:118586130] INFO: LUA: A7LOG	635	13223580	924805	Day 2, Hour 0 (4 Mirtul, 1369)	WORLD_QUICKLOOT	^0xffcb967dBooprikt^-: ^0xffbed7d7Trap Disarmed^-
2026-09-04 15:05:15.238 BaldursGateIIEnhancedEdition[26058:118586130] INFO: LUA: A7LOG	636	13223640	924836	Day 2, Hour 0 (4 Mirtul, 1369)	WORLD_QUICKLOOT	^0xffc8ffc8The Party Has Gained Experience: 1750^-
2026-09-04 15:05:15.923 BaldursGateIIEnhancedEdition[26058:118586130] INFO: LUA: A7LOG	637	13224120	925521	Day 2, Hour 0 (4 Mirtul, 1369)	WORLD_QUICKLOOT	^0xff0000ffPAUSED^-
2026-09-04 15:05:18.676 BaldursGateIIEnhancedEdition[26058:118586130] INFO: LUA: A7LOG	638	13224180	928274	Day 2, Hour 0 (4 Mirtul, 1369)	WORLD_QUICKLOOT	^0xff0000ffUNPAUSED^-
2026-09-04 15:05:20.078 BaldursGateIIEnhancedEdition[26058:118586130] INFO: LUA: A7LOG	639	13225380	929677	Day 2, Hour 0 (4 Mirtul, 1369)	WORLD_QUICKLOOT	^0xffcb967dBooprikt^-: ^0xffbed7d7Detecting Traps / Illusions^-
2026-09-04 15:05:20.253 BaldursGateIIEnhancedEdition[26058:118586130] INFO: LUA: A7LOG	640	13225560	929851	Day 2, Hour 0 (4 Mirtul, 1369)	WORLD_QUICKLOOT	^0xffcb967dBooprikt^-: ^0xffbed7d7Stopped Detecting Traps / Illusions^-
2026-09-04 15:05:23.407 BaldursGateIIEnhancedEdition[26058:118586130] INFO: LUA: A7LOG	641	13228260	933006	Day 2, Hour 0 (4 Mirtul, 1369)	WORLD_QUICKLOOT	^0xffcb967dBooprikt^-: ^0xffbed7d7Detecting Traps / Illusions^-
2026-09-04 15:05:23.477 BaldursGateIIEnhancedEdition[26058:118586130] INFO: LUA: A7LOG	642	13228320	933076	Day 2, Hour 0 (4 Mirtul, 1369)	WORLD_QUICKLOOT	^0xffcb967dBooprikt^-: ^0xffbed7d7Stopped Detecting Traps / Illusions^-
2026-09-04 15:05:28.951 BaldursGateIIEnhancedEdition[26058:118586130] INFO: LUA: A7LOG	643	13233060	938550	Day 2, Hour 1 (4 Mirtul, 1369)	WORLD_QUICKLOOT	^0xffcb967dBooprikt^-: ^0xffbed7d7Detecting Traps / Illusions^-
2026-09-04 15:05:31.782 BaldursGateIIEnhancedEdition[26058:118586130] INFO: LUA: A7LOG	644	13235520	941380	Day 2, Hour 1 (4 Mirtul, 1369)	WORLD_QUICKLOOT	^0xffcb967dBooprikt^-: ^0xffbed7d7Stopped Detecting Traps / Illusions^-
2026-09-04 15:05:31.851 BaldursGateIIEnhancedEdition[26058:118586130] INFO: LUA: A7LOG	645	13235580	941449	Day 2, Hour 1 (4 Mirtul, 1369)	WORLD_QUICKLOOT	^0xffbed7d7LOCKED^-
2026-09-04 15:05:33.366 BaldursGateIIEnhancedEdition[26058:118586130] INFO: LUA: A7LOG	646	13236900	942965	Day 2, Hour 1 (4 Mirtul, 1369)	WORLD_QUICKLOOT	^0xffcb967dBooprikt^-: ^0xffbed7d7Detecting Traps / Illusions^-
2026-09-04 15:05:35.057 BaldursGateIIEnhancedEdition[26058:118586130] INFO: LUA: A7LOG	647	13238340	944655	Day 2, Hour 1 (4 Mirtul, 1369)	WORLD_QUICKLOOT	^0xffcb967dBooprikt^-: ^0xffbed7d7Stopped Detecting Traps / Illusions^-
2026-09-04 15:05:35.057 BaldursGateIIEnhancedEdition[26058:118586130] INFO: LUA: A7LOG	648	13238340	944655	Day 2, Hour 1 (4 Mirtul, 1369)	WORLD_QUICKLOOT	^0xffcb967dBooprikt^-: ^0xffbed7d7Lock Pick Succeeded^-
2026-09-04 15:05:35.087 BaldursGateIIEnhancedEdition[26058:118586130] INFO: LUA: A7LOG	649	13238400	944685	Day 2, Hour 1 (4 Mirtul, 1369)	WORLD_QUICKLOOT	^0xffc8ffc8The Party Has Gained Experience: 400^-
2026-09-04 15:05:42.609 BaldursGateIIEnhancedEdition[26058:118586130] INFO: LUA: A7LOG	650	13244880	952207	Day 2, Hour 1 (4 Mirtul, 1369)	WORLD_QUICKLOOT	^0xffcb967dBooprikt^-: ^0xffbed7d7Detecting Traps / Illusions^-
2026-09-04 15:05:46.832 BaldursGateIIEnhancedEdition[26058:118586130] INFO: LUA: A7LOG	651	13248540	956430	Day 2, Hour 1 (4 Mirtul, 1369)	WORLD_QUICKLOOT	^0xffcb967dBooprikt^-: ^0xffbed7d7Stopped Detecting Traps / Illusions^-
2026-09-04 15:05:46.900 BaldursGateIIEnhancedEdition[26058:118586130] INFO: LUA: A7LOG	652	13248600	956498	Day 2, Hour 1 (4 Mirtul, 1369)	WORLD_QUICKLOOT	^0xffbed7d7LOCKED^-
2026-09-04 15:05:47.793 BaldursGateIIEnhancedEdition[26058:118586130] INFO: LUA: A7LOG	653	13249380	957391	Day 2, Hour 1 (4 Mirtul, 1369)	WORLD_QUICKLOOT	^0xffcb967dBooprikt^-: ^0xffbed7d7Detecting Traps / Illusions^-
2026-09-04 15:05:48.348 BaldursGateIIEnhancedEdition[26058:118586130] INFO: LUA: A7LOG	654	13249860	957946	Day 2, Hour 1 (4 Mirtul, 1369)	WORLD_QUICKLOOT	^0xffcb967dBooprikt^-: ^0xffbed7d7Stopped Detecting Traps / Illusions^-
2026-09-04 15:05:48.900 BaldursGateIIEnhancedEdition[26058:118586130] INFO: LUA: A7LOG	655	13250340	958498	Day 2, Hour 1 (4 Mirtul, 1369)	WORLD_QUICKLOOT	^0xffcb967dBooprikt^-: ^0xffbed7d7Detecting Traps / Illusions^-
2026-09-04 15:05:50.360 BaldursGateIIEnhancedEdition[26058:118586130] INFO: LUA: A7LOG	656	13251600	959958	Day 2, Hour 1 (4 Mirtul, 1369)	WORLD_QUICKLOOT	^0xffcb967dBooprikt^-: ^0xffbed7d7Stopped Detecting Traps / Illusions^-
2026-09-04 15:05:50.360 BaldursGateIIEnhancedEdition[26058:118586130] INFO: LUA: A7LOG	657	13251600	959958	Day 2, Hour 1 (4 Mirtul, 1369)	WORLD_QUICKLOOT	^0xffcb967dBooprikt^-: ^0xffbed7d7Lock Pick Succeeded^-
2026-09-04 15:05:50.395 BaldursGateIIEnhancedEdition[26058:118586130] INFO: LUA: A7LOG	658	13251660	959993	Day 2, Hour 1 (4 Mirtul, 1369)	WORLD_QUICKLOOT	^0xffc8ffc8The Party Has Gained Experience: 400^-
2026-09-04 15:05:58.283 BaldursGateIIEnhancedEdition[26058:118586130] INFO: Font: Added point size (20) for font STONESML
2026-09-04 15:05:58.283 BaldursGateIIEnhancedEdition[26058:118586130] INFO: Font: Added point size (19) for font STONESML
2026-09-04 15:05:58.283 BaldursGateIIEnhancedEdition[26058:118586130] INFO: Font: Added point size (17) for font STONESML
2026-09-04 15:05:58.283 BaldursGateIIEnhancedEdition[26058:118586130] INFO: Font: Added point size (16) for font STONESML
2026-09-04 15:06:15.101 BaldursGateIIEnhancedEdition[26058:118586130] INFO: Font: Added point size (15) for font STONESML
2026-09-04 15:06:15.101 BaldursGateIIEnhancedEdition[26058:118586130] INFO: Font: Added point size (14) for font STONESML
2026-09-04 15:09:34.415 BaldursGateIIEnhancedEdition[26058:118586130] INFO: LUA: A7LOG	659	13258800	1184013	Day 2, Hour 1 (4 Mirtul, 1369)	WORLD_QUICKLOOT	^0xffcb967dBooprikt^-: ^0xffbed7d7Detecting Traps / Illusions^-
2026-09-04 15:09:35.586 BaldursGateIIEnhancedEdition[26058:118586130] INFO: scanning:(0) $HOME/Library/Application Support/Steam/steamapps/common/Baldur's Gate II Enhanced Edition/override
2026-09-04 15:09:35.600 BaldursGateIIEnhancedEdition[26058:118586130] INFO: scanning:(1) $HOME/Library/Application Support/Steam/steamapps/common/Baldur's Gate II Enhanced Edition/scripts
2026-09-04 15:09:35.601 BaldursGateIIEnhancedEdition[26058:118586130] INFO: scanning:(2) $HOME/Library/Application Support/Steam/steamapps/common/Baldur's Gate II Enhanced Edition/sounds
2026-09-04 15:09:35.601 BaldursGateIIEnhancedEdition[26058:118586130] INFO: scanning:(3) $HOME/Library/Application Support/Steam/steamapps/common/Baldur's Gate II Enhanced Edition/lang/en_US/sounds
2026-09-04 15:09:35.605 BaldursGateIIEnhancedEdition[26058:118586130] INFO: scanning:(4) $HOME/Library/Application Support/Steam/steamapps/common/Baldur's Gate II Enhanced Edition/portraits
2026-09-04 15:09:35.605 BaldursGateIIEnhancedEdition[26058:118586130] INFO: scanning:(5) $HOME/Library/Application Support/Steam/steamapps/common/Baldur's Gate II Enhanced Edition/characters
2026-09-04 15:09:35.605 BaldursGateIIEnhancedEdition[26058:118586130] INFO: scanning:(6) $HOME/Library/Application Support/Steam/steamapps/common/Baldur's Gate II Enhanced Edition/movies
2026-09-04 15:09:35.605 BaldursGateIIEnhancedEdition[26058:118586130] INFO: scanning:(7) $HOME/Library/Application Support/Steam/steamapps/common/Baldur's Gate II Enhanced Edition/lang/en_US/movies
2026-09-04 15:09:35.605 BaldursGateIIEnhancedEdition[26058:118586130] INFO: scanning:(8) $HOME/Documents/Baldur's Gate II - Enhanced Edition/override
2026-09-04 15:09:35.605 BaldursGateIIEnhancedEdition[26058:118586130] INFO: scanning:(9) $HOME/Documents/Baldur's Gate II - Enhanced Edition/scripts
2026-09-04 15:09:35.605 BaldursGateIIEnhancedEdition[26058:118586130] INFO: scanning:(10) $HOME/Documents/Baldur's Gate II - Enhanced Edition/sounds
2026-09-04 15:09:35.605 BaldursGateIIEnhancedEdition[26058:118586130] INFO: scanning:(11) $HOME/Documents/Baldur's Gate II - Enhanced Edition/portraits
2026-09-04 15:09:35.605 BaldursGateIIEnhancedEdition[26058:118586130] INFO: scanning:(12) $HOME/Documents/Baldur's Gate II - Enhanced Edition/characters
2026-09-04 15:09:35.605 BaldursGateIIEnhancedEdition[26058:118586130] INFO: scanning:(13) $HOME/Documents/Baldur's Gate II - Enhanced Edition/movies
2026-09-04 15:09:35.637 BaldursGateIIEnhancedEdition[26058:118586130] INFO: scanning:(0) $HOME/Library/Application Support/Steam/steamapps/common/Baldur's Gate II Enhanced Edition/override
2026-09-04 15:09:35.638 BaldursGateIIEnhancedEdition[26058:118586130] INFO: scanning:(1) $HOME/Library/Application Support/Steam/steamapps/common/Baldur's Gate II Enhanced Edition/scripts
2026-09-04 15:09:35.638 BaldursGateIIEnhancedEdition[26058:118586130] INFO: scanning:(2) $HOME/Library/Application Support/Steam/steamapps/common/Baldur's Gate II Enhanced Edition/sounds
2026-09-04 15:09:35.638 BaldursGateIIEnhancedEdition[26058:118586130] INFO: scanning:(3) $HOME/Library/Application Support/Steam/steamapps/common/Baldur's Gate II Enhanced Edition/lang/en_US/sounds
2026-09-04 15:09:35.639 BaldursGateIIEnhancedEdition[26058:118586130] INFO: scanning:(4) $HOME/Library/Application Support/Steam/steamapps/common/Baldur's Gate II Enhanced Edition/portraits
2026-09-04 15:09:35.639 BaldursGateIIEnhancedEdition[26058:118586130] INFO: scanning:(5) $HOME/Library/Application Support/Steam/steamapps/common/Baldur's Gate II Enhanced Edition/characters
2026-09-04 15:09:35.639 BaldursGateIIEnhancedEdition[26058:118586130] INFO: scanning:(6) $HOME/Library/Application Support/Steam/steamapps/common/Baldur's Gate II Enhanced Edition/movies
2026-09-04 15:09:35.639 BaldursGateIIEnhancedEdition[26058:118586130] INFO: scanning:(7) $HOME/Library/Application Support/Steam/steamapps/common/Baldur's Gate II Enhanced Edition/lang/en_US/movies
2026-09-04 15:09:35.639 BaldursGateIIEnhancedEdition[26058:118586130] INFO: scanning:(8) $HOME/Documents/Baldur's Gate II - Enhanced Edition/override
2026-09-04 15:09:35.639 BaldursGateIIEnhancedEdition[26058:118586130] INFO: scanning:(9) $HOME/Documents/Baldur's Gate II - Enhanced Edition/scripts
2026-09-04 15:09:35.639 BaldursGateIIEnhancedEdition[26058:118586130] INFO: scanning:(10) $HOME/Documents/Baldur's Gate II - Enhanced Edition/sounds
2026-09-04 15:09:35.639 BaldursGateIIEnhancedEdition[26058:118586130] INFO: scanning:(11) $HOME/Documents/Baldur's Gate II - Enhanced Edition/portraits
2026-09-04 15:09:35.639 BaldursGateIIEnhancedEdition[26058:118586130] INFO: scanning:(12) $HOME/Documents/Baldur's Gate II - Enhanced Edition/characters
2026-09-04 15:09:35.639 BaldursGateIIEnhancedEdition[26058:118586130] INFO: scanning:(13) $HOME/Documents/Baldur's Gate II - Enhanced Edition/movies
2026-09-04 15:09:35.640 BaldursGateIIEnhancedEdition[26058:118586130] INFO: scanning:(0) $HOME/Library/Application Support/Steam/steamapps/common/Baldur's Gate II Enhanced Edition/override
2026-09-04 15:09:35.641 BaldursGateIIEnhancedEdition[26058:118586130] INFO: scanning:(1) $HOME/Library/Application Support/Steam/steamapps/common/Baldur's Gate II Enhanced Edition/scripts
2026-09-04 15:09:35.641 BaldursGateIIEnhancedEdition[26058:118586130] INFO: scanning:(2) $HOME/Library/Application Support/Steam/steamapps/common/Baldur's Gate II Enhanced Edition/sounds
2026-09-04 15:09:35.641 BaldursGateIIEnhancedEdition[26058:118586130] INFO: scanning:(3) $HOME/Library/Application Support/Steam/steamapps/common/Baldur's Gate II Enhanced Edition/lang/en_US/sounds
2026-09-04 15:09:35.642 BaldursGateIIEnhancedEdition[26058:118586130] INFO: scanning:(4) $HOME/Library/Application Support/Steam/steamapps/common/Baldur's Gate II Enhanced Edition/portraits
2026-09-04 15:09:35.642 BaldursGateIIEnhancedEdition[26058:118586130] INFO: scanning:(5) $HOME/Library/Application Support/Steam/steamapps/common/Baldur's Gate II Enhanced Edition/characters
2026-09-04 15:09:35.642 BaldursGateIIEnhancedEdition[26058:118586130] INFO: scanning:(6) $HOME/Library/Application Support/Steam/steamapps/common/Baldur's Gate II Enhanced Edition/movies
2026-09-04 15:09:35.642 BaldursGateIIEnhancedEdition[26058:118586130] INFO: scanning:(7) $HOME/Library/Application Support/Steam/steamapps/common/Baldur's Gate II Enhanced Edition/lang/en_US/movies
2026-09-04 15:09:35.642 BaldursGateIIEnhancedEdition[26058:118586130] INFO: scanning:(8) $HOME/Documents/Baldur's Gate II - Enhanced Edition/override
2026-09-04 15:09:35.642 BaldursGateIIEnhancedEdition[26058:118586130] INFO: scanning:(9) $HOME/Documents/Baldur's Gate II - Enhanced Edition/scripts
2026-09-04 15:09:35.642 BaldursGateIIEnhancedEdition[26058:118586130] INFO: scanning:(10) $HOME/Documents/Baldur's Gate II - Enhanced Edition/sounds
2026-09-04 15:09:35.642 BaldursGateIIEnhancedEdition[26058:118586130] INFO: scanning:(11) $HOME/Documents/Baldur's Gate II - Enhanced Edition/portraits
2026-09-04 15:09:35.642 BaldursGateIIEnhancedEdition[26058:118586130] INFO: scanning:(12) $HOME/Documents/Baldur's Gate II - Enhanced Edition/characters
2026-09-04 15:09:35.642 BaldursGateIIEnhancedEdition[26058:118586130] INFO: scanning:(13) $HOME/Documents/Baldur's Gate II - Enhanced Edition/movies
2026-09-04 15:09:35.643 BaldursGateIIEnhancedEdition[26058:118586130] INFO: scanning:(0) $HOME/Library/Application Support/Steam/steamapps/common/Baldur's Gate II Enhanced Edition/override
2026-09-04 15:09:35.644 BaldursGateIIEnhancedEdition[26058:118586130] INFO: scanning:(1) $HOME/Library/Application Support/Steam/steamapps/common/Baldur's Gate II Enhanced Edition/scripts
2026-09-04 15:09:35.644 BaldursGateIIEnhancedEdition[26058:118586130] INFO: scanning:(2) $HOME/Library/Application Support/Steam/steamapps/common/Baldur's Gate II Enhanced Edition/sounds
2026-09-04 15:09:35.645 BaldursGateIIEnhancedEdition[26058:118586130] INFO: scanning:(3) $HOME/Library/Application Support/Steam/steamapps/common/Baldur's Gate II Enhanced Edition/lang/en_US/sounds
2026-09-04 15:09:35.645 BaldursGateIIEnhancedEdition[26058:118586130] INFO: scanning:(4) $HOME/Library/Application Support/Steam/steamapps/common/Baldur's Gate II Enhanced Edition/portraits
2026-09-04 15:09:35.645 BaldursGateIIEnhancedEdition[26058:118586130] INFO: scanning:(5) $HOME/Library/Application Support/Steam/steamapps/common/Baldur's Gate II Enhanced Edition/characters
2026-09-04 15:09:35.645 BaldursGateIIEnhancedEdition[26058:118586130] INFO: scanning:(6) $HOME/Library/Application Support/Steam/steamapps/common/Baldur's Gate II Enhanced Edition/movies
2026-09-04 15:09:35.645 BaldursGateIIEnhancedEdition[26058:118586130] INFO: scanning:(7) $HOME/Library/Application Support/Steam/steamapps/common/Baldur's Gate II Enhanced Edition/lang/en_US/movies
2026-09-04 15:09:35.645 BaldursGateIIEnhancedEdition[26058:118586130] INFO: scanning:(8) $HOME/Documents/Baldur's Gate II - Enhanced Edition/override
2026-09-04 15:09:35.645 BaldursGateIIEnhancedEdition[26058:118586130] INFO: scanning:(9) $HOME/Documents/Baldur's Gate II - Enhanced Edition/scripts
2026-09-04 15:09:35.645 BaldursGateIIEnhancedEdition[26058:118586130] INFO: scanning:(10) $HOME/Documents/Baldur's Gate II - Enhanced Edition/sounds
2026-09-04 15:09:35.645 BaldursGateIIEnhancedEdition[26058:118586130] INFO: scanning:(11) $HOME/Documents/Baldur's Gate II - Enhanced Edition/portraits
2026-09-04 15:09:35.645 BaldursGateIIEnhancedEdition[26058:118586130] INFO: scanning:(12) $HOME/Documents/Baldur's Gate II - Enhanced Edition/characters
2026-09-04 15:09:35.645 BaldursGateIIEnhancedEdition[26058:118586130] INFO: scanning:(13) $HOME/Documents/Baldur's Gate II - Enhanced Edition/movies
2026-09-04 15:09:35.646 BaldursGateIIEnhancedEdition[26058:118586130] INFO: scanning:(0) $HOME/Library/Application Support/Steam/steamapps/common/Baldur's Gate II Enhanced Edition/override
2026-09-04 15:09:35.648 BaldursGateIIEnhancedEdition[26058:118586130] INFO: scanning:(1) $HOME/Library/Application Support/Steam/steamapps/common/Baldur's Gate II Enhanced Edition/scripts
2026-09-04 15:09:35.648 BaldursGateIIEnhancedEdition[26058:118586130] INFO: scanning:(2) $HOME/Library/Application Support/Steam/steamapps/common/Baldur's Gate II Enhanced Edition/sounds
2026-09-04 15:09:35.648 BaldursGateIIEnhancedEdition[26058:118586130] INFO: scanning:(3) $HOME/Library/Application Support/Steam/steamapps/common/Baldur's Gate II Enhanced Edition/lang/en_US/sounds
2026-09-04 15:09:35.648 BaldursGateIIEnhancedEdition[26058:118586130] INFO: scanning:(4) $HOME/Library/Application Support/Steam/steamapps/common/Baldur's Gate II Enhanced Edition/portraits
2026-09-04 15:09:35.648 BaldursGateIIEnhancedEdition[26058:118586130] INFO: scanning:(5) $HOME/Library/Application Support/Steam/steamapps/common/Baldur's Gate II Enhanced Edition/characters
2026-09-04 15:09:35.648 BaldursGateIIEnhancedEdition[26058:118586130] INFO: scanning:(6) $HOME/Library/Application Support/Steam/steamapps/common/Baldur's Gate II Enhanced Edition/movies
2026-09-04 15:09:35.648 BaldursGateIIEnhancedEdition[26058:118586130] INFO: scanning:(7) $HOME/Library/Application Support/Steam/steamapps/common/Baldur's Gate II Enhanced Edition/lang/en_US/movies
2026-09-04 15:09:35.648 BaldursGateIIEnhancedEdition[26058:118586130] INFO: scanning:(8) $HOME/Documents/Baldur's Gate II - Enhanced Edition/override
2026-09-04 15:09:35.648 BaldursGateIIEnhancedEdition[26058:118586130] INFO: scanning:(9) $HOME/Documents/Baldur's Gate II - Enhanced Edition/scripts
2026-09-04 15:09:35.648 BaldursGateIIEnhancedEdition[26058:118586130] INFO: scanning:(10) $HOME/Documents/Baldur's Gate II - Enhanced Edition/sounds
2026-09-04 15:09:35.648 BaldursGateIIEnhancedEdition[26058:118586130] INFO: scanning:(11) $HOME/Documents/Baldur's Gate II - Enhanced Edition/portraits
2026-09-04 15:09:35.648 BaldursGateIIEnhancedEdition[26058:118586130] INFO: scanning:(12) $HOME/Documents/Baldur's Gate II - Enhanced Edition/characters
2026-09-04 15:09:35.648 BaldursGateIIEnhancedEdition[26058:118586130] INFO: scanning:(13) $HOME/Documents/Baldur's Gate II - Enhanced Edition/movies
2026-09-04 15:09:35.658 BaldursGateIIEnhancedEdition[26058:118586130] INFO: scanning:(0) $HOME/Library/Application Support/Steam/steamapps/common/Baldur's Gate II Enhanced Edition/override
2026-09-04 15:09:35.660 BaldursGateIIEnhancedEdition[26058:118586130] INFO: scanning:(1) $HOME/Library/Application Support/Steam/steamapps/common/Baldur's Gate II Enhanced Edition/scripts
2026-09-04 15:09:35.660 BaldursGateIIEnhancedEdition[26058:118586130] INFO: scanning:(2) $HOME/Library/Application Support/Steam/steamapps/common/Baldur's Gate II Enhanced Edition/sounds
2026-09-04 15:09:35.660 BaldursGateIIEnhancedEdition[26058:118586130] INFO: scanning:(3) $HOME/Library/Application Support/Steam/steamapps/common/Baldur's Gate II Enhanced Edition/lang/en_US/sounds
2026-09-04 15:09:35.660 BaldursGateIIEnhancedEdition[26058:118586130] INFO: scanning:(4) $HOME/Library/Application Support/Steam/steamapps/common/Baldur's Gate II Enhanced Edition/portraits
2026-09-04 15:09:35.660 BaldursGateIIEnhancedEdition[26058:118586130] INFO: scanning:(5) $HOME/Library/Application Support/Steam/steamapps/common/Baldur's Gate II Enhanced Edition/characters
2026-09-04 15:09:35.660 BaldursGateIIEnhancedEdition[26058:118586130] INFO: scanning:(6) $HOME/Library/Application Support/Steam/steamapps/common/Baldur's Gate II Enhanced Edition/movies
2026-09-04 15:09:35.660 BaldursGateIIEnhancedEdition[26058:118586130] INFO: scanning:(7) $HOME/Library/Application Support/Steam/steamapps/common/Baldur's Gate II Enhanced Edition/lang/en_US/movies
2026-09-04 15:09:35.660 BaldursGateIIEnhancedEdition[26058:118586130] INFO: scanning:(8) $HOME/Documents/Baldur's Gate II - Enhanced Edition/override
2026-09-04 15:09:35.660 BaldursGateIIEnhancedEdition[26058:118586130] INFO: scanning:(9) $HOME/Documents/Baldur's Gate II - Enhanced Edition/scripts
2026-09-04 15:09:35.660 BaldursGateIIEnhancedEdition[26058:118586130] INFO: scanning:(10) $HOME/Documents/Baldur's Gate II - Enhanced Edition/sounds
2026-09-04 15:09:35.660 BaldursGateIIEnhancedEdition[26058:118586130] INFO: scanning:(11) $HOME/Documents/Baldur's Gate II - Enhanced Edition/portraits
2026-09-04 15:09:35.660 BaldursGateIIEnhancedEdition[26058:118586130] INFO: scanning:(12) $HOME/Documents/Baldur's Gate II - Enhanced Edition/characters
2026-09-04 15:09:35.660 BaldursGateIIEnhancedEdition[26058:118586130] INFO: scanning:(13) $HOME/Documents/Baldur's Gate II - Enhanced Edition/movies
2026-09-04 15:09:35.661 BaldursGateIIEnhancedEdition[26058:118586130] INFO: scanning:(0) $HOME/Library/Application Support/Steam/steamapps/common/Baldur's Gate II Enhanced Edition/override
2026-09-04 15:09:35.663 BaldursGateIIEnhancedEdition[26058:118586130] INFO: scanning:(1) $HOME/Library/Application Support/Steam/steamapps/common/Baldur's Gate II Enhanced Edition/scripts
2026-09-04 15:09:35.663 BaldursGateIIEnhancedEdition[26058:118586130] INFO: scanning:(2) $HOME/Library/Application Support/Steam/steamapps/common/Baldur's Gate II Enhanced Edition/sounds
2026-09-04 15:09:35.663 BaldursGateIIEnhancedEdition[26058:118586130] INFO: scanning:(3) $HOME/Library/Application Support/Steam/steamapps/common/Baldur's Gate II Enhanced Edition/lang/en_US/sounds
2026-09-04 15:09:35.663 BaldursGateIIEnhancedEdition[26058:118586130] INFO: scanning:(4) $HOME/Library/Application Support/Steam/steamapps/common/Baldur's Gate II Enhanced Edition/portraits
2026-09-04 15:09:35.663 BaldursGateIIEnhancedEdition[26058:118586130] INFO: scanning:(5) $HOME/Library/Application Support/Steam/steamapps/common/Baldur's Gate II Enhanced Edition/characters
2026-09-04 15:09:35.663 BaldursGateIIEnhancedEdition[26058:118586130] INFO: scanning:(6) $HOME/Library/Application Support/Steam/steamapps/common/Baldur's Gate II Enhanced Edition/movies
2026-09-04 15:09:35.663 BaldursGateIIEnhancedEdition[26058:118586130] INFO: scanning:(7) $HOME/Library/Application Support/Steam/steamapps/common/Baldur's Gate II Enhanced Edition/lang/en_US/movies
2026-09-04 15:09:35.663 BaldursGateIIEnhancedEdition[26058:118586130] INFO: scanning:(8) $HOME/Documents/Baldur's Gate II - Enhanced Edition/override
2026-09-04 15:09:35.663 BaldursGateIIEnhancedEdition[26058:118586130] INFO: scanning:(9) $HOME/Documents/Baldur's Gate II - Enhanced Edition/scripts
2026-09-04 15:09:35.663 BaldursGateIIEnhancedEdition[26058:118586130] INFO: scanning:(10) $HOME/Documents/Baldur's Gate II - Enhanced Edition/sounds
2026-09-04 15:09:35.663 BaldursGateIIEnhancedEdition[26058:118586130] INFO: scanning:(11) $HOME/Documents/Baldur's Gate II - Enhanced Edition/portraits
2026-09-04 15:09:35.663 BaldursGateIIEnhancedEdition[26058:118586130] INFO: scanning:(12) $HOME/Documents/Baldur's Gate II - Enhanced Edition/characters
2026-09-04 15:09:35.663 BaldursGateIIEnhancedEdition[26058:118586130] INFO: scanning:(13) $HOME/Documents/Baldur's Gate II - Enhanced Edition/movies
2026-09-04 15:09:35.665 BaldursGateIIEnhancedEdition[26058:118586130] INFO: scanning:(0) $HOME/Library/Application Support/Steam/steamapps/common/Baldur's Gate II Enhanced Edition/override
2026-09-04 15:09:35.666 BaldursGateIIEnhancedEdition[26058:118586130] INFO: scanning:(1) $HOME/Library/Application Support/Steam/steamapps/common/Baldur's Gate II Enhanced Edition/scripts
2026-09-04 15:09:35.666 BaldursGateIIEnhancedEdition[26058:118586130] INFO: scanning:(2) $HOME/Library/Application Support/Steam/steamapps/common/Baldur's Gate II Enhanced Edition/sounds
2026-09-04 15:09:35.666 BaldursGateIIEnhancedEdition[26058:118586130] INFO: scanning:(3) $HOME/Library/Application Support/Steam/steamapps/common/Baldur's Gate II Enhanced Edition/lang/en_US/sounds
2026-09-04 15:09:35.667 BaldursGateIIEnhancedEdition[26058:118586130] INFO: scanning:(4) $HOME/Library/Application Support/Steam/steamapps/common/Baldur's Gate II Enhanced Edition/portraits
2026-09-04 15:09:35.667 BaldursGateIIEnhancedEdition[26058:118586130] INFO: scanning:(5) $HOME/Library/Application Support/Steam/steamapps/common/Baldur's Gate II Enhanced Edition/characters
2026-09-04 15:09:35.667 BaldursGateIIEnhancedEdition[26058:118586130] INFO: scanning:(6) $HOME/Library/Application Support/Steam/steamapps/common/Baldur's Gate II Enhanced Edition/movies
2026-09-04 15:09:35.667 BaldursGateIIEnhancedEdition[26058:118586130] INFO: scanning:(7) $HOME/Library/Application Support/Steam/steamapps/common/Baldur's Gate II Enhanced Edition/lang/en_US/movies
2026-09-04 15:09:35.667 BaldursGateIIEnhancedEdition[26058:118586130] INFO: scanning:(8) $HOME/Documents/Baldur's Gate II - Enhanced Edition/override
2026-09-04 15:09:35.667 BaldursGateIIEnhancedEdition[26058:118586130] INFO: scanning:(9) $HOME/Documents/Baldur's Gate II - Enhanced Edition/scripts
2026-09-04 15:09:35.667 BaldursGateIIEnhancedEdition[26058:118586130] INFO: scanning:(10) $HOME/Documents/Baldur's Gate II - Enhanced Edition/sounds
2026-09-04 15:09:35.667 BaldursGateIIEnhancedEdition[26058:118586130] INFO: scanning:(11) $HOME/Documents/Baldur's Gate II - Enhanced Edition/portraits
2026-09-04 15:09:35.667 BaldursGateIIEnhancedEdition[26058:118586130] INFO: scanning:(12) $HOME/Documents/Baldur's Gate II - Enhanced Edition/characters
2026-09-04 15:09:35.667 BaldursGateIIEnhancedEdition[26058:118586130] INFO: scanning:(13) $HOME/Documents/Baldur's Gate II - Enhanced Edition/movies
2026-09-04 15:09:35.668 BaldursGateIIEnhancedEdition[26058:118586130] INFO: scanning:(0) $HOME/Library/Application Support/Steam/steamapps/common/Baldur's Gate II Enhanced Edition/override
2026-09-04 15:09:35.670 BaldursGateIIEnhancedEdition[26058:118586130] INFO: scanning:(1) $HOME/Library/Application Support/Steam/steamapps/common/Baldur's Gate II Enhanced Edition/scripts
2026-09-04 15:09:35.670 BaldursGateIIEnhancedEdition[26058:118586130] INFO: scanning:(2) $HOME/Library/Application Support/Steam/steamapps/common/Baldur's Gate II Enhanced Edition/sounds
2026-09-04 15:09:35.670 BaldursGateIIEnhancedEdition[26058:118586130] INFO: scanning:(3) $HOME/Library/Application Support/Steam/steamapps/common/Baldur's Gate II Enhanced Edition/lang/en_US/sounds
2026-09-04 15:09:35.670 BaldursGateIIEnhancedEdition[26058:118586130] INFO: scanning:(4) $HOME/Library/Application Support/Steam/steamapps/common/Baldur's Gate II Enhanced Edition/portraits
2026-09-04 15:09:35.670 BaldursGateIIEnhancedEdition[26058:118586130] INFO: scanning:(5) $HOME/Library/Application Support/Steam/steamapps/common/Baldur's Gate II Enhanced Edition/characters
2026-09-04 15:09:35.670 BaldursGateIIEnhancedEdition[26058:118586130] INFO: scanning:(6) $HOME/Library/Application Support/Steam/steamapps/common/Baldur's Gate II Enhanced Edition/movies
2026-09-04 15:09:35.670 BaldursGateIIEnhancedEdition[26058:118586130] INFO: scanning:(7) $HOME/Library/Application Support/Steam/steamapps/common/Baldur's Gate II Enhanced Edition/lang/en_US/movies
2026-09-04 15:09:35.670 BaldursGateIIEnhancedEdition[26058:118586130] INFO: scanning:(8) $HOME/Documents/Baldur's Gate II - Enhanced Edition/override
2026-09-04 15:09:35.670 BaldursGateIIEnhancedEdition[26058:118586130] INFO: scanning:(9) $HOME/Documents/Baldur's Gate II - Enhanced Edition/scripts
2026-09-04 15:09:35.670 BaldursGateIIEnhancedEdition[26058:118586130] INFO: scanning:(10) $HOME/Documents/Baldur's Gate II - Enhanced Edition/sounds
2026-09-04 15:09:35.670 BaldursGateIIEnhancedEdition[26058:118586130] INFO: scanning:(11) $HOME/Documents/Baldur's Gate II - Enhanced Edition/portraits
2026-09-04 15:09:35.670 BaldursGateIIEnhancedEdition[26058:118586130] INFO: scanning:(12) $HOME/Documents/Baldur's Gate II - Enhanced Edition/characters
2026-09-04 15:09:35.670 BaldursGateIIEnhancedEdition[26058:118586130] INFO: scanning:(13) $HOME/Documents/Baldur's Gate II - Enhanced Edition/movies
2026-09-04 15:09:35.671 BaldursGateIIEnhancedEdition[26058:118586130] INFO: scanning:(0) $HOME/Library/Application Support/Steam/steamapps/common/Baldur's Gate II Enhanced Edition/override
2026-09-04 15:09:35.672 BaldursGateIIEnhancedEdition[26058:118586130] INFO: scanning:(1) $HOME/Library/Application Support/Steam/steamapps/common/Baldur's Gate II Enhanced Edition/scripts
2026-09-04 15:09:35.672 BaldursGateIIEnhancedEdition[26058:118586130] INFO: scanning:(2) $HOME/Library/Application Support/Steam/steamapps/common/Baldur's Gate II Enhanced Edition/sounds
2026-09-04 15:09:35.672 BaldursGateIIEnhancedEdition[26058:118586130] INFO: scanning:(3) $HOME/Library/Application Support/Steam/steamapps/common/Baldur's Gate II Enhanced Edition/lang/en_US/sounds
2026-09-04 15:09:35.673 BaldursGateIIEnhancedEdition[26058:118586130] INFO: scanning:(4) $HOME/Library/Application Support/Steam/steamapps/common/Baldur's Gate II Enhanced Edition/portraits
2026-09-04 15:09:35.673 BaldursGateIIEnhancedEdition[26058:118586130] INFO: scanning:(5) $HOME/Library/Application Support/Steam/steamapps/common/Baldur's Gate II Enhanced Edition/characters
2026-09-04 15:09:35.673 BaldursGateIIEnhancedEdition[26058:118586130] INFO: scanning:(6) $HOME/Library/Application Support/Steam/steamapps/common/Baldur's Gate II Enhanced Edition/movies
2026-09-04 15:09:35.673 BaldursGateIIEnhancedEdition[26058:118586130] INFO: scanning:(7) $HOME/Library/Application Support/Steam/steamapps/common/Baldur's Gate II Enhanced Edition/lang/en_US/movies
2026-09-04 15:09:35.673 BaldursGateIIEnhancedEdition[26058:118586130] INFO: scanning:(8) $HOME/Documents/Baldur's Gate II - Enhanced Edition/override
2026-09-04 15:09:35.673 BaldursGateIIEnhancedEdition[26058:118586130] INFO: scanning:(9) $HOME/Documents/Baldur's Gate II - Enhanced Edition/scripts
2026-09-04 15:09:35.673 BaldursGateIIEnhancedEdition[26058:118586130] INFO: scanning:(10) $HOME/Documents/Baldur's Gate II - Enhanced Edition/sounds
2026-09-04 15:09:35.673 BaldursGateIIEnhancedEdition[26058:118586130] INFO: scanning:(11) $HOME/Documents/Baldur's Gate II - Enhanced Edition/portraits
2026-09-04 15:09:35.673 BaldursGateIIEnhancedEdition[26058:118586130] INFO: scanning:(12) $HOME/Documents/Baldur's Gate II - Enhanced Edition/characters
2026-09-04 15:09:35.673 BaldursGateIIEnhancedEdition[26058:118586130] INFO: scanning:(13) $HOME/Documents/Baldur's Gate II - Enhanced Edition/movies
2026-09-04 15:09:35.675 BaldursGateIIEnhancedEdition[26058:118586130] INFO: LUA: A7LOG	660	13259820	1185273	Day 2, Hour 1 (4 Mirtul, 1369)	WORLD_QUICKLOOT	^0xff0cff3fQuick save successful.^-
2026-09-04 15:09:42.038 BaldursGateIIEnhancedEdition[26058:118586130] INFO: LUA: A7LOG	661	15423000	1191636	Day 2, Hour 9 (4 Mirtul, 1369)	WORLD_QUICKLOOT	^0xffc8ffc8You have rested for 8 hours.^-
2026-09-04 15:09:42.039 BaldursGateIIEnhancedEdition[26058:118586130] INFO: LUA: A7LOG	662	15423000	1191636	Day 2, Hour 9 (4 Mirtul, 1369)	WORLD_QUICKLOOT	^0xffc8ffc8Healing spells cast on rest until fully healed.^-
2026-09-04 15:09:42.051 BaldursGateIIEnhancedEdition[26058:118586130] INFO: LUA: A7LOG	663	15423000	1191649	Day 2, Hour 9 (4 Mirtul, 1369)	WORLD_QUICKLOOT	^0xffffb3f3Imoen^-: ^0xffbed7d7Stopped Detecting Traps / Illusions^-
2026-09-04 15:09:42.051 BaldursGateIIEnhancedEdition[26058:118586130] INFO: LUA: A7LOG	664	15423000	1191649	Day 2, Hour 9 (4 Mirtul, 1369)	WORLD_QUICKLOOT	^0xffcb967dBooprikt^-: ^0xffbed7d7Stopped Detecting Traps / Illusions^-
2026-09-04 15:09:42.120 BaldursGateIIEnhancedEdition[26058:118586130] INFO: LUA: A7LOG	665	15423060	1191718	Day 2, Hour 9 (4 Mirtul, 1369)	WORLD_QUICKLOOT	^0xff018bffSkeleton Warrior^-: ^0xffbed7d7Unsummoned^-
2026-09-04 15:09:42.154 BaldursGateIIEnhancedEdition[26058:118586130] INFO: LUA: A7LOG	666	15423120	1191752	Day 2, Hour 9 (4 Mirtul, 1369)	WORLD_QUICKLOOT	^0xffffb3f3Imoen^-: ^0xffbed7d7Detecting Traps / Illusions^-
2026-09-04 15:09:42.532 BaldursGateIIEnhancedEdition[26058:118586130] INFO: LUA: A7LOG	667	15423420	1192130	Day 2, Hour 9 (4 Mirtul, 1369)	WORLD_QUICKLOOT	^0xffcb967dBooprikt^-: ^0xffbed7d7Detecting Traps / Illusions^-
2026-09-04 15:09:49.120 BaldursGateIIEnhancedEdition[26058:118586130] INFO: LUA: A7LOG	668	15429240	1198718	Day 2, Hour 9 (4 Mirtul, 1369)	WORLD_QUICKLOOT	^0xffd6bd9fJaheira^-: ^0xffd7c8a0I am ready.^-
2026-09-04 15:09:49.815 BaldursGateIIEnhancedEdition[26058:118586130] INFO: LUA: A7LOG	669	15429840	1199413	Day 2, Hour 9 (4 Mirtul, 1369)	WORLD_QUICKLOOT	^0xffd6bd9fJaheira^-: ^0xffd7c8a0It is about time.^-
2026-09-04 15:09:50.445 BaldursGateIIEnhancedEdition[26058:118586130] INFO: LUA: A7LOG	670	15430380	1200042	Day 2, Hour 9 (4 Mirtul, 1369)	WORLD_QUICKLOOT	^0xffd6bd9fJaheira^-: ^0xffd7c8a0As I would have done.^-
2026-09-04 15:09:53.656 BaldursGateIIEnhancedEdition[26058:118586130] INFO: LUA: A7LOG	671	15433080	1203254	Day 2, Hour 9 (4 Mirtul, 1369)	WORLD_QUICKLOOT	^0xff0000ffPAUSED^-
2026-09-04 15:09:53.691 BaldursGateIIEnhancedEdition[26058:118586130] INFO: LUA: A7LOG	672	15433080	1203288	Day 2, Hour 9 (4 Mirtul, 1369)	WORLD_QUICKLOOT	^0xffd6bd9fJaheira^-: ^0xffbed7d7Auto-Paused: Enemy Sighted^-
2026-09-04 15:09:57.006 BaldursGateIIEnhancedEdition[26058:118586130] INFO: LUA: A7LOG	673	15433140	1206604	Day 2, Hour 9 (4 Mirtul, 1369)	WORLD_QUICKLOOT	^0xff0000ffUNPAUSED^-
2026-09-04 15:09:57.708 BaldursGateIIEnhancedEdition[26058:118586130] INFO: LUA: A7LOG	674	15433740	1207305	Day 2, Hour 9 (4 Mirtul, 1369)	WORLD_QUICKLOOT	^0xffd595caGoblin^-: ^0xffbed7d7Attacks Jaheira^-
2026-09-04 15:09:58.083 BaldursGateIIEnhancedEdition[26058:118586130] INFO: LUA: A7LOG	675	15433980	1207681	Day 2, Hour 9 (4 Mirtul, 1369)	WORLD_QUICKLOOT	^0xff0000ffPAUSED^-
2026-09-04 15:09:59.478 BaldursGateIIEnhancedEdition[26058:118586130] INFO: LUA: A7LOG	676	15433980	1209075	Day 2, Hour 9 (4 Mirtul, 1369)	WORLD_QUICKLOOT	^0xff0000ffUNPAUSED^-
2026-09-04 15:09:59.884 BaldursGateIIEnhancedEdition[26058:118586130] INFO: LUA: A7LOG	677	15434340	1209482	Day 2, Hour 9 (4 Mirtul, 1369)	WORLD_QUICKLOOT	^0xff655850Goblin^-: ^0xffbed7d7Attacks Jaheira^-
2026-09-04 15:10:00.876 BaldursGateIIEnhancedEdition[26058:118586130] INFO: LUA: A7LOG	678	15435120	1210474	Day 2, Hour 9 (4 Mirtul, 1369)	WORLD_QUICKLOOT	^0xff0000ffPAUSED^-
2026-09-04 15:10:04.851 BaldursGateIIEnhancedEdition[26058:118586130] INFO: LUA: A7LOG	679	15435120	1214448	Day 2, Hour 9 (4 Mirtul, 1369)	WORLD_QUICKLOOT	^0xffffb3f3Imoen^-: ^0xffd7c8a0Time to move?^-
2026-09-04 15:10:05.719 BaldursGateIIEnhancedEdition[26058:118586130] INFO: LUA: A7LOG	680	15435120	1215317	Day 2, Hour 9 (4 Mirtul, 1369)	WORLD_QUICKLOOT	^0xffffb3f3Imoen^-: ^0xffbed7d7Stopped Detecting Traps / Illusions^-
2026-09-04 15:10:08.772 BaldursGateIIEnhancedEdition[26058:118586130] INFO: LUA: A7LOG	681	15435120	1218370	Day 2, Hour 9 (4 Mirtul, 1369)	WORLD_QUICKLOOT	^0xffcb967dBooprikt^-: ^0xffd7c8a0I'm waiting.^-
2026-09-04 15:10:10.253 BaldursGateIIEnhancedEdition[26058:118586130] INFO: LUA: A7LOG	682	15435120	1219850	Day 2, Hour 9 (4 Mirtul, 1369)	WORLD_QUICKLOOT	^0xffcb967dBooprikt^-: ^0xffbed7d7Stopped Detecting Traps / Illusions^-
2026-09-04 15:10:14.163 BaldursGateIIEnhancedEdition[26058:118586130] INFO: LUA: A7LOG	683	15435120	1223760	Day 2, Hour 9 (4 Mirtul, 1369)	WORLD_QUICKLOOT	^0xffd6bd9fJaheira^-: ^0xffd7c8a0Speak your mind.^-
2026-09-04 15:10:16.433 BaldursGateIIEnhancedEdition[26058:118586130] INFO: LUA: A7LOG	684	15435120	1226030	Day 2, Hour 9 (4 Mirtul, 1369)	WORLD_QUICKLOOT	^0xffc0a1aaMinsc^-: ^0xffd7c8a0You point, I punch.^-
2026-09-04 15:10:17.751 BaldursGateIIEnhancedEdition[26058:118586130] INFO: LUA: A7LOG	685	15435120	1227349	Day 2, Hour 9 (4 Mirtul, 1369)	WORLD_QUICKLOOT	^0xffc0a1aaMinsc^-: ^0xffd7c8a0The bigger they are, the harder I hit!^-
2026-09-04 15:10:18.404 BaldursGateIIEnhancedEdition[26058:118586130] INFO: LUA: A7LOG	686	15435120	1228002	Day 2, Hour 9 (4 Mirtul, 1369)	WORLD_QUICKLOOT	^0xff0000ffUNPAUSED^-
2026-09-04 15:10:19.119 BaldursGateIIEnhancedEdition[26058:118586130] INFO: LUA: A7LOG	687	15435720	1228717	Day 2, Hour 9 (4 Mirtul, 1369)	WORLD_QUICKLOOT	^0xff0000ffPAUSED^-
2026-09-04 15:10:19.161 BaldursGateIIEnhancedEdition[26058:118586130] INFO: LUA: A7LOG	688	15435720	1228759	Day 2, Hour 9 (4 Mirtul, 1369)	WORLD_QUICKLOOT	^0xffffb3f3Imoen^-: ^0xffbed7d7Casts Stoneskin : Imoen^-
2026-09-04 15:10:19.161 BaldursGateIIEnhancedEdition[26058:118586130] INFO: LUA: A7LOG	689	15435720	1228759	Day 2, Hour 9 (4 Mirtul, 1369)	WORLD_QUICKLOOT	^0xffffb3f3Imoen^-: ^0xffbed7d7Auto-Paused: Spell Cast^-
2026-09-04 15:10:19.809 BaldursGateIIEnhancedEdition[26058:118586130] INFO: LUA: A7LOG	690	15435780	1229407	Day 2, Hour 9 (4 Mirtul, 1369)	WORLD_QUICKLOOT	^0xff0000ffUNPAUSED^-
2026-09-04 15:10:20.423 BaldursGateIIEnhancedEdition[26058:118586130] INFO: LUA: A7LOG	691	15436320	1230020	Day 2, Hour 9 (4 Mirtul, 1369)	WORLD_QUICKLOOT	^0xffffb3f3Imoen^-: ^0xffbed7d7Detecting Traps / Illusions^-
2026-09-04 15:10:20.557 BaldursGateIIEnhancedEdition[26058:118586130] INFO: LUA: A7LOG	692	15436320	1230155	Day 2, Hour 9 (4 Mirtul, 1369)	WORLD_QUICKLOOT	^0xff0000ffPAUSED^-
2026-09-04 15:10:20.943 BaldursGateIIEnhancedEdition[26058:118586130] INFO: LUA: A7LOG	693	15436320	1230540	Day 2, Hour 9 (4 Mirtul, 1369)	WORLD_QUICKLOOT	^0xffd6bd9fJaheira^-: ^0xffd7c8a0Nature's servant awaits.^-
2026-09-04 15:10:23.357 BaldursGateIIEnhancedEdition[26058:118586130] INFO: LUA: A7LOG	694	15436320	1232954	Day 2, Hour 9 (4 Mirtul, 1369)	WORLD_QUICKLOOT	^0xff0000ffUNPAUSED^-
2026-09-04 15:10:24.521 BaldursGateIIEnhancedEdition[26058:118586130] INFO: LUA: A7LOG	695	15437280	1234118	Day 2, Hour 9 (4 Mirtul, 1369)	WORLD_QUICKLOOT	^0xff0000ffPAUSED^-
2026-09-04 15:10:24.555 BaldursGateIIEnhancedEdition[26058:118586130] INFO: LUA: A7LOG	696	15437280	1234153	Day 2, Hour 9 (4 Mirtul, 1369)	WORLD_QUICKLOOT	^0xffffb3f3Imoen^-: ^0xffbed7d7Auto-Paused: Enemy Sighted^-
2026-09-04 15:10:25.347 BaldursGateIIEnhancedEdition[26058:118586130] INFO: LUA: A7LOG	697	15437280	1234944	Day 2, Hour 9 (4 Mirtul, 1369)	WORLD_QUICKLOOT	^0xffd6bd9fJaheira^-: ^0xffbed7d7is Casting Barkskin : Jaheira^-
2026-09-04 15:10:25.871 BaldursGateIIEnhancedEdition[26058:118586130] INFO: LUA: A7LOG	698	15437340	1235468	Day 2, Hour 9 (4 Mirtul, 1369)	WORLD_QUICKLOOT	^0xff0000ffUNPAUSED^-
2026-09-04 15:10:27.235 BaldursGateIIEnhancedEdition[26058:118586130] INFO: LUA: A7LOG	699	15438540	1236832	Day 2, Hour 9 (4 Mirtul, 1369)	WORLD_QUICKLOOT	^0xffc0a1aaMinsc^-: ^0xffbed7d7Attacks Goblin^-
2026-09-04 15:10:27.784 BaldursGateIIEnhancedEdition[26058:118586130] INFO: LUA: A7LOG	700	15438900	1237382	Day 2, Hour 9 (4 Mirtul, 1369)	WORLD_QUICKLOOT	^0xff0000ffPAUSED^-
2026-09-04 15:10:29.118 BaldursGateIIEnhancedEdition[26058:118586130] INFO: LUA: A7LOG	701	15438900	1238715	Day 2, Hour 9 (4 Mirtul, 1369)	WORLD_QUICKLOOT	^0xff0000ffUNPAUSED^-
2026-09-04 15:10:30.658 BaldursGateIIEnhancedEdition[26058:118586130] INFO: LUA: A7LOG	702	15440220	1240255	Day 2, Hour 9 (4 Mirtul, 1369)	WORLD_QUICKLOOT	^0xff0000ffPAUSED^-
2026-09-04 15:10:30.707 BaldursGateIIEnhancedEdition[26058:118586130] INFO: LUA: A7LOG	703	15440220	1240305	Day 2, Hour 9 (4 Mirtul, 1369)	WORLD_QUICKLOOT	^0xffd6bd9fJaheira^-: ^0xffbed7d7Casts Barkskin : Jaheira^-
2026-09-04 15:10:30.708 BaldursGateIIEnhancedEdition[26058:118586130] INFO: LUA: A7LOG	704	15440220	1240305	Day 2, Hour 9 (4 Mirtul, 1369)	WORLD_QUICKLOOT	^0xffd6bd9fJaheira^-: ^0xffbed7d7Auto-Paused: Spell Cast^-
2026-09-04 15:10:30.708 BaldursGateIIEnhancedEdition[26058:118586130] INFO: LUA: A7LOG	705	15440220	1240305	Day 2, Hour 9 (4 Mirtul, 1369)	WORLD_QUICKLOOT	^0xffd6bd9fJaheira^-: ^0xffbed7d7Bark Skin^-
2026-09-04 15:10:33.803 BaldursGateIIEnhancedEdition[26058:118586130] INFO: LUA: A7LOG	706	15440220	1243401	Day 2, Hour 9 (4 Mirtul, 1369)	WORLD_QUICKLOOT	^0xffd6bd9fJaheira^-: ^0xffbed7d7is Attacking Goblin^-
2026-09-04 15:10:34.318 BaldursGateIIEnhancedEdition[26058:118586130] INFO: LUA: A7LOG	707	15440220	1243915	Day 2, Hour 9 (4 Mirtul, 1369)	WORLD_QUICKLOOT	^0xffc0a1aaMinsc^-: ^0xffd7c8a0Swords, not words!^-
2026-09-04 15:10:35.074 BaldursGateIIEnhancedEdition[26058:118586130] INFO: LUA: A7LOG	708	15440220	1244672	Day 2, Hour 9 (4 Mirtul, 1369)	WORLD_QUICKLOOT	^0xffc0a1aaMinsc^-: ^0xffbed7d7is Attacking Goblin^-
2026-09-04 15:10:36.447 BaldursGateIIEnhancedEdition[26058:118586130] INFO: LUA: A7LOG	709	15440220	1246045	Day 2, Hour 9 (4 Mirtul, 1369)	WORLD_QUICKLOOT	^0xffffb3f3Imoen^-: ^0xffd7c8a0Yep?^-
2026-09-04 15:10:37.199 BaldursGateIIEnhancedEdition[26058:118586130] INFO: LUA: A7LOG	710	15440220	1246797	Day 2, Hour 9 (4 Mirtul, 1369)	WORLD_QUICKLOOT	^0xffffb3f3Imoen^-: ^0xffbed7d7is Attacking Goblin^-
2026-09-04 15:10:37.237 BaldursGateIIEnhancedEdition[26058:118586130] INFO: LUA: A7LOG	711	15440220	1246835	Day 2, Hour 9 (4 Mirtul, 1369)	WORLD_QUICKLOOT	^0xffffb3f3Imoen^-: ^0xffbed7d7Stopped Detecting Traps / Illusions^-
2026-09-04 15:10:37.684 BaldursGateIIEnhancedEdition[26058:118586130] INFO: LUA: A7LOG	712	15440220	1247282	Day 2, Hour 9 (4 Mirtul, 1369)	WORLD_QUICKLOOT	^0xff0000ffUNPAUSED^-
2026-09-04 15:10:37.719 BaldursGateIIEnhancedEdition[26058:118586130] INFO: LUA: A7LOG	713	15440280	1247316	Day 2, Hour 9 (4 Mirtul, 1369)	WORLD_QUICKLOOT	^0xffc0a1aaMinsc^-: ^0xffbed7d7Attacks Goblin^-
2026-09-04 15:10:37.759 BaldursGateIIEnhancedEdition[26058:118586130] INFO: LUA: A7LOG	714	15440280	1247357	Day 2, Hour 9 (4 Mirtul, 1369)	WORLD_QUICKLOOT	^0xffffb3f3Imoen^-: ^0xffbed7d7Attacks Goblin^-
2026-09-04 15:10:37.759 BaldursGateIIEnhancedEdition[26058:118586130] INFO: LUA: A7LOG	715	15440280	1247357	Day 2, Hour 9 (4 Mirtul, 1369)	WORLD_QUICKLOOT	^0xffffb3f3Imoen^-: ^0xffd7c8a0You're not gonna keep me here!^-
2026-09-04 15:10:37.759 BaldursGateIIEnhancedEdition[26058:118586130] INFO: LUA: A7LOG	716	15440280	1247357	Day 2, Hour 9 (4 Mirtul, 1369)	WORLD_QUICKLOOT	^0xffd6bd9fJaheira^-: ^0xffbed7d7Attacks Goblin^-
2026-09-04 15:10:37.891 BaldursGateIIEnhancedEdition[26058:118586130] INFO: LUA: A7LOG	717	15440340	1247489	Day 2, Hour 9 (4 Mirtul, 1369)	WORLD_QUICKLOOT	^0xff0000ffPAUSED^-
2026-09-04 15:10:37.943 BaldursGateIIEnhancedEdition[26058:118586130] INFO: LUA: A7LOG	718	15440340	1247541	Day 2, Hour 9 (4 Mirtul, 1369)	WORLD_QUICKLOOT	^0xffcb967dBooprikt^-: ^0xffbed7d7Casts Animate Dead^-
2026-09-04 15:10:37.943 BaldursGateIIEnhancedEdition[26058:118586130] INFO: LUA: A7LOG	719	15440340	1247541	Day 2, Hour 9 (4 Mirtul, 1369)	WORLD_QUICKLOOT	^0xffcb967dBooprikt^-: ^0xffbed7d7Auto-Paused: Spell Cast^-
2026-09-04 15:10:38.739 BaldursGateIIEnhancedEdition[26058:118586130] INFO: LUA: A7LOG	720	15440400	1248336	Day 2, Hour 9 (4 Mirtul, 1369)	WORLD_QUICKLOOT	^0xff0000ffUNPAUSED^-
2026-09-04 15:10:38.979 BaldursGateIIEnhancedEdition[26058:118586130] INFO: LUA: A7LOG	721	15440580	1248577	Day 2, Hour 9 (4 Mirtul, 1369)	WORLD_QUICKLOOT	^0xffbed7d7Imoen^-: ^0xffbed7d7Roll:2 +Luck:0 +SpecialAC:0  +HitMod:0  +Attack of Opportunity:0  +Berserk:0  +Right:3 (+Weapon Bonus 1+Launcher 0+Proficiency 0+Dex 2+Missile 0+Racial 0+Effects 0) +Invisible:0  +Invisible Target:0  +Range:0  +Hated Race:0  +Special Target:0  +Protections:0 ^-
2026-09-04 15:10:38.979 BaldursGateIIEnhancedEdition[26058:118586130] INFO: LUA: A7LOG	722	15440580	1248577	Day 2, Hour 9 (4 Mirtul, 1369)	WORLD_QUICKLOOT	^0xffffb3f3Imoen^-: ^0xffbed7d7Attack Roll 2 + 3 = 5 : Miss^-
2026-09-04 15:10:39.288 BaldursGateIIEnhancedEdition[26058:118586130] INFO: LUA: A7LOG	723	15440880	1248886	Day 2, Hour 9 (4 Mirtul, 1369)	WORLD_QUICKLOOT	^0xffbed7d7Goblin^-: ^0xffbed7d7Roll:9 +Luck:0 +SpecialAC:-2  +HitMod:0  +Attack of Opportunity:4  +Berserk:0  +Right:0 (+Weapon Bonus 0+Proficiency 0+STR 0+STREX 0+Melee bonus 0+Racial 0+Effects 0) +Invisible:0  +Invisible Target:0  +Range:0  +Hated Race:0  +Special Target:0  +Protections:0 ^-
2026-09-04 15:10:39.289 BaldursGateIIEnhancedEdition[26058:118586130] INFO: LUA: A7LOG	724	15440880	1248886	Day 2, Hour 9 (4 Mirtul, 1369)	WORLD_QUICKLOOT	^0xffd595caGoblin^-: ^0xffbed7d7Attack Roll 9 + 2 = 11 : Miss^-
2026-09-04 15:10:39.460 BaldursGateIIEnhancedEdition[26058:118586130] INFO: LUA: A7LOG	725	15441000	1249057	Day 2, Hour 9 (4 Mirtul, 1369)	WORLD_QUICKLOOT	^0xffcb967dBooprikt^-: ^0xffbed7d7Detecting Traps / Illusions^-
2026-09-04 15:10:40.206 BaldursGateIIEnhancedEdition[26058:118586130] INFO: LUA: A7LOG	726	15441660	1249804	Day 2, Hour 9 (4 Mirtul, 1369)	WORLD_QUICKLOOT	^0xffbed7d7Jaheira^-: ^0xffbed7d7Roll:20 +Luck:0 +SpecialAC:0  +HitMod:0  +Attack of Opportunity:0  +Berserk:0  +Right:2 (+Weapon Bonus 0+Launcher 0+Proficiency 0+Dex 2+Missile 0+Racial 0+Effects 0) +Invisible:0  +Invisible Target:0  +Range:-8  +Hated Race:0  +Special Target:0  +Protections:0 ^-
2026-09-04 15:10:40.206 BaldursGateIIEnhancedEdition[26058:118586130] INFO: LUA: A7LOG	727	15441660	1249804	Day 2, Hour 9 (4 Mirtul, 1369)	WORLD_QUICKLOOT	^0xffd6bd9fJaheira^-: ^0xffbed7d7Attack Roll 20 - 6 = 14 : Hit^-
2026-09-04 15:10:40.206 BaldursGateIIEnhancedEdition[26058:118586130] INFO: LUA: A7LOG	728	15441660	1249804	Day 2, Hour 9 (4 Mirtul, 1369)	WORLD_QUICKLOOT	^0xffd6bd9fJaheira^-: ^0xffbed7d7Critical Hit^-
2026-09-04 15:10:40.206 BaldursGateIIEnhancedEdition[26058:118586130] INFO: LUA: A7LOG	729	15441660	1249804	Day 2, Hour 9 (4 Mirtul, 1369)	WORLD_QUICKLOOT	^0xffd6bd9fJaheira^-: ^0xffd7c8a0With vengeance!^-
2026-09-04 15:10:40.206 BaldursGateIIEnhancedEdition[26058:118586130] INFO: LUA: A7LOG	730	15441660	1249804	Day 2, Hour 9 (4 Mirtul, 1369)	WORLD_QUICKLOOT	^0xffbed7d7Jaheira^-: ^0xffbed7d7Roll:2  +DamageMod:0  +Hand bonus:0 (+Proficiency 0+Missile 0+Effects 0) +Attack of Opportunity:0  *Backstab:0  +Berserk:0  +Strength:0  +Hated Race:0  +Special Bonus:0 ^-
2026-09-04 15:10:40.241 BaldursGateIIEnhancedEdition[26058:118586130] INFO: sAchieveID=NONE,m_sGlobalName=SPRITE_IS_DEADNone,m_nValue=1
2026-09-04 15:10:40.242 BaldursGateIIEnhancedEdition[26058:118586130] INFO: LUA: A7LOG	731	15441720	1249839	Day 2, Hour 9 (4 Mirtul, 1369)	WORLD_QUICKLOOT	^0xffbed7d7Minsc^-: ^0xffbed7d7Roll:5 +Luck:0 +SpecialAC:0  +HitMod:0  +Attack of Opportunity:0  +Berserk:0  +Right:3 (+Weapon Bonus 0+Proficiency 1+STR 1+STREX 1+Melee bonus 0+Racial 0+Effects 0) +Invisible:0  +Invisible Target:0  +Range:0  +Hated Race:0  +Special Target:0  +Protections:0 ^-
2026-09-04 15:10:40.242 BaldursGateIIEnhancedEdition[26058:118586130] INFO: LUA: A7LOG	732	15441720	1249839	Day 2, Hour 9 (4 Mirtul, 1369)	WORLD_QUICKLOOT	^0xffc0a1aaMinsc^-: ^0xffbed7d7Attack Roll 5 + 3 = 8 : Hit^-
2026-09-04 15:10:40.242 BaldursGateIIEnhancedEdition[26058:118586130] INFO: LUA: A7LOG	733	15441720	1249839	Day 2, Hour 9 (4 Mirtul, 1369)	WORLD_QUICKLOOT	^0xffbed7d7Minsc^-: ^0xffbed7d7Roll:5  +DamageMod:0  +Hand bonus:0 (+Proficiency 2+Melee bonus 0+Effects 0) +Attack of Opportunity:0  *Backstab:0  +Berserk:0  +Strength:5  +Hated Race:0  +Special Bonus:0 ^-
2026-09-04 15:10:40.242 BaldursGateIIEnhancedEdition[26058:118586130] INFO: LUA: A7LOG	734	15441720	1249839	Day 2, Hour 9 (4 Mirtul, 1369)	WORLD_QUICKLOOT	^0xffd595caGoblin^-: ^0xffbed7d7Takes 12 slashing damage from Minsc^-
2026-09-04 15:10:40.242 BaldursGateIIEnhancedEdition[26058:118586130] INFO: LUA: A7LOG	735	15441720	1249839	Day 2, Hour 9 (4 Mirtul, 1369)	WORLD_QUICKLOOT	^0xffd595caGoblin^-: ^0xffbed7d7Death^-
2026-09-04 15:10:40.306 BaldursGateIIEnhancedEdition[26058:118586130] INFO: LUA: A7LOG	736	15441780	1249904	Day 2, Hour 9 (4 Mirtul, 1369)	WORLD_QUICKLOOT	^0xffffb3f3Imoen^-: ^0xffbed7d7Detecting Traps / Illusions^-
2026-09-04 15:10:40.474 BaldursGateIIEnhancedEdition[26058:118586130] INFO: LUA: A7LOG	737	15441900	1250072	Day 2, Hour 9 (4 Mirtul, 1369)	WORLD_QUICKLOOT	^0xffd6bd9fJaheira^-: ^0xffbed7d7Attacks Goblin^-
2026-09-04 15:10:40.715 BaldursGateIIEnhancedEdition[26058:118586130] INFO: LUA: A7LOG	738	15442140	1250313	Day 2, Hour 9 (4 Mirtul, 1369)	WORLD_QUICKLOOT	^0xffc8ffc8The Party Has Gained Experience: 20^-
2026-09-04 15:10:40.715 BaldursGateIIEnhancedEdition[26058:118586130] INFO: LUA: A7LOG	739	15442140	1250313	Day 2, Hour 9 (4 Mirtul, 1369)	WORLD_QUICKLOOT	^0xffc0a1aaMinsc^-: ^0xffbed7d7Attacks Goblin^-
2026-09-04 15:10:41.807 BaldursGateIIEnhancedEdition[26058:118586130] INFO: LUA: A7LOG	740	15443100	1251404	Day 2, Hour 9 (4 Mirtul, 1369)	WORLD_QUICKLOOT	^0xffc0a1aaMinsc^-: ^0xffbed7d7Attacks Goblin^-
2026-09-04 15:10:42.047 BaldursGateIIEnhancedEdition[26058:118586130] INFO: LUA: A7LOG	741	15443280	1251644	Day 2, Hour 9 (4 Mirtul, 1369)	WORLD_QUICKLOOT	^0xffcb967dBooprikt^-: ^0xffd7c8a0Yes?^-
2026-09-04 15:10:42.570 BaldursGateIIEnhancedEdition[26058:118586130] INFO: LUA: A7LOG	742	15443760	1252167	Day 2, Hour 9 (4 Mirtul, 1369)	WORLD_QUICKLOOT	^0xffcb967dBooprikt^-: ^0xffbed7d7Stopped Detecting Traps / Illusions^-
2026-09-04 15:10:42.739 BaldursGateIIEnhancedEdition[26058:118586130] INFO: LUA: A7LOG	743	15443880	1252337	Day 2, Hour 9 (4 Mirtul, 1369)	WORLD_QUICKLOOT	^0xffcb967dBooprikt^-: ^0xffbed7d7Detecting Traps / Illusions^-
2026-09-04 15:10:43.428 BaldursGateIIEnhancedEdition[26058:118586130] INFO: LUA: A7LOG	744	15444480	1253025	Day 2, Hour 9 (4 Mirtul, 1369)	WORLD_QUICKLOOT	^0xff018bffSkeleton Warrior^-: ^0xffbed7d7Attacks Goblin^-
2026-09-04 15:10:44.313 BaldursGateIIEnhancedEdition[26058:118586130] INFO: LUA: A7LOG	745	15445260	1253910	Day 2, Hour 9 (4 Mirtul, 1369)	WORLD_QUICKLOOT	^0xffbed7d7Goblin^-: ^0xffbed7d7Roll:2 +Luck:0 +SpecialAC:-2  +HitMod:0  +Attack of Opportunity:4  +Berserk:0  +Right:0 (+Weapon Bonus 0+Proficiency 0+STR 0+STREX 0+Melee bonus 0+Racial 0+Effects 0) +Invisible:0  +Invisible Target:0  +Range:0  +Hated Race:0  +Special Target:0  +Protections:0 ^-
2026-09-04 15:10:44.313 BaldursGateIIEnhancedEdition[26058:118586130] INFO: LUA: A7LOG	746	15445260	1253910	Day 2, Hour 9 (4 Mirtul, 1369)	WORLD_QUICKLOOT	^0xff655850Goblin^-: ^0xffbed7d7Attack Roll 2 + 2 = 4 : Miss^-
2026-09-04 15:10:45.640 BaldursGateIIEnhancedEdition[26058:118586130] INFO: sAchieveID=NONE,m_sGlobalName=SPRITE_IS_DEADNone,m_nValue=1
2026-09-04 15:10:45.643 BaldursGateIIEnhancedEdition[26058:118586130] INFO: LUA: A7LOG	747	15446460	1255241	Day 2, Hour 9 (4 Mirtul, 1369)	WORLD_QUICKLOOT	^0xffbed7d7Minsc^-: ^0xffbed7d7Roll:17 +Luck:0 +SpecialAC:0  +HitMod:0  +Attack of Opportunity:0  +Berserk:0  +Right:3 (+Weapon Bonus 0+Proficiency 1+STR 1+STREX 1+Melee bonus 0+Racial 0+Effects 0) +Invisible:0  +Invisible Target:0  +Range:0  +Hated Race:0  +Special Target:0  +Protections:0 ^-
2026-09-04 15:10:45.643 BaldursGateIIEnhancedEdition[26058:118586130] INFO: LUA: A7LOG	748	15446460	1255241	Day 2, Hour 9 (4 Mirtul, 1369)	WORLD_QUICKLOOT	^0xffc0a1aaMinsc^-: ^0xffbed7d7Attack Roll 17 + 3 = 20 : Hit^-
2026-09-04 15:10:45.644 BaldursGateIIEnhancedEdition[26058:118586130] INFO: LUA: A7LOG	749	15446460	1255241	Day 2, Hour 9 (4 Mirtul, 1369)	WORLD_QUICKLOOT	^0xffbed7d7Minsc^-: ^0xffbed7d7Roll:5  +DamageMod:0  +Hand bonus:0 (+Proficiency 2+Melee bonus 0+Effects 0) +Attack of Opportunity:0  *Backstab:0  +Berserk:0  +Strength:5  +Hated Race:0  +Special Bonus:0 ^-
2026-09-04 15:10:45.644 BaldursGateIIEnhancedEdition[26058:118586130] INFO: LUA: A7LOG	750	15446460	1255241	Day 2, Hour 9 (4 Mirtul, 1369)	WORLD_QUICKLOOT	^0xff655850Goblin^-: ^0xffbed7d7Takes 12 slashing damage from Minsc^-
2026-09-04 15:10:45.644 BaldursGateIIEnhancedEdition[26058:118586130] INFO: LUA: A7LOG	751	15446460	1255241	Day 2, Hour 9 (4 Mirtul, 1369)	WORLD_QUICKLOOT	^0xff655850Goblin^-: ^0xffbed7d7Death^-
2026-09-04 15:10:46.183 BaldursGateIIEnhancedEdition[26058:118586130] INFO: LUA: A7LOG	752	15446940	1255780	Day 2, Hour 9 (4 Mirtul, 1369)	WORLD_QUICKLOOT	^0xffc8ffc8The Party Has Gained Experience: 20^-
2026-09-04 15:10:46.944 BaldursGateIIEnhancedEdition[26058:118586130] INFO: LUA: A7LOG	753	15447600	1256541	Day 2, Hour 9 (4 Mirtul, 1369)	WORLD_QUICKLOOT	^0xffcb967dBooprikt^-: ^0xffbed7d7Stopped Detecting Traps / Illusions^-
2026-09-04 15:10:47.117 BaldursGateIIEnhancedEdition[26058:118586130] INFO: LUA: A7LOG	754	15447720	1256715	Day 2, Hour 9 (4 Mirtul, 1369)	WORLD_QUICKLOOT	^0xffcb967dBooprikt^-: ^0xffbed7d7Detecting Traps / Illusions^-
2026-09-04 15:10:49.646 BaldursGateIIEnhancedEdition[26058:118586130] INFO: LUA: A7LOG	755	15449820	1259243	Day 2, Hour 9 (4 Mirtul, 1369)	WORLD_QUICKLOOT	^0xff0000ffPAUSED^-
2026-09-04 15:10:50.569 BaldursGateIIEnhancedEdition[26058:118586130] INFO: LUA: A7LOG	756	15449820	1260166	Day 2, Hour 9 (4 Mirtul, 1369)	WORLD_QUICKLOOT	^0xff0000ffUNPAUSED^-
2026-09-04 15:10:50.979 BaldursGateIIEnhancedEdition[26058:118586130] INFO: LUA: A7LOG	757	15450180	1260576	Day 2, Hour 9 (4 Mirtul, 1369)	WORLD_QUICKLOOT	^0xffd6bd9fJaheira^-: ^0xffd7c8a0I await your need.^-
2026-09-04 15:10:51.613 BaldursGateIIEnhancedEdition[26058:118586130] INFO: LUA: A7LOG	758	15450720	1261211	Day 2, Hour 9 (4 Mirtul, 1369)	WORLD_QUICKLOOT	^0xffd6bd9fJaheira^-: ^0xffd7c8a0If you think it is wise to do so. So much comes back to haunt us.^-
2026-09-04 15:10:52.347 BaldursGateIIEnhancedEdition[26058:118586130] INFO: LUA: A7LOG	759	15451380	1261945	Day 2, Hour 9 (4 Mirtul, 1369)	WORLD_QUICKLOOT	^0xffd595caGoblin^-: ^0xffbed7d7Attacks Skeleton Warrior^-
2026-09-04 15:10:52.691 BaldursGateIIEnhancedEdition[26058:118586130] INFO: LUA: A7LOG	760	15451680	1262288	Day 2, Hour 9 (4 Mirtul, 1369)	WORLD_QUICKLOOT	^0xffc0a1aaMinsc^-: ^0xffd7c8a0Minsc and Boo stand ready.^-
2026-09-04 15:10:53.170 BaldursGateIIEnhancedEdition[26058:118586130] INFO: LUA: A7LOG	761	15452100	1262767	Day 2, Hour 9 (4 Mirtul, 1369)	WORLD_QUICKLOOT	^0xffbed7d7Goblin^-: ^0xffbed7d7Roll:10 +Luck:0 +SpecialAC:0  +HitMod:0  +Attack of Opportunity:0  +Berserk:0  +Right:1 (+Weapon Bonus 0+Launcher 0+Proficiency 1+Dex 0+Missile 0+Racial 0+Effects 0) +Invisible:0  +Invisible Target:0  +Range:0  +Hated Race:0  +Special Target:0  +Protections:0 ^-
2026-09-04 15:10:53.170 BaldursGateIIEnhancedEdition[26058:118586130] INFO: LUA: A7LOG	762	15452100	1262767	Day 2, Hour 9 (4 Mirtul, 1369)	WORLD_QUICKLOOT	^0xffd595caGoblin^-: ^0xffbed7d7Attack Roll 10 + 1 = 11 : Miss^-
2026-09-04 15:10:53.764 BaldursGateIIEnhancedEdition[26058:118586130] INFO: LUA: A7LOG	763	15452580	1263362	Day 2, Hour 9 (4 Mirtul, 1369)	WORLD_QUICKLOOT	^0xffc0a1aaMinsc^-: ^0xffd7c8a0Live by the sword, live a good long time!^-
2026-09-04 15:10:54.250 BaldursGateIIEnhancedEdition[26058:118586130] INFO: LUA: A7LOG	764	15453000	1263848	Day 2, Hour 9 (4 Mirtul, 1369)	WORLD_QUICKLOOT	^0xff018bffSkeleton Warrior^-: ^0xffbed7d7Attacks Goblin^-
2026-09-04 15:10:54.840 BaldursGateIIEnhancedEdition[26058:118586130] INFO: LUA: A7LOG	765	15453540	1264437	Day 2, Hour 9 (4 Mirtul, 1369)	WORLD_QUICKLOOT	^0xffcb967dBooprikt^-: ^0xffd7c8a0Hmm?^-
2026-09-04 15:10:55.018 BaldursGateIIEnhancedEdition[26058:118586130] INFO: LUA: A7LOG	766	15453600	1264615	Day 2, Hour 9 (4 Mirtul, 1369)	WORLD_QUICKLOOT	^0xff0000ffPAUSED^-
2026-09-04 15:10:55.049 BaldursGateIIEnhancedEdition[26058:118586130] INFO: LUA: A7LOG	767	15453600	1264646	Day 2, Hour 9 (4 Mirtul, 1369)	WORLD_QUICKLOOT	^0xffd6bd9fJaheira^-: ^0xffbed7d7Auto-Paused: Enemy Sighted^-
2026-09-04 15:10:56.232 BaldursGateIIEnhancedEdition[26058:118586130] INFO: LUA: A7LOG	768	15453600	1265829	Day 2, Hour 9 (4 Mirtul, 1369)	WORLD_QUICKLOOT	^0xffcb967dBooprikt^-: ^0xffd7c8a0If that's what you want.^-
2026-09-04 15:10:57.129 BaldursGateIIEnhancedEdition[26058:118586130] INFO: LUA: A7LOG	769	15453660	1266727	Day 2, Hour 9 (4 Mirtul, 1369)	WORLD_QUICKLOOT	^0xff0000ffUNPAUSED^-
2026-09-04 15:10:57.849 BaldursGateIIEnhancedEdition[26058:118586130] INFO: LUA: A7LOG	770	15454260	1267446	Day 2, Hour 9 (4 Mirtul, 1369)	WORLD_QUICKLOOT	^0xffd6bd9fJaheira^-: ^0xffbed7d7Attacks Goblin^-
2026-09-04 15:10:58.017 BaldursGateIIEnhancedEdition[26058:118586130] INFO: LUA: A7LOG	771	15454440	1267615	Day 2, Hour 9 (4 Mirtul, 1369)	WORLD_QUICKLOOT	^0xffbed7d7Goblin^-: ^0xffbed7d7Roll:11 +Luck:0 +SpecialAC:0  +HitMod:0  +Attack of Opportunity:0  +Berserk:0  +Right:1 (+Weapon Bonus 0+Launcher 0+Proficiency 1+Dex 0+Missile 0+Racial 0+Effects 0) +Invisible:0  +Invisible Target:0  +Range:0  +Hated Race:0  +Special Target:0  +Protections:0 ^-
2026-09-04 15:10:58.018 BaldursGateIIEnhancedEdition[26058:118586130] INFO: LUA: A7LOG	772	15454440	1267615	Day 2, Hour 9 (4 Mirtul, 1369)	WORLD_QUICKLOOT	^0xffd595caGoblin^-: ^0xffbed7d7Attack Roll 11 + 1 = 12 : Miss^-
2026-09-04 15:10:58.255 BaldursGateIIEnhancedEdition[26058:118586130] INFO: LUA: A7LOG	773	15454620	1267852	Day 2, Hour 9 (4 Mirtul, 1369)	WORLD_QUICKLOOT	^0xffbed7d7Jaheira^-: ^0xffbed7d7Roll:5 +Luck:0 +SpecialAC:0  +HitMod:0  +Attack of Opportunity:0  +Berserk:0  +Right:2 (+Weapon Bonus 0+Launcher 0+Proficiency 0+Dex 2+Missile 0+Racial 0+Effects 0) +Invisible:0  +Invisible Target:0  +Range:0  +Hated Race:0  +Special Target:0  +Protections:0 ^-
2026-09-04 15:10:58.255 BaldursGateIIEnhancedEdition[26058:118586130] INFO: LUA: A7LOG	774	15454620	1267852	Day 2, Hour 9 (4 Mirtul, 1369)	WORLD_QUICKLOOT	^0xffd6bd9fJaheira^-: ^0xffbed7d7Attack Roll 5 + 2 = 7 : Miss^-
2026-09-04 15:10:58.876 BaldursGateIIEnhancedEdition[26058:118586130] INFO: LUA: A7LOG	775	15455100	1268473	Day 2, Hour 9 (4 Mirtul, 1369)	WORLD_QUICKLOOT	^0xff0000ffPAUSED^-
2026-09-04 15:11:00.026 BaldursGateIIEnhancedEdition[26058:118586130] INFO: LUA: A7LOG	776	15455100	1269623	Day 2, Hour 9 (4 Mirtul, 1369)	WORLD_QUICKLOOT	^0xffd6bd9fJaheira^-: ^0xffd7c8a0Yes?^-
2026-09-04 15:11:01.482 BaldursGateIIEnhancedEdition[26058:118586130] INFO: LUA: A7LOG	777	15455160	1271080	Day 2, Hour 9 (4 Mirtul, 1369)	WORLD_QUICKLOOT	^0xff0000ffUNPAUSED^-
2026-09-04 15:11:01.516 BaldursGateIIEnhancedEdition[26058:118586130] INFO: LUA: A7LOG	778	15455160	1271114	Day 2, Hour 9 (4 Mirtul, 1369)	WORLD_QUICKLOOT	^0xffd6bd9fJaheira^-: ^0xffbed7d7Attacks Goblin^-
2026-09-04 15:11:03.947 BaldursGateIIEnhancedEdition[26058:118586130] INFO: LUA: A7LOG	779	15457320	1273545	Day 2, Hour 9 (4 Mirtul, 1369)	WORLD_QUICKLOOT	^0xffc0a1aaMinsc^-: ^0xffbed7d7Attacks Goblin^-
2026-09-04 15:11:04.020 BaldursGateIIEnhancedEdition[26058:118586130] INFO: LUA: A7LOG	780	15457260	1273617	Day 2, Hour 9 (4 Mirtul, 1369)	WORLD_QUICKLOOT	^0xff0000ffPAUSED^-
2026-09-04 15:11:04.605 BaldursGateIIEnhancedEdition[26058:118586130] INFO: LUA: A7LOG	781	15457260	1274202	Day 2, Hour 9 (4 Mirtul, 1369)	WORLD_QUICKLOOT	^0xffcb967dBooprikt^-: ^0xffd7c8a0I'm waiting.^-
2026-09-04 15:11:05.338 BaldursGateIIEnhancedEdition[26058:118586130] INFO: LUA: A7LOG	782	15457260	1274935	Day 2, Hour 9 (4 Mirtul, 1369)	WORLD_QUICKLOOT	^0xffcb967dBooprikt^-: ^0xffd7c8a0Whatever you desire.^-
2026-09-04 15:11:05.682 BaldursGateIIEnhancedEdition[26058:118586130] INFO: LUA: A7LOG	783	15457320	1275280	Day 2, Hour 9 (4 Mirtul, 1369)	WORLD_QUICKLOOT	^0xff0000ffUNPAUSED^-
2026-09-04 15:11:06.436 BaldursGateIIEnhancedEdition[26058:118586130] INFO: LUA: A7LOG	784	15457980	1276034	Day 2, Hour 9 (4 Mirtul, 1369)	WORLD_QUICKLOOT	^0xffd595caGoblin^-: ^0xffbed7d7Critical Miss^-
2026-09-04 15:11:06.436 BaldursGateIIEnhancedEdition[26058:118586130] INFO: LUA: A7LOG	785	15457980	1276034	Day 2, Hour 9 (4 Mirtul, 1369)	WORLD_QUICKLOOT	^0xffbed7d7Goblin^-: ^0xffbed7d7Roll:1 +Luck:0 +SpecialAC:0  +HitMod:0  +Attack of Opportunity:0  +Berserk:0  +Right:1 (+Weapon Bonus 0+Launcher 0+Proficiency 1+Dex 0+Missile 0+Racial 0+Effects 0) +Invisible:0  +Invisible Target:0  +Range:-8  +Hated Race:0  +Special Target:0  +Protections:0 ^-
2026-09-04 15:11:06.436 BaldursGateIIEnhancedEdition[26058:118586130] INFO: LUA: A7LOG	786	15457980	1276034	Day 2, Hour 9 (4 Mirtul, 1369)	WORLD_QUICKLOOT	^0xffd595caGoblin^-: ^0xffbed7d7Attack Roll 1 - 7 = -6 : Miss^-
2026-09-04 15:11:08.247 BaldursGateIIEnhancedEdition[26058:118586130] INFO: LUA: A7LOG	787	15459540	1277844	Day 2, Hour 9 (4 Mirtul, 1369)	WORLD_QUICKLOOT	^0xff018bffSkeleton Warrior^-: ^0xffbed7d7Attacks Goblin^-
2026-09-04 15:11:09.166 BaldursGateIIEnhancedEdition[26058:118586130] INFO: LUA: A7LOG	788	15460380	1278763	Day 2, Hour 9 (4 Mirtul, 1369)	WORLD_QUICKLOOT	^0xffbed7d7Goblin^-: ^0xffbed7d7Roll:3 +Luck:0 +SpecialAC:0  +HitMod:0  +Attack of Opportunity:0  +Berserk:0  +Right:1 (+Weapon Bonus 0+Launcher 0+Proficiency 1+Dex 0+Missile 0+Racial 0+Effects 0) +Invisible:0  +Invisible Target:0  +Range:-8  +Hated Race:0  +Special Target:0  +Protections:0 ^-
2026-09-04 15:11:09.166 BaldursGateIIEnhancedEdition[26058:118586130] INFO: LUA: A7LOG	789	15460380	1278764	Day 2, Hour 9 (4 Mirtul, 1369)	WORLD_QUICKLOOT	^0xffd595caGoblin^-: ^0xffbed7d7Attack Roll 3 - 7 = -4 : Miss^-
2026-09-04 15:11:11.816 BaldursGateIIEnhancedEdition[26058:118586130] INFO: sAchieveID=NONE,m_sGlobalName=SPRITE_IS_DEADNone,m_nValue=1
2026-09-04 15:11:11.818 BaldursGateIIEnhancedEdition[26058:118586130] INFO: LUA: A7LOG	790	15462660	1281415	Day 2, Hour 9 (4 Mirtul, 1369)	WORLD_QUICKLOOT	^0xffbed7d7Jaheira^-: ^0xffbed7d7Roll:20 +Luck:0 +SpecialAC:0  +HitMod:0  +Attack of Opportunity:4  +Berserk:0  +Right:2 (+Weapon Bonus 2+Proficiency 0+STR 0+STREX 0+Melee bonus 0+Racial 0+Effects 0) +Invisible:0  +Invisible Target:0  +Range:0  +Hated Race:0  +Special Target:0  +Protections:0 ^-
2026-09-04 15:11:11.818 BaldursGateIIEnhancedEdition[26058:118586130] INFO: LUA: A7LOG	791	15462660	1281416	Day 2, Hour 9 (4 Mirtul, 1369)	WORLD_QUICKLOOT	^0xffd6bd9fJaheira^-: ^0xffbed7d7Attack Roll 20 + 6 = 26 : Hit^-
2026-09-04 15:11:11.818 BaldursGateIIEnhancedEdition[26058:118586130] INFO: LUA: A7LOG	792	15462660	1281416	Day 2, Hour 9 (4 Mirtul, 1369)	WORLD_QUICKLOOT	^0xffd6bd9fJaheira^-: ^0xffbed7d7Critical Hit^-
2026-09-04 15:11:11.818 BaldursGateIIEnhancedEdition[26058:118586130] INFO: LUA: A7LOG	793	15462660	1281416	Day 2, Hour 9 (4 Mirtul, 1369)	WORLD_QUICKLOOT	^0xffd6bd9fJaheira^-: ^0xffd7c8a0With vengeance!^-
2026-09-04 15:11:11.818 BaldursGateIIEnhancedEdition[26058:118586130] INFO: LUA: A7LOG	794	15462660	1281416	Day 2, Hour 9 (4 Mirtul, 1369)	WORLD_QUICKLOOT	^0xffbed7d7Jaheira^-: ^0xffbed7d7Roll:11  +DamageMod:0  +Hand bonus:0 (+Proficiency 0+Melee bonus 0+Effects 0) +Attack of Opportunity:4  *Backstab:0  +Berserk:0  +Strength:0  +Hated Race:0  +Special Bonus:0 ^-
2026-09-04 15:11:11.818 BaldursGateIIEnhancedEdition[26058:118586130] INFO: LUA: A7LOG	795	15462660	1281416	Day 2, Hour 9 (4 Mirtul, 1369)	WORLD_QUICKLOOT	^0xffd595caGoblin^-: ^0xffbed7d7Takes 30 piercing damage from Jaheira^-
2026-09-04 15:11:11.818 BaldursGateIIEnhancedEdition[26058:118586130] INFO: LUA: A7LOG	796	15462660	1281416	Day 2, Hour 9 (4 Mirtul, 1369)	WORLD_QUICKLOOT	^0xffd595caGoblin^-: ^0xffbed7d7Death^-
2026-09-04 15:11:11.938 BaldursGateIIEnhancedEdition[26058:118586130] INFO: LUA: A7LOG	797	15462780	1281535	Day 2, Hour 9 (4 Mirtul, 1369)	WORLD_QUICKLOOT	^0xffc8ffc8The Party Has Gained Experience: 60^-
2026-09-04 15:11:20.671 BaldursGateIIEnhancedEdition[26058:118586130] INFO: scanning:(0) $HOME/Library/Application Support/Steam/steamapps/common/Baldur's Gate II Enhanced Edition/override
2026-09-04 15:11:20.688 BaldursGateIIEnhancedEdition[26058:118586130] INFO: scanning:(1) $HOME/Library/Application Support/Steam/steamapps/common/Baldur's Gate II Enhanced Edition/scripts
2026-09-04 15:11:20.689 BaldursGateIIEnhancedEdition[26058:118586130] INFO: scanning:(2) $HOME/Library/Application Support/Steam/steamapps/common/Baldur's Gate II Enhanced Edition/sounds
2026-09-04 15:11:20.689 BaldursGateIIEnhancedEdition[26058:118586130] INFO: scanning:(3) $HOME/Library/Application Support/Steam/steamapps/common/Baldur's Gate II Enhanced Edition/lang/en_US/sounds
2026-09-04 15:11:20.693 BaldursGateIIEnhancedEdition[26058:118586130] INFO: scanning:(4) $HOME/Library/Application Support/Steam/steamapps/common/Baldur's Gate II Enhanced Edition/portraits
2026-09-04 15:11:20.693 BaldursGateIIEnhancedEdition[26058:118586130] INFO: scanning:(5) $HOME/Library/Application Support/Steam/steamapps/common/Baldur's Gate II Enhanced Edition/characters
2026-09-04 15:11:20.693 BaldursGateIIEnhancedEdition[26058:118586130] INFO: scanning:(6) $HOME/Library/Application Support/Steam/steamapps/common/Baldur's Gate II Enhanced Edition/movies
2026-09-04 15:11:20.693 BaldursGateIIEnhancedEdition[26058:118586130] INFO: scanning:(7) $HOME/Library/Application Support/Steam/steamapps/common/Baldur's Gate II Enhanced Edition/lang/en_US/movies
2026-09-04 15:11:20.693 BaldursGateIIEnhancedEdition[26058:118586130] INFO: scanning:(8) $HOME/Documents/Baldur's Gate II - Enhanced Edition/override
2026-09-04 15:11:20.693 BaldursGateIIEnhancedEdition[26058:118586130] INFO: scanning:(9) $HOME/Documents/Baldur's Gate II - Enhanced Edition/scripts
2026-09-04 15:11:20.693 BaldursGateIIEnhancedEdition[26058:118586130] INFO: scanning:(10) $HOME/Documents/Baldur's Gate II - Enhanced Edition/sounds
2026-09-04 15:11:20.693 BaldursGateIIEnhancedEdition[26058:118586130] INFO: scanning:(11) $HOME/Documents/Baldur's Gate II - Enhanced Edition/portraits
2026-09-04 15:11:20.693 BaldursGateIIEnhancedEdition[26058:118586130] INFO: scanning:(12) $HOME/Documents/Baldur's Gate II - Enhanced Edition/characters
2026-09-04 15:11:20.693 BaldursGateIIEnhancedEdition[26058:118586130] INFO: scanning:(13) $HOME/Documents/Baldur's Gate II - Enhanced Edition/movies
2026-09-04 15:11:20.728 BaldursGateIIEnhancedEdition[26058:118586130] INFO: scanning:(0) $HOME/Library/Application Support/Steam/steamapps/common/Baldur's Gate II Enhanced Edition/override
2026-09-04 15:11:20.730 BaldursGateIIEnhancedEdition[26058:118586130] INFO: scanning:(1) $HOME/Library/Application Support/Steam/steamapps/common/Baldur's Gate II Enhanced Edition/scripts
2026-09-04 15:11:20.730 BaldursGateIIEnhancedEdition[26058:118586130] INFO: scanning:(2) $HOME/Library/Application Support/Steam/steamapps/common/Baldur's Gate II Enhanced Edition/sounds
2026-09-04 15:11:20.730 BaldursGateIIEnhancedEdition[26058:118586130] INFO: scanning:(3) $HOME/Library/Application Support/Steam/steamapps/common/Baldur's Gate II Enhanced Edition/lang/en_US/sounds
2026-09-04 15:11:20.730 BaldursGateIIEnhancedEdition[26058:118586130] INFO: scanning:(4) $HOME/Library/Application Support/Steam/steamapps/common/Baldur's Gate II Enhanced Edition/portraits
2026-09-04 15:11:20.730 BaldursGateIIEnhancedEdition[26058:118586130] INFO: scanning:(5) $HOME/Library/Application Support/Steam/steamapps/common/Baldur's Gate II Enhanced Edition/characters
2026-09-04 15:11:20.730 BaldursGateIIEnhancedEdition[26058:118586130] INFO: scanning:(6) $HOME/Library/Application Support/Steam/steamapps/common/Baldur's Gate II Enhanced Edition/movies
2026-09-04 15:11:20.730 BaldursGateIIEnhancedEdition[26058:118586130] INFO: scanning:(7) $HOME/Library/Application Support/Steam/steamapps/common/Baldur's Gate II Enhanced Edition/lang/en_US/movies
2026-09-04 15:11:20.730 BaldursGateIIEnhancedEdition[26058:118586130] INFO: scanning:(8) $HOME/Documents/Baldur's Gate II - Enhanced Edition/override
2026-09-04 15:11:20.730 BaldursGateIIEnhancedEdition[26058:118586130] INFO: scanning:(9) $HOME/Documents/Baldur's Gate II - Enhanced Edition/scripts
2026-09-04 15:11:20.730 BaldursGateIIEnhancedEdition[26058:118586130] INFO: scanning:(10) $HOME/Documents/Baldur's Gate II - Enhanced Edition/sounds
2026-09-04 15:11:20.730 BaldursGateIIEnhancedEdition[26058:118586130] INFO: scanning:(11) $HOME/Documents/Baldur's Gate II - Enhanced Edition/portraits
2026-09-04 15:11:20.730 BaldursGateIIEnhancedEdition[26058:118586130] INFO: scanning:(12) $HOME/Documents/Baldur's Gate II - Enhanced Edition/characters
2026-09-04 15:11:20.730 BaldursGateIIEnhancedEdition[26058:118586130] INFO: scanning:(13) $HOME/Documents/Baldur's Gate II - Enhanced Edition/movies
2026-09-04 15:11:20.732 BaldursGateIIEnhancedEdition[26058:118586130] INFO: scanning:(0) $HOME/Library/Application Support/Steam/steamapps/common/Baldur's Gate II Enhanced Edition/override
2026-09-04 15:11:20.733 BaldursGateIIEnhancedEdition[26058:118586130] INFO: scanning:(1) $HOME/Library/Application Support/Steam/steamapps/common/Baldur's Gate II Enhanced Edition/scripts
2026-09-04 15:11:20.733 BaldursGateIIEnhancedEdition[26058:118586130] INFO: scanning:(2) $HOME/Library/Application Support/Steam/steamapps/common/Baldur's Gate II Enhanced Edition/sounds
2026-09-04 15:11:20.733 BaldursGateIIEnhancedEdition[26058:118586130] INFO: scanning:(3) $HOME/Library/Application Support/Steam/steamapps/common/Baldur's Gate II Enhanced Edition/lang/en_US/sounds
2026-09-04 15:11:20.733 BaldursGateIIEnhancedEdition[26058:118586130] INFO: scanning:(4) $HOME/Library/Application Support/Steam/steamapps/common/Baldur's Gate II Enhanced Edition/portraits
2026-09-04 15:11:20.733 BaldursGateIIEnhancedEdition[26058:118586130] INFO: scanning:(5) $HOME/Library/Application Support/Steam/steamapps/common/Baldur's Gate II Enhanced Edition/characters
2026-09-04 15:11:20.733 BaldursGateIIEnhancedEdition[26058:118586130] INFO: scanning:(6) $HOME/Library/Application Support/Steam/steamapps/common/Baldur's Gate II Enhanced Edition/movies
2026-09-04 15:11:20.733 BaldursGateIIEnhancedEdition[26058:118586130] INFO: scanning:(7) $HOME/Library/Application Support/Steam/steamapps/common/Baldur's Gate II Enhanced Edition/lang/en_US/movies
2026-09-04 15:11:20.733 BaldursGateIIEnhancedEdition[26058:118586130] INFO: scanning:(8) $HOME/Documents/Baldur's Gate II - Enhanced Edition/override
2026-09-04 15:11:20.733 BaldursGateIIEnhancedEdition[26058:118586130] INFO: scanning:(9) $HOME/Documents/Baldur's Gate II - Enhanced Edition/scripts
2026-09-04 15:11:20.733 BaldursGateIIEnhancedEdition[26058:118586130] INFO: scanning:(10) $HOME/Documents/Baldur's Gate II - Enhanced Edition/sounds
2026-09-04 15:11:20.734 BaldursGateIIEnhancedEdition[26058:118586130] INFO: scanning:(11) $HOME/Documents/Baldur's Gate II - Enhanced Edition/portraits
2026-09-04 15:11:20.734 BaldursGateIIEnhancedEdition[26058:118586130] INFO: scanning:(12) $HOME/Documents/Baldur's Gate II - Enhanced Edition/characters
2026-09-04 15:11:20.734 BaldursGateIIEnhancedEdition[26058:118586130] INFO: scanning:(13) $HOME/Documents/Baldur's Gate II - Enhanced Edition/movies
2026-09-04 15:11:20.735 BaldursGateIIEnhancedEdition[26058:118586130] INFO: scanning:(0) $HOME/Library/Application Support/Steam/steamapps/common/Baldur's Gate II Enhanced Edition/override
2026-09-04 15:11:20.737 BaldursGateIIEnhancedEdition[26058:118586130] INFO: scanning:(1) $HOME/Library/Application Support/Steam/steamapps/common/Baldur's Gate II Enhanced Edition/scripts
2026-09-04 15:11:20.737 BaldursGateIIEnhancedEdition[26058:118586130] INFO: scanning:(2) $HOME/Library/Application Support/Steam/steamapps/common/Baldur's Gate II Enhanced Edition/sounds
2026-09-04 15:11:20.737 BaldursGateIIEnhancedEdition[26058:118586130] INFO: scanning:(3) $HOME/Library/Application Support/Steam/steamapps/common/Baldur's Gate II Enhanced Edition/lang/en_US/sounds
2026-09-04 15:11:20.737 BaldursGateIIEnhancedEdition[26058:118586130] INFO: scanning:(4) $HOME/Library/Application Support/Steam/steamapps/common/Baldur's Gate II Enhanced Edition/portraits
2026-09-04 15:11:20.737 BaldursGateIIEnhancedEdition[26058:118586130] INFO: scanning:(5) $HOME/Library/Application Support/Steam/steamapps/common/Baldur's Gate II Enhanced Edition/characters
2026-09-04 15:11:20.737 BaldursGateIIEnhancedEdition[26058:118586130] INFO: scanning:(6) $HOME/Library/Application Support/Steam/steamapps/common/Baldur's Gate II Enhanced Edition/movies
2026-09-04 15:11:20.737 BaldursGateIIEnhancedEdition[26058:118586130] INFO: scanning:(7) $HOME/Library/Application Support/Steam/steamapps/common/Baldur's Gate II Enhanced Edition/lang/en_US/movies
2026-09-04 15:11:20.737 BaldursGateIIEnhancedEdition[26058:118586130] INFO: scanning:(8) $HOME/Documents/Baldur's Gate II - Enhanced Edition/override
2026-09-04 15:11:20.737 BaldursGateIIEnhancedEdition[26058:118586130] INFO: scanning:(9) $HOME/Documents/Baldur's Gate II - Enhanced Edition/scripts
2026-09-04 15:11:20.737 BaldursGateIIEnhancedEdition[26058:118586130] INFO: scanning:(10) $HOME/Documents/Baldur's Gate II - Enhanced Edition/sounds
2026-09-04 15:11:20.737 BaldursGateIIEnhancedEdition[26058:118586130] INFO: scanning:(11) $HOME/Documents/Baldur's Gate II - Enhanced Edition/portraits
2026-09-04 15:11:20.737 BaldursGateIIEnhancedEdition[26058:118586130] INFO: scanning:(12) $HOME/Documents/Baldur's Gate II - Enhanced Edition/characters
2026-09-04 15:11:20.737 BaldursGateIIEnhancedEdition[26058:118586130] INFO: scanning:(13) $HOME/Documents/Baldur's Gate II - Enhanced Edition/movies
2026-09-04 15:11:20.738 BaldursGateIIEnhancedEdition[26058:118586130] INFO: scanning:(0) $HOME/Library/Application Support/Steam/steamapps/common/Baldur's Gate II Enhanced Edition/override
2026-09-04 15:11:20.740 BaldursGateIIEnhancedEdition[26058:118586130] INFO: scanning:(1) $HOME/Library/Application Support/Steam/steamapps/common/Baldur's Gate II Enhanced Edition/scripts
2026-09-04 15:11:20.740 BaldursGateIIEnhancedEdition[26058:118586130] INFO: scanning:(2) $HOME/Library/Application Support/Steam/steamapps/common/Baldur's Gate II Enhanced Edition/sounds
2026-09-04 15:11:20.740 BaldursGateIIEnhancedEdition[26058:118586130] INFO: scanning:(3) $HOME/Library/Application Support/Steam/steamapps/common/Baldur's Gate II Enhanced Edition/lang/en_US/sounds
2026-09-04 15:11:20.740 BaldursGateIIEnhancedEdition[26058:118586130] INFO: scanning:(4) $HOME/Library/Application Support/Steam/steamapps/common/Baldur's Gate II Enhanced Edition/portraits
2026-09-04 15:11:20.740 BaldursGateIIEnhancedEdition[26058:118586130] INFO: scanning:(5) $HOME/Library/Application Support/Steam/steamapps/common/Baldur's Gate II Enhanced Edition/characters
2026-09-04 15:11:20.740 BaldursGateIIEnhancedEdition[26058:118586130] INFO: scanning:(6) $HOME/Library/Application Support/Steam/steamapps/common/Baldur's Gate II Enhanced Edition/movies
2026-09-04 15:11:20.740 BaldursGateIIEnhancedEdition[26058:118586130] INFO: scanning:(7) $HOME/Library/Application Support/Steam/steamapps/common/Baldur's Gate II Enhanced Edition/lang/en_US/movies
2026-09-04 15:11:20.740 BaldursGateIIEnhancedEdition[26058:118586130] INFO: scanning:(8) $HOME/Documents/Baldur's Gate II - Enhanced Edition/override
2026-09-04 15:11:20.740 BaldursGateIIEnhancedEdition[26058:118586130] INFO: scanning:(9) $HOME/Documents/Baldur's Gate II - Enhanced Edition/scripts
2026-09-04 15:11:20.740 BaldursGateIIEnhancedEdition[26058:118586130] INFO: scanning:(10) $HOME/Documents/Baldur's Gate II - Enhanced Edition/sounds
2026-09-04 15:11:20.740 BaldursGateIIEnhancedEdition[26058:118586130] INFO: scanning:(11) $HOME/Documents/Baldur's Gate II - Enhanced Edition/portraits
2026-09-04 15:11:20.740 BaldursGateIIEnhancedEdition[26058:118586130] INFO: scanning:(12) $HOME/Documents/Baldur's Gate II - Enhanced Edition/characters
2026-09-04 15:11:20.740 BaldursGateIIEnhancedEdition[26058:118586130] INFO: scanning:(13) $HOME/Documents/Baldur's Gate II - Enhanced Edition/movies
2026-09-04 15:11:20.749 BaldursGateIIEnhancedEdition[26058:118586130] INFO: scanning:(0) $HOME/Library/Application Support/Steam/steamapps/common/Baldur's Gate II Enhanced Edition/override
2026-09-04 15:11:20.751 BaldursGateIIEnhancedEdition[26058:118586130] INFO: scanning:(1) $HOME/Library/Application Support/Steam/steamapps/common/Baldur's Gate II Enhanced Edition/scripts
2026-09-04 15:11:20.751 BaldursGateIIEnhancedEdition[26058:118586130] INFO: scanning:(2) $HOME/Library/Application Support/Steam/steamapps/common/Baldur's Gate II Enhanced Edition/sounds
2026-09-04 15:11:20.751 BaldursGateIIEnhancedEdition[26058:118586130] INFO: scanning:(3) $HOME/Library/Application Support/Steam/steamapps/common/Baldur's Gate II Enhanced Edition/lang/en_US/sounds
2026-09-04 15:11:20.751 BaldursGateIIEnhancedEdition[26058:118586130] INFO: scanning:(4) $HOME/Library/Application Support/Steam/steamapps/common/Baldur's Gate II Enhanced Edition/portraits
2026-09-04 15:11:20.751 BaldursGateIIEnhancedEdition[26058:118586130] INFO: scanning:(5) $HOME/Library/Application Support/Steam/steamapps/common/Baldur's Gate II Enhanced Edition/characters
2026-09-04 15:11:20.751 BaldursGateIIEnhancedEdition[26058:118586130] INFO: scanning:(6) $HOME/Library/Application Support/Steam/steamapps/common/Baldur's Gate II Enhanced Edition/movies
2026-09-04 15:11:20.751 BaldursGateIIEnhancedEdition[26058:118586130] INFO: scanning:(7) $HOME/Library/Application Support/Steam/steamapps/common/Baldur's Gate II Enhanced Edition/lang/en_US/movies
2026-09-04 15:11:20.751 BaldursGateIIEnhancedEdition[26058:118586130] INFO: scanning:(8) $HOME/Documents/Baldur's Gate II - Enhanced Edition/override
2026-09-04 15:11:20.751 BaldursGateIIEnhancedEdition[26058:118586130] INFO: scanning:(9) $HOME/Documents/Baldur's Gate II - Enhanced Edition/scripts
2026-09-04 15:11:20.751 BaldursGateIIEnhancedEdition[26058:118586130] INFO: scanning:(10) $HOME/Documents/Baldur's Gate II - Enhanced Edition/sounds
2026-09-04 15:11:20.751 BaldursGateIIEnhancedEdition[26058:118586130] INFO: scanning:(11) $HOME/Documents/Baldur's Gate II - Enhanced Edition/portraits
2026-09-04 15:11:20.751 BaldursGateIIEnhancedEdition[26058:118586130] INFO: scanning:(12) $HOME/Documents/Baldur's Gate II - Enhanced Edition/characters
2026-09-04 15:11:20.751 BaldursGateIIEnhancedEdition[26058:118586130] INFO: scanning:(13) $HOME/Documents/Baldur's Gate II - Enhanced Edition/movies
2026-09-04 15:11:20.753 BaldursGateIIEnhancedEdition[26058:118586130] INFO: scanning:(0) $HOME/Library/Application Support/Steam/steamapps/common/Baldur's Gate II Enhanced Edition/override
2026-09-04 15:11:20.754 BaldursGateIIEnhancedEdition[26058:118586130] INFO: scanning:(1) $HOME/Library/Application Support/Steam/steamapps/common/Baldur's Gate II Enhanced Edition/scripts
2026-09-04 15:11:20.754 BaldursGateIIEnhancedEdition[26058:118586130] INFO: scanning:(2) $HOME/Library/Application Support/Steam/steamapps/common/Baldur's Gate II Enhanced Edition/sounds
2026-09-04 15:11:20.754 BaldursGateIIEnhancedEdition[26058:118586130] INFO: scanning:(3) $HOME/Library/Application Support/Steam/steamapps/common/Baldur's Gate II Enhanced Edition/lang/en_US/sounds
2026-09-04 15:11:20.754 BaldursGateIIEnhancedEdition[26058:118586130] INFO: scanning:(4) $HOME/Library/Application Support/Steam/steamapps/common/Baldur's Gate II Enhanced Edition/portraits
2026-09-04 15:11:20.754 BaldursGateIIEnhancedEdition[26058:118586130] INFO: scanning:(5) $HOME/Library/Application Support/Steam/steamapps/common/Baldur's Gate II Enhanced Edition/characters
2026-09-04 15:11:20.754 BaldursGateIIEnhancedEdition[26058:118586130] INFO: scanning:(6) $HOME/Library/Application Support/Steam/steamapps/common/Baldur's Gate II Enhanced Edition/movies
2026-09-04 15:11:20.755 BaldursGateIIEnhancedEdition[26058:118586130] INFO: scanning:(7) $HOME/Library/Application Support/Steam/steamapps/common/Baldur's Gate II Enhanced Edition/lang/en_US/movies
2026-09-04 15:11:20.755 BaldursGateIIEnhancedEdition[26058:118586130] INFO: scanning:(8) $HOME/Documents/Baldur's Gate II - Enhanced Edition/override
2026-09-04 15:11:20.755 BaldursGateIIEnhancedEdition[26058:118586130] INFO: scanning:(9) $HOME/Documents/Baldur's Gate II - Enhanced Edition/scripts
2026-09-04 15:11:20.755 BaldursGateIIEnhancedEdition[26058:118586130] INFO: scanning:(10) $HOME/Documents/Baldur's Gate II - Enhanced Edition/sounds
2026-09-04 15:11:20.755 BaldursGateIIEnhancedEdition[26058:118586130] INFO: scanning:(11) $HOME/Documents/Baldur's Gate II - Enhanced Edition/portraits
2026-09-04 15:11:20.755 BaldursGateIIEnhancedEdition[26058:118586130] INFO: scanning:(12) $HOME/Documents/Baldur's Gate II - Enhanced Edition/characters
2026-09-04 15:11:20.755 BaldursGateIIEnhancedEdition[26058:118586130] INFO: scanning:(13) $HOME/Documents/Baldur's Gate II - Enhanced Edition/movies
2026-09-04 15:11:20.756 BaldursGateIIEnhancedEdition[26058:118586130] INFO: scanning:(0) $HOME/Library/Application Support/Steam/steamapps/common/Baldur's Gate II Enhanced Edition/override
2026-09-04 15:11:20.757 BaldursGateIIEnhancedEdition[26058:118586130] INFO: scanning:(1) $HOME/Library/Application Support/Steam/steamapps/common/Baldur's Gate II Enhanced Edition/scripts
2026-09-04 15:11:20.757 BaldursGateIIEnhancedEdition[26058:118586130] INFO: scanning:(2) $HOME/Library/Application Support/Steam/steamapps/common/Baldur's Gate II Enhanced Edition/sounds
2026-09-04 15:11:20.757 BaldursGateIIEnhancedEdition[26058:118586130] INFO: scanning:(3) $HOME/Library/Application Support/Steam/steamapps/common/Baldur's Gate II Enhanced Edition/lang/en_US/sounds
2026-09-04 15:11:20.758 BaldursGateIIEnhancedEdition[26058:118586130] INFO: scanning:(4) $HOME/Library/Application Support/Steam/steamapps/common/Baldur's Gate II Enhanced Edition/portraits
2026-09-04 15:11:20.758 BaldursGateIIEnhancedEdition[26058:118586130] INFO: scanning:(5) $HOME/Library/Application Support/Steam/steamapps/common/Baldur's Gate II Enhanced Edition/characters
2026-09-04 15:11:20.758 BaldursGateIIEnhancedEdition[26058:118586130] INFO: scanning:(6) $HOME/Library/Application Support/Steam/steamapps/common/Baldur's Gate II Enhanced Edition/movies
2026-09-04 15:11:20.758 BaldursGateIIEnhancedEdition[26058:118586130] INFO: scanning:(7) $HOME/Library/Application Support/Steam/steamapps/common/Baldur's Gate II Enhanced Edition/lang/en_US/movies
2026-09-04 15:11:20.758 BaldursGateIIEnhancedEdition[26058:118586130] INFO: scanning:(8) $HOME/Documents/Baldur's Gate II - Enhanced Edition/override
2026-09-04 15:11:20.758 BaldursGateIIEnhancedEdition[26058:118586130] INFO: scanning:(9) $HOME/Documents/Baldur's Gate II - Enhanced Edition/scripts
2026-09-04 15:11:20.758 BaldursGateIIEnhancedEdition[26058:118586130] INFO: scanning:(10) $HOME/Documents/Baldur's Gate II - Enhanced Edition/sounds
2026-09-04 15:11:20.758 BaldursGateIIEnhancedEdition[26058:118586130] INFO: scanning:(11) $HOME/Documents/Baldur's Gate II - Enhanced Edition/portraits
2026-09-04 15:11:20.758 BaldursGateIIEnhancedEdition[26058:118586130] INFO: scanning:(12) $HOME/Documents/Baldur's Gate II - Enhanced Edition/characters
2026-09-04 15:11:20.758 BaldursGateIIEnhancedEdition[26058:118586130] INFO: scanning:(13) $HOME/Documents/Baldur's Gate II - Enhanced Edition/movies
2026-09-04 15:11:20.759 BaldursGateIIEnhancedEdition[26058:118586130] INFO: scanning:(0) $HOME/Library/Application Support/Steam/steamapps/common/Baldur's Gate II Enhanced Edition/override
2026-09-04 15:11:20.761 BaldursGateIIEnhancedEdition[26058:118586130] INFO: scanning:(1) $HOME/Library/Application Support/Steam/steamapps/common/Baldur's Gate II Enhanced Edition/scripts
2026-09-04 15:11:20.761 BaldursGateIIEnhancedEdition[26058:118586130] INFO: scanning:(2) $HOME/Library/Application Support/Steam/steamapps/common/Baldur's Gate II Enhanced Edition/sounds
2026-09-04 15:11:20.761 BaldursGateIIEnhancedEdition[26058:118586130] INFO: scanning:(3) $HOME/Library/Application Support/Steam/steamapps/common/Baldur's Gate II Enhanced Edition/lang/en_US/sounds
2026-09-04 15:11:20.761 BaldursGateIIEnhancedEdition[26058:118586130] INFO: scanning:(4) $HOME/Library/Application Support/Steam/steamapps/common/Baldur's Gate II Enhanced Edition/portraits
2026-09-04 15:11:20.761 BaldursGateIIEnhancedEdition[26058:118586130] INFO: scanning:(5) $HOME/Library/Application Support/Steam/steamapps/common/Baldur's Gate II Enhanced Edition/characters
2026-09-04 15:11:20.761 BaldursGateIIEnhancedEdition[26058:118586130] INFO: scanning:(6) $HOME/Library/Application Support/Steam/steamapps/common/Baldur's Gate II Enhanced Edition/movies
2026-09-04 15:11:20.761 BaldursGateIIEnhancedEdition[26058:118586130] INFO: scanning:(7) $HOME/Library/Application Support/Steam/steamapps/common/Baldur's Gate II Enhanced Edition/lang/en_US/movies
2026-09-04 15:11:20.761 BaldursGateIIEnhancedEdition[26058:118586130] INFO: scanning:(8) $HOME/Documents/Baldur's Gate II - Enhanced Edition/override
2026-09-04 15:11:20.761 BaldursGateIIEnhancedEdition[26058:118586130] INFO: scanning:(9) $HOME/Documents/Baldur's Gate II - Enhanced Edition/scripts
2026-09-04 15:11:20.761 BaldursGateIIEnhancedEdition[26058:118586130] INFO: scanning:(10) $HOME/Documents/Baldur's Gate II - Enhanced Edition/sounds
2026-09-04 15:11:20.761 BaldursGateIIEnhancedEdition[26058:118586130] INFO: scanning:(11) $HOME/Documents/Baldur's Gate II - Enhanced Edition/portraits
2026-09-04 15:11:20.761 BaldursGateIIEnhancedEdition[26058:118586130] INFO: scanning:(12) $HOME/Documents/Baldur's Gate II - Enhanced Edition/characters
2026-09-04 15:11:20.761 BaldursGateIIEnhancedEdition[26058:118586130] INFO: scanning:(13) $HOME/Documents/Baldur's Gate II - Enhanced Edition/movies
2026-09-04 15:11:20.762 BaldursGateIIEnhancedEdition[26058:118586130] INFO: scanning:(0) $HOME/Library/Application Support/Steam/steamapps/common/Baldur's Gate II Enhanced Edition/override
2026-09-04 15:11:20.764 BaldursGateIIEnhancedEdition[26058:118586130] INFO: scanning:(1) $HOME/Library/Application Support/Steam/steamapps/common/Baldur's Gate II Enhanced Edition/scripts
2026-09-04 15:11:20.764 BaldursGateIIEnhancedEdition[26058:118586130] INFO: scanning:(2) $HOME/Library/Application Support/Steam/steamapps/common/Baldur's Gate II Enhanced Edition/sounds
2026-09-04 15:11:20.764 BaldursGateIIEnhancedEdition[26058:118586130] INFO: scanning:(3) $HOME/Library/Application Support/Steam/steamapps/common/Baldur's Gate II Enhanced Edition/lang/en_US/sounds
2026-09-04 15:11:20.764 BaldursGateIIEnhancedEdition[26058:118586130] INFO: scanning:(4) $HOME/Library/Application Support/Steam/steamapps/common/Baldur's Gate II Enhanced Edition/portraits
2026-09-04 15:11:20.764 BaldursGateIIEnhancedEdition[26058:118586130] INFO: scanning:(5) $HOME/Library/Application Support/Steam/steamapps/common/Baldur's Gate II Enhanced Edition/characters
2026-09-04 15:11:20.764 BaldursGateIIEnhancedEdition[26058:118586130] INFO: scanning:(6) $HOME/Library/Application Support/Steam/steamapps/common/Baldur's Gate II Enhanced Edition/movies
2026-09-04 15:11:20.764 BaldursGateIIEnhancedEdition[26058:118586130] INFO: scanning:(7) $HOME/Library/Application Support/Steam/steamapps/common/Baldur's Gate II Enhanced Edition/lang/en_US/movies
2026-09-04 15:11:20.764 BaldursGateIIEnhancedEdition[26058:118586130] INFO: scanning:(8) $HOME/Documents/Baldur's Gate II - Enhanced Edition/override
2026-09-04 15:11:20.764 BaldursGateIIEnhancedEdition[26058:118586130] INFO: scanning:(9) $HOME/Documents/Baldur's Gate II - Enhanced Edition/scripts
2026-09-04 15:11:20.764 BaldursGateIIEnhancedEdition[26058:118586130] INFO: scanning:(10) $HOME/Documents/Baldur's Gate II - Enhanced Edition/sounds
2026-09-04 15:11:20.764 BaldursGateIIEnhancedEdition[26058:118586130] INFO: scanning:(11) $HOME/Documents/Baldur's Gate II - Enhanced Edition/portraits
2026-09-04 15:11:20.764 BaldursGateIIEnhancedEdition[26058:118586130] INFO: scanning:(12) $HOME/Documents/Baldur's Gate II - Enhanced Edition/characters
2026-09-04 15:11:20.764 BaldursGateIIEnhancedEdition[26058:118586130] INFO: scanning:(13) $HOME/Documents/Baldur's Gate II - Enhanced Edition/movies
2026-09-04 15:11:20.766 BaldursGateIIEnhancedEdition[26058:118586130] INFO: LUA: A7LOG	798	15470460	1290363	Day 2, Hour 9 (4 Mirtul, 1369)	WORLD_QUICKLOOT	^0xff0cff3fQuick save successful.^-
2026-09-04 15:11:22.981 BaldursGateIIEnhancedEdition[26058:118586130] INFO: LUA: A7LOG	799	15472380	1292578	Day 2, Hour 9 (4 Mirtul, 1369)	WORLD_QUICKLOOT	^0xffd6bd9fJaheira^-: ^0xffd7c8a0I am ready.^-
2026-09-04 15:11:23.892 BaldursGateIIEnhancedEdition[26058:118586130] INFO: LUA: A7LOG	800	15473160	1293489	Day 2, Hour 9 (4 Mirtul, 1369)	WORLD_QUICKLOOT	^0xffd6bd9fJaheira^-: ^0xffd7c8a0If it will help.^-
2026-09-04 15:11:24.407 BaldursGateIIEnhancedEdition[26058:118586130] INFO: LUA: A7LOG	801	15473640	1294004	Day 2, Hour 9 (4 Mirtul, 1369)	WORLD_QUICKLOOT	^0xffc0a1aaMinsc^-: ^0xffd7c8a0Every hamster has his day.^-
2026-09-04 15:11:25.726 BaldursGateIIEnhancedEdition[26058:118586130] INFO: LUA: A7LOG	802	15474780	1295324	Day 2, Hour 9 (4 Mirtul, 1369)	WORLD_QUICKLOOT	^0xffc0a1aaMinsc^-: ^0xffd7c8a0Stand back for justice!^-
2026-09-04 15:11:26.555 BaldursGateIIEnhancedEdition[26058:118586130] INFO: LUA: A7LOG	803	15475500	1296152	Day 2, Hour 9 (4 Mirtul, 1369)	WORLD_QUICKLOOT	^0xffcb967dBooprikt^-: ^0xffd7c8a0Yes?^-
2026-09-04 15:11:27.594 BaldursGateIIEnhancedEdition[26058:118586130] INFO: LUA: A7LOG	804	15476400	1297192	Day 2, Hour 9 (4 Mirtul, 1369)	WORLD_QUICKLOOT	^0xffcb967dBooprikt^-: ^0xffd7c8a0Nothing to it.^-
2026-09-04 15:11:30.012 BaldursGateIIEnhancedEdition[26058:118586130] INFO: LUA: A7LOG	805	15478500	1299610	Day 2, Hour 9 (4 Mirtul, 1369)	WORLD_QUICKLOOT	^0xffd6bd9fJaheira^-: ^0xffd7c8a0It is about time.^-
2026-09-04 15:11:30.775 BaldursGateIIEnhancedEdition[26058:118586130] INFO: LUA: A7LOG	806	15479160	1300372	Day 2, Hour 9 (4 Mirtul, 1369)	WORLD_QUICKLOOT	^0xffc0a1aaMinsc^-: ^0xffd7c8a0Armored, sharpened, and raring to go.^-
2026-09-04 15:11:31.194 BaldursGateIIEnhancedEdition[26058:118586130] INFO: LUA: A7LOG	807	15479520	1300791	Day 2, Hour 9 (4 Mirtul, 1369)	WORLD_QUICKLOOT	^0xffc0a1aaMinsc^-: ^0xffd7c8a0See battle, Boo? Run, Boo, run!^-
2026-09-04 15:11:37.186 BaldursGateIIEnhancedEdition[26058:118586130] INFO: LUA: A7LOG	808	15484740	1306784	Day 2, Hour 9 (4 Mirtul, 1369)	WORLD_QUICKLOOT	^0xffffb4b4You suddenly have a sense of imminent danger. Something here is not what it seems.^-
2026-09-04 15:11:40.326 BaldursGateIIEnhancedEdition[26058:118586130] INFO: LUA: A7LOG	809	15487440	1309923	Day 2, Hour 9 (4 Mirtul, 1369)	WORLD_QUICKLOOT	^0xffd6bd9fJaheira^-: ^0xffd7c8a0Speak your mind.^-
2026-09-04 15:11:41.125 BaldursGateIIEnhancedEdition[26058:118586130] INFO: LUA: A7LOG	810	15488160	1310723	Day 2, Hour 9 (4 Mirtul, 1369)	WORLD_QUICKLOOT	^0xffd6bd9fJaheira^-: ^0xffd7c8a0I thought as much.^-
2026-09-04 15:11:47.511 BaldursGateIIEnhancedEdition[26058:118586130] INFO: LUA: A7LOG	811	15493680	1317108	Day 2, Hour 9 (4 Mirtul, 1369)	WORLD_QUICKLOOT	^0xffffb3f3Imoen^-: ^0xffd7c8a0Whatchu want?^-
2026-09-04 15:11:51.574 BaldursGateIIEnhancedEdition[26058:118586130] INFO: LUA: A7LOG	812	15497220	1321171	Day 2, Hour 9 (4 Mirtul, 1369)	WORLD_QUICKLOOT	^0xffcb967dBooprikt^-: ^0xffd7c8a0Hmm?^-
2026-09-04 15:11:52.097 BaldursGateIIEnhancedEdition[26058:118586130] INFO: LUA: A7LOG	813	15497700	1321694	Day 2, Hour 9 (4 Mirtul, 1369)	WORLD_QUICKLOOT	^0xffcb967dBooprikt^-: ^0xffd7c8a0Very well.^-
2026-09-04 15:11:52.547 BaldursGateIIEnhancedEdition[26058:118586130] INFO: LUA: A7LOG	814	15498060	1322144	Day 2, Hour 9 (4 Mirtul, 1369)	WORLD_QUICKLOOT	^0xffffb3f3Imoen^-: ^0xffd7c8a0Name it.^-
2026-09-04 15:11:54.269 BaldursGateIIEnhancedEdition[26058:118586130] INFO: LUA: A7LOG	815	15499500	1323866	Day 2, Hour 9 (4 Mirtul, 1369)	WORLD_QUICKLOOT	^0xffcb967dBooprikt^-: ^0xffbed7d7Trap Detected^-
2026-09-04 15:11:54.269 BaldursGateIIEnhancedEdition[26058:118586130] INFO: LUA: A7LOG	816	15499500	1323866	Day 2, Hour 9 (4 Mirtul, 1369)	WORLD_QUICKLOOT	^0xffcb967dBooprikt^-: ^0xffbed7d7Trap Detected^-
2026-09-04 15:11:54.269 BaldursGateIIEnhancedEdition[26058:118586130] INFO: LUA: A7LOG	817	15499500	1323866	Day 2, Hour 9 (4 Mirtul, 1369)	WORLD_QUICKLOOT	^0xff0000ffPAUSED^-
2026-09-04 15:11:54.296 BaldursGateIIEnhancedEdition[26058:118586130] INFO: LUA: A7LOG	818	15499500	1323893	Day 2, Hour 9 (4 Mirtul, 1369)	WORLD_QUICKLOOT	^0xffcb967dBooprikt^-: ^0xffbed7d7Auto-Paused: Trap Found^-
2026-09-04 15:11:55.301 BaldursGateIIEnhancedEdition[26058:118586130] INFO: LUA: A7LOG	819	15499500	1324898	Day 2, Hour 9 (4 Mirtul, 1369)	WORLD_QUICKLOOT	^0xffffb3f3Imoen^-: ^0xffd7c8a0No problem at all.^-
2026-09-04 15:11:55.789 BaldursGateIIEnhancedEdition[26058:118586130] INFO: LUA: A7LOG	820	15499500	1325386	Day 2, Hour 9 (4 Mirtul, 1369)	WORLD_QUICKLOOT	^0xff0000ffUNPAUSED^-
2026-09-04 15:11:56.914 BaldursGateIIEnhancedEdition[26058:118586130] INFO: LUA: A7LOG	821	15500520	1326511	Day 2, Hour 9 (4 Mirtul, 1369)	WORLD_QUICKLOOT	^0xffcb967dBooprikt^-: ^0xffd7c8a0I'm waiting.^-
2026-09-04 15:11:57.920 BaldursGateIIEnhancedEdition[26058:118586130] INFO: LUA: A7LOG	822	15501360	1327517	Day 2, Hour 9 (4 Mirtul, 1369)	WORLD_QUICKLOOT	^0xffcb967dBooprikt^-: ^0xffbed7d7Stopped Detecting Traps / Illusions^-
2026-09-04 15:11:58.743 BaldursGateIIEnhancedEdition[26058:118586130] INFO: LUA: A7LOG	823	15502080	1328340	Day 2, Hour 9 (4 Mirtul, 1369)	WORLD_QUICKLOOT	^0xffcb967dBooprikt^-: ^0xffbed7d7Detecting Traps / Illusions^-
2026-09-04 15:11:59.843 BaldursGateIIEnhancedEdition[26058:118586130] INFO: LUA: A7LOG	824	15503040	1329441	Day 2, Hour 9 (4 Mirtul, 1369)	WORLD_QUICKLOOT	^0xffcb967dBooprikt^-: ^0xffbed7d7Stopped Detecting Traps / Illusions^-
2026-09-04 15:11:59.843 BaldursGateIIEnhancedEdition[26058:118586130] INFO: LUA: A7LOG	825	15503040	1329441	Day 2, Hour 9 (4 Mirtul, 1369)	WORLD_QUICKLOOT	^0xffcb967dBooprikt^-: ^0xffbed7d7Detecting Traps / Illusions^-
2026-09-04 15:12:01.551 BaldursGateIIEnhancedEdition[26058:118586130] INFO: LUA: A7LOG	826	15504540	1331148	Day 2, Hour 9 (4 Mirtul, 1369)	WORLD_QUICKLOOT	^0xffcb967dBooprikt^-: ^0xffd7c8a0Tell me all about it.^-
2026-09-04 15:12:01.591 BaldursGateIIEnhancedEdition[26058:118586130] INFO: LUA: A7LOG	827	15504540	1331188	Day 2, Hour 9 (4 Mirtul, 1369)	WORLD_QUICKLOOT	^0xffcb967dBooprikt^-: ^0xffbed7d7Stopped Detecting Traps / Illusions^-
2026-09-04 15:12:02.280 BaldursGateIIEnhancedEdition[26058:118586130] INFO: LUA: A7LOG	828	15505140	1331877	Day 2, Hour 9 (4 Mirtul, 1369)	WORLD_QUICKLOOT	^0xffcb967dBooprikt^-: ^0xffbed7d7Trap Disarmed^-
2026-09-04 15:12:02.312 BaldursGateIIEnhancedEdition[26058:118586130] INFO: LUA: A7LOG	829	15505200	1331909	Day 2, Hour 9 (4 Mirtul, 1369)	WORLD_QUICKLOOT	^0xffc8ffc8The Party Has Gained Experience: 1750^-
2026-09-04 15:12:03.168 BaldursGateIIEnhancedEdition[26058:118586130] INFO: LUA: A7LOG	830	15505920	1332766	Day 2, Hour 9 (4 Mirtul, 1369)	WORLD_QUICKLOOT	^0xffcb967dBooprikt^-: ^0xffbed7d7Detecting Traps / Illusions^-
2026-09-04 15:12:03.515 BaldursGateIIEnhancedEdition[26058:118586130] INFO: LUA: A7LOG	831	15506220	1333112	Day 2, Hour 9 (4 Mirtul, 1369)	WORLD_QUICKLOOT	^0xffcb967dBooprikt^-: ^0xffbed7d7Stopped Detecting Traps / Illusions^-
2026-09-04 15:12:04.272 BaldursGateIIEnhancedEdition[26058:118586130] INFO: LUA: A7LOG	832	15506880	1333870	Day 2, Hour 9 (4 Mirtul, 1369)	WORLD_QUICKLOOT	^0xffcb967dBooprikt^-: ^0xffbed7d7Detecting Traps / Illusions^-
2026-09-04 15:12:05.596 BaldursGateIIEnhancedEdition[26058:118586130] INFO: LUA: A7LOG	833	15508020	1335193	Day 2, Hour 9 (4 Mirtul, 1369)	WORLD_QUICKLOOT	^0xffffb3f3Imoen^-: ^0xffd7c8a0Ready and willing.^-
2026-09-04 15:12:06.846 BaldursGateIIEnhancedEdition[26058:118586130] INFO: LUA: A7LOG	834	15509100	1336443	Day 2, Hour 9 (4 Mirtul, 1369)	WORLD_QUICKLOOT	^0xffffb3f3Imoen^-: ^0xffd7c8a0You can count on me!^-
2026-09-04 15:12:09.389 BaldursGateIIEnhancedEdition[26058:118586130] INFO: LUA: A7LOG	835	15511320	1338987	Day 2, Hour 9 (4 Mirtul, 1369)	WORLD_QUICKLOOT	^0xffcb967dBooprikt^-: ^0xffd7c8a0Yes?^-
2026-09-04 15:12:09.533 BaldursGateIIEnhancedEdition[26058:118586130] INFO: LUA: A7LOG	836	15511380	1339130	Day 2, Hour 9 (4 Mirtul, 1369)	WORLD_QUICKLOOT	^0xffcb967dBooprikt^-: ^0xffbed7d7Trap Detected^-
2026-09-04 15:12:09.533 BaldursGateIIEnhancedEdition[26058:118586130] INFO: LUA: A7LOG	837	15511380	1339130	Day 2, Hour 9 (4 Mirtul, 1369)	WORLD_QUICKLOOT	^0xff0000ffPAUSED^-
2026-09-04 15:12:09.561 BaldursGateIIEnhancedEdition[26058:118586130] INFO: LUA: A7LOG	838	15511380	1339159	Day 2, Hour 9 (4 Mirtul, 1369)	WORLD_QUICKLOOT	^0xffcb967dBooprikt^-: ^0xffbed7d7Auto-Paused: Trap Found^-
2026-09-04 15:12:10.806 BaldursGateIIEnhancedEdition[26058:118586130] INFO: LUA: A7LOG	839	15511380	1340403	Day 2, Hour 9 (4 Mirtul, 1369)	WORLD_QUICKLOOT	^0xffffb3f3Imoen^-: ^0xffd7c8a0Somethin' up?^-
2026-09-04 15:12:11.730 BaldursGateIIEnhancedEdition[26058:118586130] INFO: LUA: A7LOG	840	15511380	1341327	Day 2, Hour 9 (4 Mirtul, 1369)	WORLD_QUICKLOOT	^0xffcb967dBooprikt^-: ^0xffd7c8a0Hmm?^-
2026-09-04 15:12:12.222 BaldursGateIIEnhancedEdition[26058:118586130] INFO: LUA: A7LOG	841	15511380	1341819	Day 2, Hour 9 (4 Mirtul, 1369)	WORLD_QUICKLOOT	^0xffcb967dBooprikt^-: ^0xffd7c8a0Whatever you want.^-
2026-09-04 15:12:12.945 BaldursGateIIEnhancedEdition[26058:118586130] INFO: LUA: A7LOG	842	15511440	1342542	Day 2, Hour 9 (4 Mirtul, 1369)	WORLD_QUICKLOOT	^0xff0000ffUNPAUSED^-
2026-09-04 15:12:13.948 BaldursGateIIEnhancedEdition[26058:118586130] INFO: LUA: A7LOG	843	15512280	1343545	Day 2, Hour 9 (4 Mirtul, 1369)	WORLD_QUICKLOOT	^0xffcb967dBooprikt^-: ^0xffbed7d7Stopped Detecting Traps / Illusions^-
2026-09-04 15:12:14.295 BaldursGateIIEnhancedEdition[26058:118586130] INFO: LUA: A7LOG	844	15512580	1343892	Day 2, Hour 9 (4 Mirtul, 1369)	WORLD_QUICKLOOT	^0xffcb967dBooprikt^-: ^0xffbed7d7Detecting Traps / Illusions^-
2026-09-04 15:12:16.933 BaldursGateIIEnhancedEdition[26058:118586130] INFO: LUA: A7LOG	845	15514860	1346530	Day 2, Hour 9 (4 Mirtul, 1369)	WORLD_QUICKLOOT	^0xffcb967dBooprikt^-: ^0xffbed7d7Stopped Detecting Traps / Illusions^-
2026-09-04 15:12:16.933 BaldursGateIIEnhancedEdition[26058:118586130] INFO: LUA: A7LOG	846	15514860	1346530	Day 2, Hour 9 (4 Mirtul, 1369)	WORLD_QUICKLOOT	^0xffcb967dBooprikt^-: ^0xffbed7d7Trap Disarmed^-
2026-09-04 15:12:16.967 BaldursGateIIEnhancedEdition[26058:118586130] INFO: LUA: A7LOG	847	15514920	1346564	Day 2, Hour 9 (4 Mirtul, 1369)	WORLD_QUICKLOOT	^0xffc8ffc8The Party Has Gained Experience: 1750^-
2026-09-04 15:12:20.926 BaldursGateIIEnhancedEdition[26058:118586130] INFO: LUA: A7LOG	848	15518340	1350523	Day 2, Hour 9 (4 Mirtul, 1369)	WORLD_QUICKLOOT	^0xffcb967dBooprikt^-: ^0xffbed7d7Detecting Traps / Illusions^-
2026-09-04 15:12:21.037 BaldursGateIIEnhancedEdition[26058:118586130] INFO: LUA: A7LOG	849	15518460	1350634	Day 2, Hour 9 (4 Mirtul, 1369)	WORLD_QUICKLOOT	^0xffcb967dBooprikt^-: ^0xffbed7d7Stopped Detecting Traps / Illusions^-
2026-09-04 15:12:23.017 BaldursGateIIEnhancedEdition[26058:118586130] INFO: LUA: A7LOG	850	15520140	1352614	Day 2, Hour 9 (4 Mirtul, 1369)	WORLD_QUICKLOOT	^0xffcb967dBooprikt^-: ^0xffbed7d7Trap Disarmed^-
2026-09-04 15:12:23.048 BaldursGateIIEnhancedEdition[26058:118586130] INFO: LUA: A7LOG	851	15520200	1352645	Day 2, Hour 9 (4 Mirtul, 1369)	WORLD_QUICKLOOT	^0xffc8ffc8The Party Has Gained Experience: 1750^-
2026-09-04 15:12:29.830 BaldursGateIIEnhancedEdition[26058:118586130] INFO: LUA: A7LOG	852	15526020	1359427	Day 2, Hour 9 (4 Mirtul, 1369)	WORLD_QUICKLOOT	^0xffcb967dBooprikt^-: ^0xffbed7d7Detecting Traps / Illusions^-
2026-09-04 15:12:30.527 BaldursGateIIEnhancedEdition[26058:118586130] INFO: LUA: A7LOG	853	15526620	1360124	Day 2, Hour 9 (4 Mirtul, 1369)	WORLD_QUICKLOOT	^0xffcb967dBooprikt^-: ^0xffbed7d7Stopped Detecting Traps / Illusions^-
2026-09-04 15:12:36.453 BaldursGateIIEnhancedEdition[26058:118586130] INFO: LUA: A7LOG	854	15531780	1366050	Day 2, Hour 9 (4 Mirtul, 1369)	WORLD_QUICKLOOT	^0xffcb967dBooprikt^-: ^0xffbed7d7Detecting Traps / Illusions^-
2026-09-04 15:12:38.741 BaldursGateIIEnhancedEdition[26058:118586130] INFO: LUA: A7LOG	855	15533760	1368338	Day 2, Hour 9 (4 Mirtul, 1369)	WORLD_QUICKLOOT	^0xffcb967dBooprikt^-: ^0xffbed7d7Stopped Detecting Traps / Illusions^-
2026-09-04 15:12:43.322 BaldursGateIIEnhancedEdition[26058:118586130] INFO: LUA: A7LOG	856	15537720	1372919	Day 2, Hour 9 (4 Mirtul, 1369)	WORLD_QUICKLOOT	^0xffbed7d7LOCKED^-
2026-09-04 15:12:46.377 BaldursGateIIEnhancedEdition[26058:118586130] INFO: LUA: A7LOG	857	15540360	1375974	Day 2, Hour 9 (4 Mirtul, 1369)	WORLD_QUICKLOOT	^0xffcb967dBooprikt^-: ^0xffbed7d7Lock Pick Succeeded^-
2026-09-04 15:12:46.414 BaldursGateIIEnhancedEdition[26058:118586130] INFO: LUA: A7LOG	858	15540420	1376011	Day 2, Hour 9 (4 Mirtul, 1369)	WORLD_QUICKLOOT	^0xffc8ffc8The Party Has Gained Experience: 400^-
2026-09-04 15:12:51.814 BaldursGateIIEnhancedEdition[26058:118586130] INFO: LUA: A7LOG	859	15545100	1381411	Day 2, Hour 9 (4 Mirtul, 1369)	WORLD_QUICKLOOT	^0xffc0a1aaMinsc^-: ^0xffd7c8a0Boo says, "What?!"^-
2026-09-04 15:12:51.987 BaldursGateIIEnhancedEdition[26058:118586130] INFO: LUA: A7LOG	860	15545220	1381584	Day 2, Hour 9 (4 Mirtul, 1369)	WORLD_QUICKLOOT	^0xffcb967dBooprikt^-: ^0xffbed7d7Detecting Traps / Illusions^-
2026-09-04 15:12:52.580 BaldursGateIIEnhancedEdition[26058:118586130] INFO: LUA: A7LOG	861	15545760	1382177	Day 2, Hour 9 (4 Mirtul, 1369)	WORLD_QUICKLOOT	^0xffc0a1aaMinsc^-: ^0xffd7c8a0Make way, villainy! Hero coming through!^-
2026-09-04 15:12:55.018 BaldursGateIIEnhancedEdition[26058:118586130] INFO: LUA: A7LOG	862	15547860	1384616	Day 2, Hour 9 (4 Mirtul, 1369)	WORLD_QUICKLOOT	^0xffd6bd9fJaheira^-: ^0xffd7c8a0Nature's servant awaits.^-
2026-09-04 15:12:55.889 BaldursGateIIEnhancedEdition[26058:118586130] INFO: LUA: A7LOG	863	15548640	1385486	Day 2, Hour 9 (4 Mirtul, 1369)	WORLD_QUICKLOOT	^0xffd6bd9fJaheira^-: ^0xffd7c8a0As you would have it.^-
2026-09-04 15:12:59.817 BaldursGateIIEnhancedEdition[26058:118586130] INFO: LUA: A7LOG	864	15552060	1389415	Day 2, Hour 9 (4 Mirtul, 1369)	WORLD_QUICKLOOT	^0xffc0a1aaMinsc^-: ^0xffd7c8a0A den of stinking evil. Cover your nose, Boo. We will leave no crevice untouched!^-
2026-09-04 15:12:59.951 BaldursGateIIEnhancedEdition[26058:118586130] INFO: scanning:(0) $HOME/Library/Application Support/Steam/steamapps/common/Baldur's Gate II Enhanced Edition/override
2026-09-04 15:12:59.966 BaldursGateIIEnhancedEdition[26058:118586130] INFO: scanning:(1) $HOME/Library/Application Support/Steam/steamapps/common/Baldur's Gate II Enhanced Edition/scripts
2026-09-04 15:12:59.967 BaldursGateIIEnhancedEdition[26058:118586130] INFO: scanning:(2) $HOME/Library/Application Support/Steam/steamapps/common/Baldur's Gate II Enhanced Edition/sounds
2026-09-04 15:12:59.967 BaldursGateIIEnhancedEdition[26058:118586130] INFO: scanning:(3) $HOME/Library/Application Support/Steam/steamapps/common/Baldur's Gate II Enhanced Edition/lang/en_US/sounds
2026-09-04 15:12:59.971 BaldursGateIIEnhancedEdition[26058:118586130] INFO: scanning:(4) $HOME/Library/Application Support/Steam/steamapps/common/Baldur's Gate II Enhanced Edition/portraits
2026-09-04 15:12:59.971 BaldursGateIIEnhancedEdition[26058:118586130] INFO: scanning:(5) $HOME/Library/Application Support/Steam/steamapps/common/Baldur's Gate II Enhanced Edition/characters
2026-09-04 15:12:59.971 BaldursGateIIEnhancedEdition[26058:118586130] INFO: scanning:(6) $HOME/Library/Application Support/Steam/steamapps/common/Baldur's Gate II Enhanced Edition/movies
2026-09-04 15:12:59.971 BaldursGateIIEnhancedEdition[26058:118586130] INFO: scanning:(7) $HOME/Library/Application Support/Steam/steamapps/common/Baldur's Gate II Enhanced Edition/lang/en_US/movies
2026-09-04 15:12:59.971 BaldursGateIIEnhancedEdition[26058:118586130] INFO: scanning:(8) $HOME/Documents/Baldur's Gate II - Enhanced Edition/override
2026-09-04 15:12:59.971 BaldursGateIIEnhancedEdition[26058:118586130] INFO: scanning:(9) $HOME/Documents/Baldur's Gate II - Enhanced Edition/scripts
2026-09-04 15:12:59.971 BaldursGateIIEnhancedEdition[26058:118586130] INFO: scanning:(10) $HOME/Documents/Baldur's Gate II - Enhanced Edition/sounds
2026-09-04 15:12:59.971 BaldursGateIIEnhancedEdition[26058:118586130] INFO: scanning:(11) $HOME/Documents/Baldur's Gate II - Enhanced Edition/portraits
2026-09-04 15:12:59.971 BaldursGateIIEnhancedEdition[26058:118586130] INFO: scanning:(12) $HOME/Documents/Baldur's Gate II - Enhanced Edition/characters
2026-09-04 15:12:59.971 BaldursGateIIEnhancedEdition[26058:118586130] INFO: scanning:(13) $HOME/Documents/Baldur's Gate II - Enhanced Edition/movies
2026-09-04 15:13:00.003 BaldursGateIIEnhancedEdition[26058:118586130] INFO: scanning:(0) $HOME/Library/Application Support/Steam/steamapps/common/Baldur's Gate II Enhanced Edition/override
2026-09-04 15:13:00.005 BaldursGateIIEnhancedEdition[26058:118586130] INFO: scanning:(1) $HOME/Library/Application Support/Steam/steamapps/common/Baldur's Gate II Enhanced Edition/scripts
2026-09-04 15:13:00.005 BaldursGateIIEnhancedEdition[26058:118586130] INFO: scanning:(2) $HOME/Library/Application Support/Steam/steamapps/common/Baldur's Gate II Enhanced Edition/sounds
2026-09-04 15:13:00.005 BaldursGateIIEnhancedEdition[26058:118586130] INFO: scanning:(3) $HOME/Library/Application Support/Steam/steamapps/common/Baldur's Gate II Enhanced Edition/lang/en_US/sounds
2026-09-04 15:13:00.005 BaldursGateIIEnhancedEdition[26058:118586130] INFO: scanning:(4) $HOME/Library/Application Support/Steam/steamapps/common/Baldur's Gate II Enhanced Edition/portraits
2026-09-04 15:13:00.005 BaldursGateIIEnhancedEdition[26058:118586130] INFO: scanning:(5) $HOME/Library/Application Support/Steam/steamapps/common/Baldur's Gate II Enhanced Edition/characters
2026-09-04 15:13:00.005 BaldursGateIIEnhancedEdition[26058:118586130] INFO: scanning:(6) $HOME/Library/Application Support/Steam/steamapps/common/Baldur's Gate II Enhanced Edition/movies
2026-09-04 15:13:00.005 BaldursGateIIEnhancedEdition[26058:118586130] INFO: scanning:(7) $HOME/Library/Application Support/Steam/steamapps/common/Baldur's Gate II Enhanced Edition/lang/en_US/movies
2026-09-04 15:13:00.005 BaldursGateIIEnhancedEdition[26058:118586130] INFO: scanning:(8) $HOME/Documents/Baldur's Gate II - Enhanced Edition/override
2026-09-04 15:13:00.005 BaldursGateIIEnhancedEdition[26058:118586130] INFO: scanning:(9) $HOME/Documents/Baldur's Gate II - Enhanced Edition/scripts
2026-09-04 15:13:00.005 BaldursGateIIEnhancedEdition[26058:118586130] INFO: scanning:(10) $HOME/Documents/Baldur's Gate II - Enhanced Edition/sounds
2026-09-04 15:13:00.005 BaldursGateIIEnhancedEdition[26058:118586130] INFO: scanning:(11) $HOME/Documents/Baldur's Gate II - Enhanced Edition/portraits
2026-09-04 15:13:00.005 BaldursGateIIEnhancedEdition[26058:118586130] INFO: scanning:(12) $HOME/Documents/Baldur's Gate II - Enhanced Edition/characters
2026-09-04 15:13:00.005 BaldursGateIIEnhancedEdition[26058:118586130] INFO: scanning:(13) $HOME/Documents/Baldur's Gate II - Enhanced Edition/movies
2026-09-04 15:13:00.007 BaldursGateIIEnhancedEdition[26058:118586130] INFO: scanning:(0) $HOME/Library/Application Support/Steam/steamapps/common/Baldur's Gate II Enhanced Edition/override
2026-09-04 15:13:00.008 BaldursGateIIEnhancedEdition[26058:118586130] INFO: scanning:(1) $HOME/Library/Application Support/Steam/steamapps/common/Baldur's Gate II Enhanced Edition/scripts
2026-09-04 15:13:00.008 BaldursGateIIEnhancedEdition[26058:118586130] INFO: scanning:(2) $HOME/Library/Application Support/Steam/steamapps/common/Baldur's Gate II Enhanced Edition/sounds
2026-09-04 15:13:00.008 BaldursGateIIEnhancedEdition[26058:118586130] INFO: scanning:(3) $HOME/Library/Application Support/Steam/steamapps/common/Baldur's Gate II Enhanced Edition/lang/en_US/sounds
2026-09-04 15:13:00.008 BaldursGateIIEnhancedEdition[26058:118586130] INFO: scanning:(4) $HOME/Library/Application Support/Steam/steamapps/common/Baldur's Gate II Enhanced Edition/portraits
2026-09-04 15:13:00.008 BaldursGateIIEnhancedEdition[26058:118586130] INFO: scanning:(5) $HOME/Library/Application Support/Steam/steamapps/common/Baldur's Gate II Enhanced Edition/characters
2026-09-04 15:13:00.008 BaldursGateIIEnhancedEdition[26058:118586130] INFO: scanning:(6) $HOME/Library/Application Support/Steam/steamapps/common/Baldur's Gate II Enhanced Edition/movies
2026-09-04 15:13:00.008 BaldursGateIIEnhancedEdition[26058:118586130] INFO: scanning:(7) $HOME/Library/Application Support/Steam/steamapps/common/Baldur's Gate II Enhanced Edition/lang/en_US/movies
2026-09-04 15:13:00.008 BaldursGateIIEnhancedEdition[26058:118586130] INFO: scanning:(8) $HOME/Documents/Baldur's Gate II - Enhanced Edition/override
2026-09-04 15:13:00.008 BaldursGateIIEnhancedEdition[26058:118586130] INFO: scanning:(9) $HOME/Documents/Baldur's Gate II - Enhanced Edition/scripts
2026-09-04 15:13:00.008 BaldursGateIIEnhancedEdition[26058:118586130] INFO: scanning:(10) $HOME/Documents/Baldur's Gate II - Enhanced Edition/sounds
2026-09-04 15:13:00.009 BaldursGateIIEnhancedEdition[26058:118586130] INFO: scanning:(11) $HOME/Documents/Baldur's Gate II - Enhanced Edition/portraits
2026-09-04 15:13:00.009 BaldursGateIIEnhancedEdition[26058:118586130] INFO: scanning:(12) $HOME/Documents/Baldur's Gate II - Enhanced Edition/characters
2026-09-04 15:13:00.009 BaldursGateIIEnhancedEdition[26058:118586130] INFO: scanning:(13) $HOME/Documents/Baldur's Gate II - Enhanced Edition/movies
2026-09-04 15:13:00.010 BaldursGateIIEnhancedEdition[26058:118586130] INFO: scanning:(0) $HOME/Library/Application Support/Steam/steamapps/common/Baldur's Gate II Enhanced Edition/override
2026-09-04 15:13:00.011 BaldursGateIIEnhancedEdition[26058:118586130] INFO: scanning:(1) $HOME/Library/Application Support/Steam/steamapps/common/Baldur's Gate II Enhanced Edition/scripts
2026-09-04 15:13:00.011 BaldursGateIIEnhancedEdition[26058:118586130] INFO: scanning:(2) $HOME/Library/Application Support/Steam/steamapps/common/Baldur's Gate II Enhanced Edition/sounds
2026-09-04 15:13:00.011 BaldursGateIIEnhancedEdition[26058:118586130] INFO: scanning:(3) $HOME/Library/Application Support/Steam/steamapps/common/Baldur's Gate II Enhanced Edition/lang/en_US/sounds
2026-09-04 15:13:00.012 BaldursGateIIEnhancedEdition[26058:118586130] INFO: scanning:(4) $HOME/Library/Application Support/Steam/steamapps/common/Baldur's Gate II Enhanced Edition/portraits
2026-09-04 15:13:00.012 BaldursGateIIEnhancedEdition[26058:118586130] INFO: scanning:(5) $HOME/Library/Application Support/Steam/steamapps/common/Baldur's Gate II Enhanced Edition/characters
2026-09-04 15:13:00.012 BaldursGateIIEnhancedEdition[26058:118586130] INFO: scanning:(6) $HOME/Library/Application Support/Steam/steamapps/common/Baldur's Gate II Enhanced Edition/movies
2026-09-04 15:13:00.012 BaldursGateIIEnhancedEdition[26058:118586130] INFO: scanning:(7) $HOME/Library/Application Support/Steam/steamapps/common/Baldur's Gate II Enhanced Edition/lang/en_US/movies
2026-09-04 15:13:00.012 BaldursGateIIEnhancedEdition[26058:118586130] INFO: scanning:(8) $HOME/Documents/Baldur's Gate II - Enhanced Edition/override
2026-09-04 15:13:00.012 BaldursGateIIEnhancedEdition[26058:118586130] INFO: scanning:(9) $HOME/Documents/Baldur's Gate II - Enhanced Edition/scripts
2026-09-04 15:13:00.012 BaldursGateIIEnhancedEdition[26058:118586130] INFO: scanning:(10) $HOME/Documents/Baldur's Gate II - Enhanced Edition/sounds
2026-09-04 15:13:00.012 BaldursGateIIEnhancedEdition[26058:118586130] INFO: scanning:(11) $HOME/Documents/Baldur's Gate II - Enhanced Edition/portraits
2026-09-04 15:13:00.012 BaldursGateIIEnhancedEdition[26058:118586130] INFO: scanning:(12) $HOME/Documents/Baldur's Gate II - Enhanced Edition/characters
2026-09-04 15:13:00.012 BaldursGateIIEnhancedEdition[26058:118586130] INFO: scanning:(13) $HOME/Documents/Baldur's Gate II - Enhanced Edition/movies
2026-09-04 15:13:00.013 BaldursGateIIEnhancedEdition[26058:118586130] INFO: scanning:(0) $HOME/Library/Application Support/Steam/steamapps/common/Baldur's Gate II Enhanced Edition/override
2026-09-04 15:13:00.014 BaldursGateIIEnhancedEdition[26058:118586130] INFO: scanning:(1) $HOME/Library/Application Support/Steam/steamapps/common/Baldur's Gate II Enhanced Edition/scripts
2026-09-04 15:13:00.015 BaldursGateIIEnhancedEdition[26058:118586130] INFO: scanning:(2) $HOME/Library/Application Support/Steam/steamapps/common/Baldur's Gate II Enhanced Edition/sounds
2026-09-04 15:13:00.015 BaldursGateIIEnhancedEdition[26058:118586130] INFO: scanning:(3) $HOME/Library/Application Support/Steam/steamapps/common/Baldur's Gate II Enhanced Edition/lang/en_US/sounds
2026-09-04 15:13:00.015 BaldursGateIIEnhancedEdition[26058:118586130] INFO: scanning:(4) $HOME/Library/Application Support/Steam/steamapps/common/Baldur's Gate II Enhanced Edition/portraits
2026-09-04 15:13:00.015 BaldursGateIIEnhancedEdition[26058:118586130] INFO: scanning:(5) $HOME/Library/Application Support/Steam/steamapps/common/Baldur's Gate II Enhanced Edition/characters
2026-09-04 15:13:00.015 BaldursGateIIEnhancedEdition[26058:118586130] INFO: scanning:(6) $HOME/Library/Application Support/Steam/steamapps/common/Baldur's Gate II Enhanced Edition/movies
2026-09-04 15:13:00.015 BaldursGateIIEnhancedEdition[26058:118586130] INFO: scanning:(7) $HOME/Library/Application Support/Steam/steamapps/common/Baldur's Gate II Enhanced Edition/lang/en_US/movies
2026-09-04 15:13:00.015 BaldursGateIIEnhancedEdition[26058:118586130] INFO: scanning:(8) $HOME/Documents/Baldur's Gate II - Enhanced Edition/override
2026-09-04 15:13:00.015 BaldursGateIIEnhancedEdition[26058:118586130] INFO: scanning:(9) $HOME/Documents/Baldur's Gate II - Enhanced Edition/scripts
2026-09-04 15:13:00.015 BaldursGateIIEnhancedEdition[26058:118586130] INFO: scanning:(10) $HOME/Documents/Baldur's Gate II - Enhanced Edition/sounds
2026-09-04 15:13:00.015 BaldursGateIIEnhancedEdition[26058:118586130] INFO: scanning:(11) $HOME/Documents/Baldur's Gate II - Enhanced Edition/portraits
2026-09-04 15:13:00.015 BaldursGateIIEnhancedEdition[26058:118586130] INFO: scanning:(12) $HOME/Documents/Baldur's Gate II - Enhanced Edition/characters
2026-09-04 15:13:00.015 BaldursGateIIEnhancedEdition[26058:118586130] INFO: scanning:(13) $HOME/Documents/Baldur's Gate II - Enhanced Edition/movies
2026-09-04 15:13:00.024 BaldursGateIIEnhancedEdition[26058:118586130] INFO: scanning:(0) $HOME/Library/Application Support/Steam/steamapps/common/Baldur's Gate II Enhanced Edition/override
2026-09-04 15:13:00.025 BaldursGateIIEnhancedEdition[26058:118586130] INFO: scanning:(1) $HOME/Library/Application Support/Steam/steamapps/common/Baldur's Gate II Enhanced Edition/scripts
2026-09-04 15:13:00.025 BaldursGateIIEnhancedEdition[26058:118586130] INFO: scanning:(2) $HOME/Library/Application Support/Steam/steamapps/common/Baldur's Gate II Enhanced Edition/sounds
2026-09-04 15:13:00.025 BaldursGateIIEnhancedEdition[26058:118586130] INFO: scanning:(3) $HOME/Library/Application Support/Steam/steamapps/common/Baldur's Gate II Enhanced Edition/lang/en_US/sounds
2026-09-04 15:13:00.025 BaldursGateIIEnhancedEdition[26058:118586130] INFO: scanning:(4) $HOME/Library/Application Support/Steam/steamapps/common/Baldur's Gate II Enhanced Edition/portraits
2026-09-04 15:13:00.025 BaldursGateIIEnhancedEdition[26058:118586130] INFO: scanning:(5) $HOME/Library/Application Support/Steam/steamapps/common/Baldur's Gate II Enhanced Edition/characters
2026-09-04 15:13:00.025 BaldursGateIIEnhancedEdition[26058:118586130] INFO: scanning:(6) $HOME/Library/Application Support/Steam/steamapps/common/Baldur's Gate II Enhanced Edition/movies
2026-09-04 15:13:00.025 BaldursGateIIEnhancedEdition[26058:118586130] INFO: scanning:(7) $HOME/Library/Application Support/Steam/steamapps/common/Baldur's Gate II Enhanced Edition/lang/en_US/movies
2026-09-04 15:13:00.026 BaldursGateIIEnhancedEdition[26058:118586130] INFO: scanning:(8) $HOME/Documents/Baldur's Gate II - Enhanced Edition/override
2026-09-04 15:13:00.026 BaldursGateIIEnhancedEdition[26058:118586130] INFO: scanning:(9) $HOME/Documents/Baldur's Gate II - Enhanced Edition/scripts
2026-09-04 15:13:00.026 BaldursGateIIEnhancedEdition[26058:118586130] INFO: scanning:(10) $HOME/Documents/Baldur's Gate II - Enhanced Edition/sounds
2026-09-04 15:13:00.026 BaldursGateIIEnhancedEdition[26058:118586130] INFO: scanning:(11) $HOME/Documents/Baldur's Gate II - Enhanced Edition/portraits
2026-09-04 15:13:00.026 BaldursGateIIEnhancedEdition[26058:118586130] INFO: scanning:(12) $HOME/Documents/Baldur's Gate II - Enhanced Edition/characters
2026-09-04 15:13:00.026 BaldursGateIIEnhancedEdition[26058:118586130] INFO: scanning:(13) $HOME/Documents/Baldur's Gate II - Enhanced Edition/movies
2026-09-04 15:13:00.027 BaldursGateIIEnhancedEdition[26058:118586130] INFO: scanning:(0) $HOME/Library/Application Support/Steam/steamapps/common/Baldur's Gate II Enhanced Edition/override
2026-09-04 15:13:00.029 BaldursGateIIEnhancedEdition[26058:118586130] INFO: scanning:(1) $HOME/Library/Application Support/Steam/steamapps/common/Baldur's Gate II Enhanced Edition/scripts
2026-09-04 15:13:00.029 BaldursGateIIEnhancedEdition[26058:118586130] INFO: scanning:(2) $HOME/Library/Application Support/Steam/steamapps/common/Baldur's Gate II Enhanced Edition/sounds
2026-09-04 15:13:00.029 BaldursGateIIEnhancedEdition[26058:118586130] INFO: scanning:(3) $HOME/Library/Application Support/Steam/steamapps/common/Baldur's Gate II Enhanced Edition/lang/en_US/sounds
2026-09-04 15:13:00.029 BaldursGateIIEnhancedEdition[26058:118586130] INFO: scanning:(4) $HOME/Library/Application Support/Steam/steamapps/common/Baldur's Gate II Enhanced Edition/portraits
2026-09-04 15:13:00.029 BaldursGateIIEnhancedEdition[26058:118586130] INFO: scanning:(5) $HOME/Library/Application Support/Steam/steamapps/common/Baldur's Gate II Enhanced Edition/characters
2026-09-04 15:13:00.029 BaldursGateIIEnhancedEdition[26058:118586130] INFO: scanning:(6) $HOME/Library/Application Support/Steam/steamapps/common/Baldur's Gate II Enhanced Edition/movies
2026-09-04 15:13:00.029 BaldursGateIIEnhancedEdition[26058:118586130] INFO: scanning:(7) $HOME/Library/Application Support/Steam/steamapps/common/Baldur's Gate II Enhanced Edition/lang/en_US/movies
2026-09-04 15:13:00.029 BaldursGateIIEnhancedEdition[26058:118586130] INFO: scanning:(8) $HOME/Documents/Baldur's Gate II - Enhanced Edition/override
2026-09-04 15:13:00.029 BaldursGateIIEnhancedEdition[26058:118586130] INFO: scanning:(9) $HOME/Documents/Baldur's Gate II - Enhanced Edition/scripts
2026-09-04 15:13:00.029 BaldursGateIIEnhancedEdition[26058:118586130] INFO: scanning:(10) $HOME/Documents/Baldur's Gate II - Enhanced Edition/sounds
2026-09-04 15:13:00.029 BaldursGateIIEnhancedEdition[26058:118586130] INFO: scanning:(11) $HOME/Documents/Baldur's Gate II - Enhanced Edition/portraits
2026-09-04 15:13:00.029 BaldursGateIIEnhancedEdition[26058:118586130] INFO: scanning:(12) $HOME/Documents/Baldur's Gate II - Enhanced Edition/characters
2026-09-04 15:13:00.029 BaldursGateIIEnhancedEdition[26058:118586130] INFO: scanning:(13) $HOME/Documents/Baldur's Gate II - Enhanced Edition/movies
2026-09-04 15:13:00.030 BaldursGateIIEnhancedEdition[26058:118586130] INFO: scanning:(0) $HOME/Library/Application Support/Steam/steamapps/common/Baldur's Gate II Enhanced Edition/override
2026-09-04 15:13:00.032 BaldursGateIIEnhancedEdition[26058:118586130] INFO: scanning:(1) $HOME/Library/Application Support/Steam/steamapps/common/Baldur's Gate II Enhanced Edition/scripts
2026-09-04 15:13:00.032 BaldursGateIIEnhancedEdition[26058:118586130] INFO: scanning:(2) $HOME/Library/Application Support/Steam/steamapps/common/Baldur's Gate II Enhanced Edition/sounds
2026-09-04 15:13:00.032 BaldursGateIIEnhancedEdition[26058:118586130] INFO: scanning:(3) $HOME/Library/Application Support/Steam/steamapps/common/Baldur's Gate II Enhanced Edition/lang/en_US/sounds
2026-09-04 15:13:00.032 BaldursGateIIEnhancedEdition[26058:118586130] INFO: scanning:(4) $HOME/Library/Application Support/Steam/steamapps/common/Baldur's Gate II Enhanced Edition/portraits
2026-09-04 15:13:00.032 BaldursGateIIEnhancedEdition[26058:118586130] INFO: scanning:(5) $HOME/Library/Application Support/Steam/steamapps/common/Baldur's Gate II Enhanced Edition/characters
2026-09-04 15:13:00.032 BaldursGateIIEnhancedEdition[26058:118586130] INFO: scanning:(6) $HOME/Library/Application Support/Steam/steamapps/common/Baldur's Gate II Enhanced Edition/movies
2026-09-04 15:13:00.032 BaldursGateIIEnhancedEdition[26058:118586130] INFO: scanning:(7) $HOME/Library/Application Support/Steam/steamapps/common/Baldur's Gate II Enhanced Edition/lang/en_US/movies
2026-09-04 15:13:00.032 BaldursGateIIEnhancedEdition[26058:118586130] INFO: scanning:(8) $HOME/Documents/Baldur's Gate II - Enhanced Edition/override
2026-09-04 15:13:00.032 BaldursGateIIEnhancedEdition[26058:118586130] INFO: scanning:(9) $HOME/Documents/Baldur's Gate II - Enhanced Edition/scripts
2026-09-04 15:13:00.032 BaldursGateIIEnhancedEdition[26058:118586130] INFO: scanning:(10) $HOME/Documents/Baldur's Gate II - Enhanced Edition/sounds
2026-09-04 15:13:00.032 BaldursGateIIEnhancedEdition[26058:118586130] INFO: scanning:(11) $HOME/Documents/Baldur's Gate II - Enhanced Edition/portraits
2026-09-04 15:13:00.032 BaldursGateIIEnhancedEdition[26058:118586130] INFO: scanning:(12) $HOME/Documents/Baldur's Gate II - Enhanced Edition/characters
2026-09-04 15:13:00.032 BaldursGateIIEnhancedEdition[26058:118586130] INFO: scanning:(13) $HOME/Documents/Baldur's Gate II - Enhanced Edition/movies
2026-09-04 15:13:00.033 BaldursGateIIEnhancedEdition[26058:118586130] INFO: scanning:(0) $HOME/Library/Application Support/Steam/steamapps/common/Baldur's Gate II Enhanced Edition/override
2026-09-04 15:13:00.035 BaldursGateIIEnhancedEdition[26058:118586130] INFO: scanning:(1) $HOME/Library/Application Support/Steam/steamapps/common/Baldur's Gate II Enhanced Edition/scripts
2026-09-04 15:13:00.035 BaldursGateIIEnhancedEdition[26058:118586130] INFO: scanning:(2) $HOME/Library/Application Support/Steam/steamapps/common/Baldur's Gate II Enhanced Edition/sounds
2026-09-04 15:13:00.035 BaldursGateIIEnhancedEdition[26058:118586130] INFO: scanning:(3) $HOME/Library/Application Support/Steam/steamapps/common/Baldur's Gate II Enhanced Edition/lang/en_US/sounds
2026-09-04 15:13:00.035 BaldursGateIIEnhancedEdition[26058:118586130] INFO: scanning:(4) $HOME/Library/Application Support/Steam/steamapps/common/Baldur's Gate II Enhanced Edition/portraits
2026-09-04 15:13:00.035 BaldursGateIIEnhancedEdition[26058:118586130] INFO: scanning:(5) $HOME/Library/Application Support/Steam/steamapps/common/Baldur's Gate II Enhanced Edition/characters
2026-09-04 15:13:00.035 BaldursGateIIEnhancedEdition[26058:118586130] INFO: scanning:(6) $HOME/Library/Application Support/Steam/steamapps/common/Baldur's Gate II Enhanced Edition/movies
2026-09-04 15:13:00.035 BaldursGateIIEnhancedEdition[26058:118586130] INFO: scanning:(7) $HOME/Library/Application Support/Steam/steamapps/common/Baldur's Gate II Enhanced Edition/lang/en_US/movies
2026-09-04 15:13:00.035 BaldursGateIIEnhancedEdition[26058:118586130] INFO: scanning:(8) $HOME/Documents/Baldur's Gate II - Enhanced Edition/override
2026-09-04 15:13:00.035 BaldursGateIIEnhancedEdition[26058:118586130] INFO: scanning:(9) $HOME/Documents/Baldur's Gate II - Enhanced Edition/scripts
2026-09-04 15:13:00.035 BaldursGateIIEnhancedEdition[26058:118586130] INFO: scanning:(10) $HOME/Documents/Baldur's Gate II - Enhanced Edition/sounds
2026-09-04 15:13:00.035 BaldursGateIIEnhancedEdition[26058:118586130] INFO: scanning:(11) $HOME/Documents/Baldur's Gate II - Enhanced Edition/portraits
2026-09-04 15:13:00.035 BaldursGateIIEnhancedEdition[26058:118586130] INFO: scanning:(12) $HOME/Documents/Baldur's Gate II - Enhanced Edition/characters
2026-09-04 15:13:00.035 BaldursGateIIEnhancedEdition[26058:118586130] INFO: scanning:(13) $HOME/Documents/Baldur's Gate II - Enhanced Edition/movies
2026-09-04 15:13:00.036 BaldursGateIIEnhancedEdition[26058:118586130] INFO: scanning:(0) $HOME/Library/Application Support/Steam/steamapps/common/Baldur's Gate II Enhanced Edition/override
2026-09-04 15:13:00.038 BaldursGateIIEnhancedEdition[26058:118586130] INFO: scanning:(1) $HOME/Library/Application Support/Steam/steamapps/common/Baldur's Gate II Enhanced Edition/scripts
2026-09-04 15:13:00.038 BaldursGateIIEnhancedEdition[26058:118586130] INFO: scanning:(2) $HOME/Library/Application Support/Steam/steamapps/common/Baldur's Gate II Enhanced Edition/sounds
2026-09-04 15:13:00.038 BaldursGateIIEnhancedEdition[26058:118586130] INFO: scanning:(3) $HOME/Library/Application Support/Steam/steamapps/common/Baldur's Gate II Enhanced Edition/lang/en_US/sounds
2026-09-04 15:13:00.038 BaldursGateIIEnhancedEdition[26058:118586130] INFO: scanning:(4) $HOME/Library/Application Support/Steam/steamapps/common/Baldur's Gate II Enhanced Edition/portraits
2026-09-04 15:13:00.038 BaldursGateIIEnhancedEdition[26058:118586130] INFO: scanning:(5) $HOME/Library/Application Support/Steam/steamapps/common/Baldur's Gate II Enhanced Edition/characters
2026-09-04 15:13:00.038 BaldursGateIIEnhancedEdition[26058:118586130] INFO: scanning:(6) $HOME/Library/Application Support/Steam/steamapps/common/Baldur's Gate II Enhanced Edition/movies
2026-09-04 15:13:00.038 BaldursGateIIEnhancedEdition[26058:118586130] INFO: scanning:(7) $HOME/Library/Application Support/Steam/steamapps/common/Baldur's Gate II Enhanced Edition/lang/en_US/movies
2026-09-04 15:13:00.038 BaldursGateIIEnhancedEdition[26058:118586130] INFO: scanning:(8) $HOME/Documents/Baldur's Gate II - Enhanced Edition/override
2026-09-04 15:13:00.038 BaldursGateIIEnhancedEdition[26058:118586130] INFO: scanning:(9) $HOME/Documents/Baldur's Gate II - Enhanced Edition/scripts
2026-09-04 15:13:00.038 BaldursGateIIEnhancedEdition[26058:118586130] INFO: scanning:(10) $HOME/Documents/Baldur's Gate II - Enhanced Edition/sounds
2026-09-04 15:13:00.038 BaldursGateIIEnhancedEdition[26058:118586130] INFO: scanning:(11) $HOME/Documents/Baldur's Gate II - Enhanced Edition/portraits
2026-09-04 15:13:00.038 BaldursGateIIEnhancedEdition[26058:118586130] INFO: scanning:(12) $HOME/Documents/Baldur's Gate II - Enhanced Edition/characters
2026-09-04 15:13:00.038 BaldursGateIIEnhancedEdition[26058:118586130] INFO: scanning:(13) $HOME/Documents/Baldur's Gate II - Enhanced Edition/movies
2026-09-04 15:13:00.039 BaldursGateIIEnhancedEdition[26058:118586130] INFO: LUA: A7LOG	865	15552180	1389636	Day 2, Hour 9 (4 Mirtul, 1369)	WORLD_QUICKLOOT	^0xff0cff3fQuick save successful.^-
2026-09-04 15:13:00.679 BaldursGateIIEnhancedEdition[26058:118586130] INFO: LUA: A7LOG	866	15552720	1390276	Day 2, Hour 9 (4 Mirtul, 1369)	WORLD_QUICKLOOT	^0xffd6bd9fJaheira^-: ^0xffd7c8a0I await your need.^-
2026-09-04 15:13:01.453 BaldursGateIIEnhancedEdition[26058:118586130] INFO: LUA: A7LOG	867	15553380	1391050	Day 2, Hour 9 (4 Mirtul, 1369)	WORLD_QUICKLOOT	^0xffd6bd9fJaheira^-: ^0xffd7c8a0It is done.^-
2026-09-04 15:13:08.683 BaldursGateIIEnhancedEdition[26058:118586130] INFO: LUA: A7LOG	868	15559680	1398280	Day 2, Hour 9 (4 Mirtul, 1369)	WORLD_QUICKLOOT	^0xffcb967dBooprikt^-: ^0xffd7c8a0I'm waiting.^-
2026-09-04 15:13:09.594 BaldursGateIIEnhancedEdition[26058:118586130] INFO: LUA: A7LOG	869	15560460	1399191	Day 2, Hour 9 (4 Mirtul, 1369)	WORLD_QUICKLOOT	^0xffcb967dBooprikt^-: ^0xffd7c8a0If you say so.^-
2026-09-04 15:13:10.071 BaldursGateIIEnhancedEdition[26058:118586130] INFO: LUA: A7LOG	870	15560880	1399668	Day 2, Hour 9 (4 Mirtul, 1369)	WORLD_QUICKLOOT	^0xffcb967dBooprikt^-: ^0xffbed7d7Stopped Detecting Traps / Illusions^-
2026-09-04 15:13:14.723 BaldursGateIIEnhancedEdition[26058:118586130] INFO: LUA: A7LOG	871	15564960	1404320	Day 2, Hour 9 (4 Mirtul, 1369)	WORLD_QUICKLOOT	^0xffd6bd9fJaheira^-: ^0xffd7c8a0Yes?^-
2026-09-04 15:13:15.257 BaldursGateIIEnhancedEdition[26058:118586130] INFO: LUA: A7LOG	872	15565380	1404854	Day 2, Hour 9 (4 Mirtul, 1369)	WORLD_QUICKLOOT	^0xffcb967dBooprikt^-: ^0xffbed7d7Detecting Traps / Illusions^-
2026-09-04 15:13:15.851 BaldursGateIIEnhancedEdition[26058:118586130] INFO: LUA: A7LOG	873	15565920	1405448	Day 2, Hour 9 (4 Mirtul, 1369)	WORLD_QUICKLOOT	^0xffd6bd9fJaheira^-: ^0xffd7c8a0I am willing.^-
2026-09-04 15:13:25.729 BaldursGateIIEnhancedEdition[26058:118586130] INFO: scanning:(0) $HOME/Library/Application Support/Steam/steamapps/common/Baldur's Gate II Enhanced Edition/override
2026-09-04 15:13:25.731 BaldursGateIIEnhancedEdition[26058:118586130] INFO: scanning:(1) $HOME/Library/Application Support/Steam/steamapps/common/Baldur's Gate II Enhanced Edition/scripts
2026-09-04 15:13:25.731 BaldursGateIIEnhancedEdition[26058:118586130] INFO: scanning:(2) $HOME/Library/Application Support/Steam/steamapps/common/Baldur's Gate II Enhanced Edition/sounds
2026-09-04 15:13:25.731 BaldursGateIIEnhancedEdition[26058:118586130] INFO: scanning:(3) $HOME/Library/Application Support/Steam/steamapps/common/Baldur's Gate II Enhanced Edition/lang/en_US/sounds
2026-09-04 15:13:25.731 BaldursGateIIEnhancedEdition[26058:118586130] INFO: scanning:(4) $HOME/Library/Application Support/Steam/steamapps/common/Baldur's Gate II Enhanced Edition/portraits
2026-09-04 15:13:25.731 BaldursGateIIEnhancedEdition[26058:118586130] INFO: scanning:(5) $HOME/Library/Application Support/Steam/steamapps/common/Baldur's Gate II Enhanced Edition/characters
2026-09-04 15:13:25.731 BaldursGateIIEnhancedEdition[26058:118586130] INFO: scanning:(6) $HOME/Library/Application Support/Steam/steamapps/common/Baldur's Gate II Enhanced Edition/movies
2026-09-04 15:13:25.731 BaldursGateIIEnhancedEdition[26058:118586130] INFO: scanning:(7) $HOME/Library/Application Support/Steam/steamapps/common/Baldur's Gate II Enhanced Edition/lang/en_US/movies
2026-09-04 15:13:25.731 BaldursGateIIEnhancedEdition[26058:118586130] INFO: scanning:(8) $HOME/Documents/Baldur's Gate II - Enhanced Edition/override
2026-09-04 15:13:25.731 BaldursGateIIEnhancedEdition[26058:118586130] INFO: scanning:(9) $HOME/Documents/Baldur's Gate II - Enhanced Edition/scripts
2026-09-04 15:13:25.731 BaldursGateIIEnhancedEdition[26058:118586130] INFO: scanning:(10) $HOME/Documents/Baldur's Gate II - Enhanced Edition/sounds
2026-09-04 15:13:25.731 BaldursGateIIEnhancedEdition[26058:118586130] INFO: scanning:(11) $HOME/Documents/Baldur's Gate II - Enhanced Edition/portraits
2026-09-04 15:13:25.731 BaldursGateIIEnhancedEdition[26058:118586130] INFO: scanning:(12) $HOME/Documents/Baldur's Gate II - Enhanced Edition/characters
2026-09-04 15:13:25.731 BaldursGateIIEnhancedEdition[26058:118586130] INFO: scanning:(13) $HOME/Documents/Baldur's Gate II - Enhanced Edition/movies
2026-09-04 15:13:25.769 BaldursGateIIEnhancedEdition[26058:118586130] INFO: scanning:(0) $HOME/Library/Application Support/Steam/steamapps/common/Baldur's Gate II Enhanced Edition/override
2026-09-04 15:13:25.771 BaldursGateIIEnhancedEdition[26058:118586130] INFO: scanning:(1) $HOME/Library/Application Support/Steam/steamapps/common/Baldur's Gate II Enhanced Edition/scripts
2026-09-04 15:13:25.771 BaldursGateIIEnhancedEdition[26058:118586130] INFO: scanning:(2) $HOME/Library/Application Support/Steam/steamapps/common/Baldur's Gate II Enhanced Edition/sounds
2026-09-04 15:13:25.771 BaldursGateIIEnhancedEdition[26058:118586130] INFO: scanning:(3) $HOME/Library/Application Support/Steam/steamapps/common/Baldur's Gate II Enhanced Edition/lang/en_US/sounds
2026-09-04 15:13:25.771 BaldursGateIIEnhancedEdition[26058:118586130] INFO: scanning:(4) $HOME/Library/Application Support/Steam/steamapps/common/Baldur's Gate II Enhanced Edition/portraits
2026-09-04 15:13:25.771 BaldursGateIIEnhancedEdition[26058:118586130] INFO: scanning:(5) $HOME/Library/Application Support/Steam/steamapps/common/Baldur's Gate II Enhanced Edition/characters
2026-09-04 15:13:25.771 BaldursGateIIEnhancedEdition[26058:118586130] INFO: scanning:(6) $HOME/Library/Application Support/Steam/steamapps/common/Baldur's Gate II Enhanced Edition/movies
2026-09-04 15:13:25.771 BaldursGateIIEnhancedEdition[26058:118586130] INFO: scanning:(7) $HOME/Library/Application Support/Steam/steamapps/common/Baldur's Gate II Enhanced Edition/lang/en_US/movies
2026-09-04 15:13:25.771 BaldursGateIIEnhancedEdition[26058:118586130] INFO: scanning:(8) $HOME/Documents/Baldur's Gate II - Enhanced Edition/override
2026-09-04 15:13:25.771 BaldursGateIIEnhancedEdition[26058:118586130] INFO: scanning:(9) $HOME/Documents/Baldur's Gate II - Enhanced Edition/scripts
2026-09-04 15:13:25.771 BaldursGateIIEnhancedEdition[26058:118586130] INFO: scanning:(10) $HOME/Documents/Baldur's Gate II - Enhanced Edition/sounds
2026-09-04 15:13:25.771 BaldursGateIIEnhancedEdition[26058:118586130] INFO: scanning:(11) $HOME/Documents/Baldur's Gate II - Enhanced Edition/portraits
2026-09-04 15:13:25.771 BaldursGateIIEnhancedEdition[26058:118586130] INFO: scanning:(12) $HOME/Documents/Baldur's Gate II - Enhanced Edition/characters
2026-09-04 15:13:25.771 BaldursGateIIEnhancedEdition[26058:118586130] INFO: scanning:(13) $HOME/Documents/Baldur's Gate II - Enhanced Edition/movies
2026-09-04 15:13:25.773 BaldursGateIIEnhancedEdition[26058:118586130] INFO: scanning:(0) $HOME/Library/Application Support/Steam/steamapps/common/Baldur's Gate II Enhanced Edition/override
2026-09-04 15:13:25.775 BaldursGateIIEnhancedEdition[26058:118586130] INFO: scanning:(1) $HOME/Library/Application Support/Steam/steamapps/common/Baldur's Gate II Enhanced Edition/scripts
2026-09-04 15:13:25.775 BaldursGateIIEnhancedEdition[26058:118586130] INFO: scanning:(2) $HOME/Library/Application Support/Steam/steamapps/common/Baldur's Gate II Enhanced Edition/sounds
2026-09-04 15:13:25.775 BaldursGateIIEnhancedEdition[26058:118586130] INFO: scanning:(3) $HOME/Library/Application Support/Steam/steamapps/common/Baldur's Gate II Enhanced Edition/lang/en_US/sounds
2026-09-04 15:13:25.775 BaldursGateIIEnhancedEdition[26058:118586130] INFO: scanning:(4) $HOME/Library/Application Support/Steam/steamapps/common/Baldur's Gate II Enhanced Edition/portraits
2026-09-04 15:13:25.775 BaldursGateIIEnhancedEdition[26058:118586130] INFO: scanning:(5) $HOME/Library/Application Support/Steam/steamapps/common/Baldur's Gate II Enhanced Edition/characters
2026-09-04 15:13:25.775 BaldursGateIIEnhancedEdition[26058:118586130] INFO: scanning:(6) $HOME/Library/Application Support/Steam/steamapps/common/Baldur's Gate II Enhanced Edition/movies
2026-09-04 15:13:25.775 BaldursGateIIEnhancedEdition[26058:118586130] INFO: scanning:(7) $HOME/Library/Application Support/Steam/steamapps/common/Baldur's Gate II Enhanced Edition/lang/en_US/movies
2026-09-04 15:13:25.775 BaldursGateIIEnhancedEdition[26058:118586130] INFO: scanning:(8) $HOME/Documents/Baldur's Gate II - Enhanced Edition/override
2026-09-04 15:13:25.775 BaldursGateIIEnhancedEdition[26058:118586130] INFO: scanning:(9) $HOME/Documents/Baldur's Gate II - Enhanced Edition/scripts
2026-09-04 15:13:25.775 BaldursGateIIEnhancedEdition[26058:118586130] INFO: scanning:(10) $HOME/Documents/Baldur's Gate II - Enhanced Edition/sounds
2026-09-04 15:13:25.775 BaldursGateIIEnhancedEdition[26058:118586130] INFO: scanning:(11) $HOME/Documents/Baldur's Gate II - Enhanced Edition/portraits
2026-09-04 15:13:25.775 BaldursGateIIEnhancedEdition[26058:118586130] INFO: scanning:(12) $HOME/Documents/Baldur's Gate II - Enhanced Edition/characters
2026-09-04 15:13:25.775 BaldursGateIIEnhancedEdition[26058:118586130] INFO: scanning:(13) $HOME/Documents/Baldur's Gate II - Enhanced Edition/movies
2026-09-04 15:13:25.777 BaldursGateIIEnhancedEdition[26058:118586130] INFO: scanning:(0) $HOME/Library/Application Support/Steam/steamapps/common/Baldur's Gate II Enhanced Edition/override
2026-09-04 15:13:25.779 BaldursGateIIEnhancedEdition[26058:118586130] INFO: scanning:(1) $HOME/Library/Application Support/Steam/steamapps/common/Baldur's Gate II Enhanced Edition/scripts
2026-09-04 15:13:25.779 BaldursGateIIEnhancedEdition[26058:118586130] INFO: scanning:(2) $HOME/Library/Application Support/Steam/steamapps/common/Baldur's Gate II Enhanced Edition/sounds
2026-09-04 15:13:25.779 BaldursGateIIEnhancedEdition[26058:118586130] INFO: scanning:(3) $HOME/Library/Application Support/Steam/steamapps/common/Baldur's Gate II Enhanced Edition/lang/en_US/sounds
2026-09-04 15:13:25.779 BaldursGateIIEnhancedEdition[26058:118586130] INFO: scanning:(4) $HOME/Library/Application Support/Steam/steamapps/common/Baldur's Gate II Enhanced Edition/portraits
2026-09-04 15:13:25.779 BaldursGateIIEnhancedEdition[26058:118586130] INFO: scanning:(5) $HOME/Library/Application Support/Steam/steamapps/common/Baldur's Gate II Enhanced Edition/characters
2026-09-04 15:13:25.779 BaldursGateIIEnhancedEdition[26058:118586130] INFO: scanning:(6) $HOME/Library/Application Support/Steam/steamapps/common/Baldur's Gate II Enhanced Edition/movies
2026-09-04 15:13:25.779 BaldursGateIIEnhancedEdition[26058:118586130] INFO: scanning:(7) $HOME/Library/Application Support/Steam/steamapps/common/Baldur's Gate II Enhanced Edition/lang/en_US/movies
2026-09-04 15:13:25.779 BaldursGateIIEnhancedEdition[26058:118586130] INFO: scanning:(8) $HOME/Documents/Baldur's Gate II - Enhanced Edition/override
2026-09-04 15:13:25.779 BaldursGateIIEnhancedEdition[26058:118586130] INFO: scanning:(9) $HOME/Documents/Baldur's Gate II - Enhanced Edition/scripts
2026-09-04 15:13:25.779 BaldursGateIIEnhancedEdition[26058:118586130] INFO: scanning:(10) $HOME/Documents/Baldur's Gate II - Enhanced Edition/sounds
2026-09-04 15:13:25.779 BaldursGateIIEnhancedEdition[26058:118586130] INFO: scanning:(11) $HOME/Documents/Baldur's Gate II - Enhanced Edition/portraits
2026-09-04 15:13:25.779 BaldursGateIIEnhancedEdition[26058:118586130] INFO: scanning:(12) $HOME/Documents/Baldur's Gate II - Enhanced Edition/characters
2026-09-04 15:13:25.779 BaldursGateIIEnhancedEdition[26058:118586130] INFO: scanning:(13) $HOME/Documents/Baldur's Gate II - Enhanced Edition/movies
2026-09-04 15:13:25.780 BaldursGateIIEnhancedEdition[26058:118586130] INFO: scanning:(0) $HOME/Library/Application Support/Steam/steamapps/common/Baldur's Gate II Enhanced Edition/override
2026-09-04 15:13:25.782 BaldursGateIIEnhancedEdition[26058:118586130] INFO: scanning:(1) $HOME/Library/Application Support/Steam/steamapps/common/Baldur's Gate II Enhanced Edition/scripts
2026-09-04 15:13:25.782 BaldursGateIIEnhancedEdition[26058:118586130] INFO: scanning:(2) $HOME/Library/Application Support/Steam/steamapps/common/Baldur's Gate II Enhanced Edition/sounds
2026-09-04 15:13:25.782 BaldursGateIIEnhancedEdition[26058:118586130] INFO: scanning:(3) $HOME/Library/Application Support/Steam/steamapps/common/Baldur's Gate II Enhanced Edition/lang/en_US/sounds
2026-09-04 15:13:25.783 BaldursGateIIEnhancedEdition[26058:118586130] INFO: scanning:(4) $HOME/Library/Application Support/Steam/steamapps/common/Baldur's Gate II Enhanced Edition/portraits
2026-09-04 15:13:25.783 BaldursGateIIEnhancedEdition[26058:118586130] INFO: scanning:(5) $HOME/Library/Application Support/Steam/steamapps/common/Baldur's Gate II Enhanced Edition/characters
2026-09-04 15:13:25.783 BaldursGateIIEnhancedEdition[26058:118586130] INFO: scanning:(6) $HOME/Library/Application Support/Steam/steamapps/common/Baldur's Gate II Enhanced Edition/movies
2026-09-04 15:13:25.783 BaldursGateIIEnhancedEdition[26058:118586130] INFO: scanning:(7) $HOME/Library/Application Support/Steam/steamapps/common/Baldur's Gate II Enhanced Edition/lang/en_US/movies
2026-09-04 15:13:25.783 BaldursGateIIEnhancedEdition[26058:118586130] INFO: scanning:(8) $HOME/Documents/Baldur's Gate II - Enhanced Edition/override
2026-09-04 15:13:25.783 BaldursGateIIEnhancedEdition[26058:118586130] INFO: scanning:(9) $HOME/Documents/Baldur's Gate II - Enhanced Edition/scripts
2026-09-04 15:13:25.783 BaldursGateIIEnhancedEdition[26058:118586130] INFO: scanning:(10) $HOME/Documents/Baldur's Gate II - Enhanced Edition/sounds
2026-09-04 15:13:25.783 BaldursGateIIEnhancedEdition[26058:118586130] INFO: scanning:(11) $HOME/Documents/Baldur's Gate II - Enhanced Edition/portraits
2026-09-04 15:13:25.783 BaldursGateIIEnhancedEdition[26058:118586130] INFO: scanning:(12) $HOME/Documents/Baldur's Gate II - Enhanced Edition/characters
2026-09-04 15:13:25.783 BaldursGateIIEnhancedEdition[26058:118586130] INFO: scanning:(13) $HOME/Documents/Baldur's Gate II - Enhanced Edition/movies
2026-09-04 15:13:25.793 BaldursGateIIEnhancedEdition[26058:118586130] INFO: scanning:(0) $HOME/Library/Application Support/Steam/steamapps/common/Baldur's Gate II Enhanced Edition/override
2026-09-04 15:13:25.794 BaldursGateIIEnhancedEdition[26058:118586130] INFO: scanning:(1) $HOME/Library/Application Support/Steam/steamapps/common/Baldur's Gate II Enhanced Edition/scripts
2026-09-04 15:13:25.795 BaldursGateIIEnhancedEdition[26058:118586130] INFO: scanning:(2) $HOME/Library/Application Support/Steam/steamapps/common/Baldur's Gate II Enhanced Edition/sounds
2026-09-04 15:13:25.795 BaldursGateIIEnhancedEdition[26058:118586130] INFO: scanning:(3) $HOME/Library/Application Support/Steam/steamapps/common/Baldur's Gate II Enhanced Edition/lang/en_US/sounds
2026-09-04 15:13:25.795 BaldursGateIIEnhancedEdition[26058:118586130] INFO: scanning:(4) $HOME/Library/Application Support/Steam/steamapps/common/Baldur's Gate II Enhanced Edition/portraits
2026-09-04 15:13:25.795 BaldursGateIIEnhancedEdition[26058:118586130] INFO: scanning:(5) $HOME/Library/Application Support/Steam/steamapps/common/Baldur's Gate II Enhanced Edition/characters
2026-09-04 15:13:25.795 BaldursGateIIEnhancedEdition[26058:118586130] INFO: scanning:(6) $HOME/Library/Application Support/Steam/steamapps/common/Baldur's Gate II Enhanced Edition/movies
2026-09-04 15:13:25.795 BaldursGateIIEnhancedEdition[26058:118586130] INFO: scanning:(7) $HOME/Library/Application Support/Steam/steamapps/common/Baldur's Gate II Enhanced Edition/lang/en_US/movies
2026-09-04 15:13:25.795 BaldursGateIIEnhancedEdition[26058:118586130] INFO: scanning:(8) $HOME/Documents/Baldur's Gate II - Enhanced Edition/override
2026-09-04 15:13:25.795 BaldursGateIIEnhancedEdition[26058:118586130] INFO: scanning:(9) $HOME/Documents/Baldur's Gate II - Enhanced Edition/scripts
2026-09-04 15:13:25.795 BaldursGateIIEnhancedEdition[26058:118586130] INFO: scanning:(10) $HOME/Documents/Baldur's Gate II - Enhanced Edition/sounds
2026-09-04 15:13:25.795 BaldursGateIIEnhancedEdition[26058:118586130] INFO: scanning:(11) $HOME/Documents/Baldur's Gate II - Enhanced Edition/portraits
2026-09-04 15:13:25.795 BaldursGateIIEnhancedEdition[26058:118586130] INFO: scanning:(12) $HOME/Documents/Baldur's Gate II - Enhanced Edition/characters
2026-09-04 15:13:25.795 BaldursGateIIEnhancedEdition[26058:118586130] INFO: scanning:(13) $HOME/Documents/Baldur's Gate II - Enhanced Edition/movies
2026-09-04 15:13:25.796 BaldursGateIIEnhancedEdition[26058:118586130] INFO: scanning:(0) $HOME/Library/Application Support/Steam/steamapps/common/Baldur's Gate II Enhanced Edition/override
2026-09-04 15:13:25.798 BaldursGateIIEnhancedEdition[26058:118586130] INFO: scanning:(1) $HOME/Library/Application Support/Steam/steamapps/common/Baldur's Gate II Enhanced Edition/scripts
2026-09-04 15:13:25.798 BaldursGateIIEnhancedEdition[26058:118586130] INFO: scanning:(2) $HOME/Library/Application Support/Steam/steamapps/common/Baldur's Gate II Enhanced Edition/sounds
2026-09-04 15:13:25.798 BaldursGateIIEnhancedEdition[26058:118586130] INFO: scanning:(3) $HOME/Library/Application Support/Steam/steamapps/common/Baldur's Gate II Enhanced Edition/lang/en_US/sounds
2026-09-04 15:13:25.799 BaldursGateIIEnhancedEdition[26058:118586130] INFO: scanning:(4) $HOME/Library/Application Support/Steam/steamapps/common/Baldur's Gate II Enhanced Edition/portraits
2026-09-04 15:13:25.799 BaldursGateIIEnhancedEdition[26058:118586130] INFO: scanning:(5) $HOME/Library/Application Support/Steam/steamapps/common/Baldur's Gate II Enhanced Edition/characters
2026-09-04 15:13:25.799 BaldursGateIIEnhancedEdition[26058:118586130] INFO: scanning:(6) $HOME/Library/Application Support/Steam/steamapps/common/Baldur's Gate II Enhanced Edition/movies
2026-09-04 15:13:25.799 BaldursGateIIEnhancedEdition[26058:118586130] INFO: scanning:(7) $HOME/Library/Application Support/Steam/steamapps/common/Baldur's Gate II Enhanced Edition/lang/en_US/movies
2026-09-04 15:13:25.799 BaldursGateIIEnhancedEdition[26058:118586130] INFO: scanning:(8) $HOME/Documents/Baldur's Gate II - Enhanced Edition/override
2026-09-04 15:13:25.799 BaldursGateIIEnhancedEdition[26058:118586130] INFO: scanning:(9) $HOME/Documents/Baldur's Gate II - Enhanced Edition/scripts
2026-09-04 15:13:25.799 BaldursGateIIEnhancedEdition[26058:118586130] INFO: scanning:(10) $HOME/Documents/Baldur's Gate II - Enhanced Edition/sounds
2026-09-04 15:13:25.799 BaldursGateIIEnhancedEdition[26058:118586130] INFO: scanning:(11) $HOME/Documents/Baldur's Gate II - Enhanced Edition/portraits
2026-09-04 15:13:25.799 BaldursGateIIEnhancedEdition[26058:118586130] INFO: scanning:(12) $HOME/Documents/Baldur's Gate II - Enhanced Edition/characters
2026-09-04 15:13:25.799 BaldursGateIIEnhancedEdition[26058:118586130] INFO: scanning:(13) $HOME/Documents/Baldur's Gate II - Enhanced Edition/movies
2026-09-04 15:13:25.800 BaldursGateIIEnhancedEdition[26058:118586130] INFO: scanning:(0) $HOME/Library/Application Support/Steam/steamapps/common/Baldur's Gate II Enhanced Edition/override
2026-09-04 15:13:25.802 BaldursGateIIEnhancedEdition[26058:118586130] INFO: scanning:(1) $HOME/Library/Application Support/Steam/steamapps/common/Baldur's Gate II Enhanced Edition/scripts
2026-09-04 15:13:25.802 BaldursGateIIEnhancedEdition[26058:118586130] INFO: scanning:(2) $HOME/Library/Application Support/Steam/steamapps/common/Baldur's Gate II Enhanced Edition/sounds
2026-09-04 15:13:25.802 BaldursGateIIEnhancedEdition[26058:118586130] INFO: scanning:(3) $HOME/Library/Application Support/Steam/steamapps/common/Baldur's Gate II Enhanced Edition/lang/en_US/sounds
2026-09-04 15:13:25.802 BaldursGateIIEnhancedEdition[26058:118586130] INFO: scanning:(4) $HOME/Library/Application Support/Steam/steamapps/common/Baldur's Gate II Enhanced Edition/portraits
2026-09-04 15:13:25.802 BaldursGateIIEnhancedEdition[26058:118586130] INFO: scanning:(5) $HOME/Library/Application Support/Steam/steamapps/common/Baldur's Gate II Enhanced Edition/characters
2026-09-04 15:13:25.802 BaldursGateIIEnhancedEdition[26058:118586130] INFO: scanning:(6) $HOME/Library/Application Support/Steam/steamapps/common/Baldur's Gate II Enhanced Edition/movies
2026-09-04 15:13:25.802 BaldursGateIIEnhancedEdition[26058:118586130] INFO: scanning:(7) $HOME/Library/Application Support/Steam/steamapps/common/Baldur's Gate II Enhanced Edition/lang/en_US/movies
2026-09-04 15:13:25.802 BaldursGateIIEnhancedEdition[26058:118586130] INFO: scanning:(8) $HOME/Documents/Baldur's Gate II - Enhanced Edition/override
2026-09-04 15:13:25.802 BaldursGateIIEnhancedEdition[26058:118586130] INFO: scanning:(9) $HOME/Documents/Baldur's Gate II - Enhanced Edition/scripts
2026-09-04 15:13:25.802 BaldursGateIIEnhancedEdition[26058:118586130] INFO: scanning:(10) $HOME/Documents/Baldur's Gate II - Enhanced Edition/sounds
2026-09-04 15:13:25.802 BaldursGateIIEnhancedEdition[26058:118586130] INFO: scanning:(11) $HOME/Documents/Baldur's Gate II - Enhanced Edition/portraits
2026-09-04 15:13:25.802 BaldursGateIIEnhancedEdition[26058:118586130] INFO: scanning:(12) $HOME/Documents/Baldur's Gate II - Enhanced Edition/characters
2026-09-04 15:13:25.802 BaldursGateIIEnhancedEdition[26058:118586130] INFO: scanning:(13) $HOME/Documents/Baldur's Gate II - Enhanced Edition/movies
2026-09-04 15:13:25.803 BaldursGateIIEnhancedEdition[26058:118586130] INFO: scanning:(0) $HOME/Library/Application Support/Steam/steamapps/common/Baldur's Gate II Enhanced Edition/override
2026-09-04 15:13:25.805 BaldursGateIIEnhancedEdition[26058:118586130] INFO: scanning:(1) $HOME/Library/Application Support/Steam/steamapps/common/Baldur's Gate II Enhanced Edition/scripts
2026-09-04 15:13:25.805 BaldursGateIIEnhancedEdition[26058:118586130] INFO: scanning:(2) $HOME/Library/Application Support/Steam/steamapps/common/Baldur's Gate II Enhanced Edition/sounds
2026-09-04 15:13:25.805 BaldursGateIIEnhancedEdition[26058:118586130] INFO: scanning:(3) $HOME/Library/Application Support/Steam/steamapps/common/Baldur's Gate II Enhanced Edition/lang/en_US/sounds
2026-09-04 15:13:25.806 BaldursGateIIEnhancedEdition[26058:118586130] INFO: scanning:(4) $HOME/Library/Application Support/Steam/steamapps/common/Baldur's Gate II Enhanced Edition/portraits
2026-09-04 15:13:25.806 BaldursGateIIEnhancedEdition[26058:118586130] INFO: scanning:(5) $HOME/Library/Application Support/Steam/steamapps/common/Baldur's Gate II Enhanced Edition/characters
2026-09-04 15:13:25.806 BaldursGateIIEnhancedEdition[26058:118586130] INFO: scanning:(6) $HOME/Library/Application Support/Steam/steamapps/common/Baldur's Gate II Enhanced Edition/movies
2026-09-04 15:13:25.806 BaldursGateIIEnhancedEdition[26058:118586130] INFO: scanning:(7) $HOME/Library/Application Support/Steam/steamapps/common/Baldur's Gate II Enhanced Edition/lang/en_US/movies
2026-09-04 15:13:25.806 BaldursGateIIEnhancedEdition[26058:118586130] INFO: scanning:(8) $HOME/Documents/Baldur's Gate II - Enhanced Edition/override
2026-09-04 15:13:25.806 BaldursGateIIEnhancedEdition[26058:118586130] INFO: scanning:(9) $HOME/Documents/Baldur's Gate II - Enhanced Edition/scripts
2026-09-04 15:13:25.806 BaldursGateIIEnhancedEdition[26058:118586130] INFO: scanning:(10) $HOME/Documents/Baldur's Gate II - Enhanced Edition/sounds
2026-09-04 15:13:25.806 BaldursGateIIEnhancedEdition[26058:118586130] INFO: scanning:(11) $HOME/Documents/Baldur's Gate II - Enhanced Edition/portraits
2026-09-04 15:13:25.806 BaldursGateIIEnhancedEdition[26058:118586130] INFO: scanning:(12) $HOME/Documents/Baldur's Gate II - Enhanced Edition/characters
2026-09-04 15:13:25.806 BaldursGateIIEnhancedEdition[26058:118586130] INFO: scanning:(13) $HOME/Documents/Baldur's Gate II - Enhanced Edition/movies
2026-09-04 15:13:25.807 BaldursGateIIEnhancedEdition[26058:118586130] INFO: scanning:(0) $HOME/Library/Application Support/Steam/steamapps/common/Baldur's Gate II Enhanced Edition/override
2026-09-04 15:13:25.809 BaldursGateIIEnhancedEdition[26058:118586130] INFO: scanning:(1) $HOME/Library/Application Support/Steam/steamapps/common/Baldur's Gate II Enhanced Edition/scripts
2026-09-04 15:13:25.809 BaldursGateIIEnhancedEdition[26058:118586130] INFO: scanning:(2) $HOME/Library/Application Support/Steam/steamapps/common/Baldur's Gate II Enhanced Edition/sounds
2026-09-04 15:13:25.809 BaldursGateIIEnhancedEdition[26058:118586130] INFO: scanning:(3) $HOME/Library/Application Support/Steam/steamapps/common/Baldur's Gate II Enhanced Edition/lang/en_US/sounds
2026-09-04 15:13:25.809 BaldursGateIIEnhancedEdition[26058:118586130] INFO: scanning:(4) $HOME/Library/Application Support/Steam/steamapps/common/Baldur's Gate II Enhanced Edition/portraits
2026-09-04 15:13:25.809 BaldursGateIIEnhancedEdition[26058:118586130] INFO: scanning:(5) $HOME/Library/Application Support/Steam/steamapps/common/Baldur's Gate II Enhanced Edition/characters
2026-09-04 15:13:25.809 BaldursGateIIEnhancedEdition[26058:118586130] INFO: scanning:(6) $HOME/Library/Application Support/Steam/steamapps/common/Baldur's Gate II Enhanced Edition/movies
2026-09-04 15:13:25.809 BaldursGateIIEnhancedEdition[26058:118586130] INFO: scanning:(7) $HOME/Library/Application Support/Steam/steamapps/common/Baldur's Gate II Enhanced Edition/lang/en_US/movies
2026-09-04 15:13:25.809 BaldursGateIIEnhancedEdition[26058:118586130] INFO: scanning:(8) $HOME/Documents/Baldur's Gate II - Enhanced Edition/override
2026-09-04 15:13:25.809 BaldursGateIIEnhancedEdition[26058:118586130] INFO: scanning:(9) $HOME/Documents/Baldur's Gate II - Enhanced Edition/scripts
2026-09-04 15:13:25.809 BaldursGateIIEnhancedEdition[26058:118586130] INFO: scanning:(10) $HOME/Documents/Baldur's Gate II - Enhanced Edition/sounds
2026-09-04 15:13:25.809 BaldursGateIIEnhancedEdition[26058:118586130] INFO: scanning:(11) $HOME/Documents/Baldur's Gate II - Enhanced Edition/portraits
2026-09-04 15:13:25.809 BaldursGateIIEnhancedEdition[26058:118586130] INFO: scanning:(12) $HOME/Documents/Baldur's Gate II - Enhanced Edition/characters
2026-09-04 15:13:25.809 BaldursGateIIEnhancedEdition[26058:118586130] INFO: scanning:(13) $HOME/Documents/Baldur's Gate II - Enhanced Edition/movies
2026-09-04 15:13:25.813 BaldursGateIIEnhancedEdition[26058:118586130] INFO: LUA: A7LOG	874	15574620	1415409	Day 2, Hour 9 (4 Mirtul, 1369)	WORLD_QUICKLOOT	^0xff0cff3fQuick save successful.^-
2026-09-04 15:13:26.335 BaldursGateIIEnhancedEdition[26058:118586130] INFO: LUA: A7LOG	875	15574980	1415932	Day 2, Hour 9 (4 Mirtul, 1369)	WORLD_QUICKLOOT	^0xff0000ffPAUSED^-
2026-09-04 15:16:01.769 BaldursGateIIEnhancedEdition[26058:118586130] INFO: LUA: A7LOG	876	15574980	1571365	Day 2, Hour 9 (4 Mirtul, 1369)	WORLD_QUICKLOOT	^0xffd6bd9fJaheira^-: ^0xffd7c8a0I am ready.^-
2026-09-04 15:16:02.361 BaldursGateIIEnhancedEdition[26058:118586130] INFO: scanning:(0) $HOME/Library/Application Support/Steam/steamapps/common/Baldur's Gate II Enhanced Edition/override
2026-09-04 15:16:02.373 BaldursGateIIEnhancedEdition[26058:118586130] INFO: scanning:(1) $HOME/Library/Application Support/Steam/steamapps/common/Baldur's Gate II Enhanced Edition/scripts
2026-09-04 15:16:02.374 BaldursGateIIEnhancedEdition[26058:118586130] INFO: scanning:(2) $HOME/Library/Application Support/Steam/steamapps/common/Baldur's Gate II Enhanced Edition/sounds
2026-09-04 15:16:02.374 BaldursGateIIEnhancedEdition[26058:118586130] INFO: scanning:(3) $HOME/Library/Application Support/Steam/steamapps/common/Baldur's Gate II Enhanced Edition/lang/en_US/sounds
2026-09-04 15:16:02.377 BaldursGateIIEnhancedEdition[26058:118586130] INFO: scanning:(4) $HOME/Library/Application Support/Steam/steamapps/common/Baldur's Gate II Enhanced Edition/portraits
2026-09-04 15:16:02.377 BaldursGateIIEnhancedEdition[26058:118586130] INFO: scanning:(5) $HOME/Library/Application Support/Steam/steamapps/common/Baldur's Gate II Enhanced Edition/characters
2026-09-04 15:16:02.377 BaldursGateIIEnhancedEdition[26058:118586130] INFO: scanning:(6) $HOME/Library/Application Support/Steam/steamapps/common/Baldur's Gate II Enhanced Edition/movies
2026-09-04 15:16:02.377 BaldursGateIIEnhancedEdition[26058:118586130] INFO: scanning:(7) $HOME/Library/Application Support/Steam/steamapps/common/Baldur's Gate II Enhanced Edition/lang/en_US/movies
2026-09-04 15:16:02.377 BaldursGateIIEnhancedEdition[26058:118586130] INFO: scanning:(8) $HOME/Documents/Baldur's Gate II - Enhanced Edition/override
2026-09-04 15:16:02.377 BaldursGateIIEnhancedEdition[26058:118586130] INFO: scanning:(9) $HOME/Documents/Baldur's Gate II - Enhanced Edition/scripts
2026-09-04 15:16:02.378 BaldursGateIIEnhancedEdition[26058:118586130] INFO: scanning:(10) $HOME/Documents/Baldur's Gate II - Enhanced Edition/sounds
2026-09-04 15:16:02.378 BaldursGateIIEnhancedEdition[26058:118586130] INFO: scanning:(11) $HOME/Documents/Baldur's Gate II - Enhanced Edition/portraits
2026-09-04 15:16:02.378 BaldursGateIIEnhancedEdition[26058:118586130] INFO: scanning:(12) $HOME/Documents/Baldur's Gate II - Enhanced Edition/characters
2026-09-04 15:16:02.378 BaldursGateIIEnhancedEdition[26058:118586130] INFO: scanning:(13) $HOME/Documents/Baldur's Gate II - Enhanced Edition/movies
2026-09-04 15:16:02.403 BaldursGateIIEnhancedEdition[26058:118586130] INFO: scanning:(0) $HOME/Library/Application Support/Steam/steamapps/common/Baldur's Gate II Enhanced Edition/override
2026-09-04 15:16:02.404 BaldursGateIIEnhancedEdition[26058:118586130] INFO: scanning:(1) $HOME/Library/Application Support/Steam/steamapps/common/Baldur's Gate II Enhanced Edition/scripts
2026-09-04 15:16:02.404 BaldursGateIIEnhancedEdition[26058:118586130] INFO: scanning:(2) $HOME/Library/Application Support/Steam/steamapps/common/Baldur's Gate II Enhanced Edition/sounds
2026-09-04 15:16:02.404 BaldursGateIIEnhancedEdition[26058:118586130] INFO: scanning:(3) $HOME/Library/Application Support/Steam/steamapps/common/Baldur's Gate II Enhanced Edition/lang/en_US/sounds
2026-09-04 15:16:02.405 BaldursGateIIEnhancedEdition[26058:118586130] INFO: scanning:(4) $HOME/Library/Application Support/Steam/steamapps/common/Baldur's Gate II Enhanced Edition/portraits
2026-09-04 15:16:02.405 BaldursGateIIEnhancedEdition[26058:118586130] INFO: scanning:(5) $HOME/Library/Application Support/Steam/steamapps/common/Baldur's Gate II Enhanced Edition/characters
2026-09-04 15:16:02.405 BaldursGateIIEnhancedEdition[26058:118586130] INFO: scanning:(6) $HOME/Library/Application Support/Steam/steamapps/common/Baldur's Gate II Enhanced Edition/movies
2026-09-04 15:16:02.405 BaldursGateIIEnhancedEdition[26058:118586130] INFO: scanning:(7) $HOME/Library/Application Support/Steam/steamapps/common/Baldur's Gate II Enhanced Edition/lang/en_US/movies
2026-09-04 15:16:02.405 BaldursGateIIEnhancedEdition[26058:118586130] INFO: scanning:(8) $HOME/Documents/Baldur's Gate II - Enhanced Edition/override
2026-09-04 15:16:02.405 BaldursGateIIEnhancedEdition[26058:118586130] INFO: scanning:(9) $HOME/Documents/Baldur's Gate II - Enhanced Edition/scripts
2026-09-04 15:16:02.405 BaldursGateIIEnhancedEdition[26058:118586130] INFO: scanning:(10) $HOME/Documents/Baldur's Gate II - Enhanced Edition/sounds
2026-09-04 15:16:02.405 BaldursGateIIEnhancedEdition[26058:118586130] INFO: scanning:(11) $HOME/Documents/Baldur's Gate II - Enhanced Edition/portraits
2026-09-04 15:16:02.405 BaldursGateIIEnhancedEdition[26058:118586130] INFO: scanning:(12) $HOME/Documents/Baldur's Gate II - Enhanced Edition/characters
2026-09-04 15:16:02.405 BaldursGateIIEnhancedEdition[26058:118586130] INFO: scanning:(13) $HOME/Documents/Baldur's Gate II - Enhanced Edition/movies
2026-09-04 15:16:02.406 BaldursGateIIEnhancedEdition[26058:118586130] INFO: scanning:(0) $HOME/Library/Application Support/Steam/steamapps/common/Baldur's Gate II Enhanced Edition/override
2026-09-04 15:16:02.407 BaldursGateIIEnhancedEdition[26058:118586130] INFO: scanning:(1) $HOME/Library/Application Support/Steam/steamapps/common/Baldur's Gate II Enhanced Edition/scripts
2026-09-04 15:16:02.407 BaldursGateIIEnhancedEdition[26058:118586130] INFO: scanning:(2) $HOME/Library/Application Support/Steam/steamapps/common/Baldur's Gate II Enhanced Edition/sounds
2026-09-04 15:16:02.407 BaldursGateIIEnhancedEdition[26058:118586130] INFO: scanning:(3) $HOME/Library/Application Support/Steam/steamapps/common/Baldur's Gate II Enhanced Edition/lang/en_US/sounds
2026-09-04 15:16:02.408 BaldursGateIIEnhancedEdition[26058:118586130] INFO: scanning:(4) $HOME/Library/Application Support/Steam/steamapps/common/Baldur's Gate II Enhanced Edition/portraits
2026-09-04 15:16:02.408 BaldursGateIIEnhancedEdition[26058:118586130] INFO: scanning:(5) $HOME/Library/Application Support/Steam/steamapps/common/Baldur's Gate II Enhanced Edition/characters
2026-09-04 15:16:02.408 BaldursGateIIEnhancedEdition[26058:118586130] INFO: scanning:(6) $HOME/Library/Application Support/Steam/steamapps/common/Baldur's Gate II Enhanced Edition/movies
2026-09-04 15:16:02.408 BaldursGateIIEnhancedEdition[26058:118586130] INFO: scanning:(7) $HOME/Library/Application Support/Steam/steamapps/common/Baldur's Gate II Enhanced Edition/lang/en_US/movies
2026-09-04 15:16:02.408 BaldursGateIIEnhancedEdition[26058:118586130] INFO: scanning:(8) $HOME/Documents/Baldur's Gate II - Enhanced Edition/override
2026-09-04 15:16:02.408 BaldursGateIIEnhancedEdition[26058:118586130] INFO: scanning:(9) $HOME/Documents/Baldur's Gate II - Enhanced Edition/scripts
2026-09-04 15:16:02.408 BaldursGateIIEnhancedEdition[26058:118586130] INFO: scanning:(10) $HOME/Documents/Baldur's Gate II - Enhanced Edition/sounds
2026-09-04 15:16:02.408 BaldursGateIIEnhancedEdition[26058:118586130] INFO: scanning:(11) $HOME/Documents/Baldur's Gate II - Enhanced Edition/portraits
2026-09-04 15:16:02.408 BaldursGateIIEnhancedEdition[26058:118586130] INFO: scanning:(12) $HOME/Documents/Baldur's Gate II - Enhanced Edition/characters
2026-09-04 15:16:02.408 BaldursGateIIEnhancedEdition[26058:118586130] INFO: scanning:(13) $HOME/Documents/Baldur's Gate II - Enhanced Edition/movies
2026-09-04 15:16:02.409 BaldursGateIIEnhancedEdition[26058:118586130] INFO: scanning:(0) $HOME/Library/Application Support/Steam/steamapps/common/Baldur's Gate II Enhanced Edition/override
2026-09-04 15:16:02.410 BaldursGateIIEnhancedEdition[26058:118586130] INFO: scanning:(1) $HOME/Library/Application Support/Steam/steamapps/common/Baldur's Gate II Enhanced Edition/scripts
2026-09-04 15:16:02.410 BaldursGateIIEnhancedEdition[26058:118586130] INFO: scanning:(2) $HOME/Library/Application Support/Steam/steamapps/common/Baldur's Gate II Enhanced Edition/sounds
2026-09-04 15:16:02.410 BaldursGateIIEnhancedEdition[26058:118586130] INFO: scanning:(3) $HOME/Library/Application Support/Steam/steamapps/common/Baldur's Gate II Enhanced Edition/lang/en_US/sounds
2026-09-04 15:16:02.410 BaldursGateIIEnhancedEdition[26058:118586130] INFO: scanning:(4) $HOME/Library/Application Support/Steam/steamapps/common/Baldur's Gate II Enhanced Edition/portraits
2026-09-04 15:16:02.410 BaldursGateIIEnhancedEdition[26058:118586130] INFO: scanning:(5) $HOME/Library/Application Support/Steam/steamapps/common/Baldur's Gate II Enhanced Edition/characters
2026-09-04 15:16:02.410 BaldursGateIIEnhancedEdition[26058:118586130] INFO: scanning:(6) $HOME/Library/Application Support/Steam/steamapps/common/Baldur's Gate II Enhanced Edition/movies
2026-09-04 15:16:02.411 BaldursGateIIEnhancedEdition[26058:118586130] INFO: scanning:(7) $HOME/Library/Application Support/Steam/steamapps/common/Baldur's Gate II Enhanced Edition/lang/en_US/movies
2026-09-04 15:16:02.411 BaldursGateIIEnhancedEdition[26058:118586130] INFO: scanning:(8) $HOME/Documents/Baldur's Gate II - Enhanced Edition/override
2026-09-04 15:16:02.411 BaldursGateIIEnhancedEdition[26058:118586130] INFO: scanning:(9) $HOME/Documents/Baldur's Gate II - Enhanced Edition/scripts
2026-09-04 15:16:02.411 BaldursGateIIEnhancedEdition[26058:118586130] INFO: scanning:(10) $HOME/Documents/Baldur's Gate II - Enhanced Edition/sounds
2026-09-04 15:16:02.411 BaldursGateIIEnhancedEdition[26058:118586130] INFO: scanning:(11) $HOME/Documents/Baldur's Gate II - Enhanced Edition/portraits
2026-09-04 15:16:02.411 BaldursGateIIEnhancedEdition[26058:118586130] INFO: scanning:(12) $HOME/Documents/Baldur's Gate II - Enhanced Edition/characters
2026-09-04 15:16:02.411 BaldursGateIIEnhancedEdition[26058:118586130] INFO: scanning:(13) $HOME/Documents/Baldur's Gate II - Enhanced Edition/movies
2026-09-04 15:16:02.412 BaldursGateIIEnhancedEdition[26058:118586130] INFO: scanning:(0) $HOME/Library/Application Support/Steam/steamapps/common/Baldur's Gate II Enhanced Edition/override
2026-09-04 15:16:02.413 BaldursGateIIEnhancedEdition[26058:118586130] INFO: scanning:(1) $HOME/Library/Application Support/Steam/steamapps/common/Baldur's Gate II Enhanced Edition/scripts
2026-09-04 15:16:02.413 BaldursGateIIEnhancedEdition[26058:118586130] INFO: scanning:(2) $HOME/Library/Application Support/Steam/steamapps/common/Baldur's Gate II Enhanced Edition/sounds
2026-09-04 15:16:02.413 BaldursGateIIEnhancedEdition[26058:118586130] INFO: scanning:(3) $HOME/Library/Application Support/Steam/steamapps/common/Baldur's Gate II Enhanced Edition/lang/en_US/sounds
2026-09-04 15:16:02.414 BaldursGateIIEnhancedEdition[26058:118586130] INFO: scanning:(4) $HOME/Library/Application Support/Steam/steamapps/common/Baldur's Gate II Enhanced Edition/portraits
2026-09-04 15:16:02.414 BaldursGateIIEnhancedEdition[26058:118586130] INFO: scanning:(5) $HOME/Library/Application Support/Steam/steamapps/common/Baldur's Gate II Enhanced Edition/characters
2026-09-04 15:16:02.414 BaldursGateIIEnhancedEdition[26058:118586130] INFO: scanning:(6) $HOME/Library/Application Support/Steam/steamapps/common/Baldur's Gate II Enhanced Edition/movies
2026-09-04 15:16:02.414 BaldursGateIIEnhancedEdition[26058:118586130] INFO: scanning:(7) $HOME/Library/Application Support/Steam/steamapps/common/Baldur's Gate II Enhanced Edition/lang/en_US/movies
2026-09-04 15:16:02.414 BaldursGateIIEnhancedEdition[26058:118586130] INFO: scanning:(8) $HOME/Documents/Baldur's Gate II - Enhanced Edition/override
2026-09-04 15:16:02.414 BaldursGateIIEnhancedEdition[26058:118586130] INFO: scanning:(9) $HOME/Documents/Baldur's Gate II - Enhanced Edition/scripts
2026-09-04 15:16:02.414 BaldursGateIIEnhancedEdition[26058:118586130] INFO: scanning:(10) $HOME/Documents/Baldur's Gate II - Enhanced Edition/sounds
2026-09-04 15:16:02.414 BaldursGateIIEnhancedEdition[26058:118586130] INFO: scanning:(11) $HOME/Documents/Baldur's Gate II - Enhanced Edition/portraits
2026-09-04 15:16:02.414 BaldursGateIIEnhancedEdition[26058:118586130] INFO: scanning:(12) $HOME/Documents/Baldur's Gate II - Enhanced Edition/characters
2026-09-04 15:16:02.414 BaldursGateIIEnhancedEdition[26058:118586130] INFO: scanning:(13) $HOME/Documents/Baldur's Gate II - Enhanced Edition/movies
2026-09-04 15:16:02.422 BaldursGateIIEnhancedEdition[26058:118586130] INFO: scanning:(0) $HOME/Library/Application Support/Steam/steamapps/common/Baldur's Gate II Enhanced Edition/override
2026-09-04 15:16:02.424 BaldursGateIIEnhancedEdition[26058:118586130] INFO: scanning:(1) $HOME/Library/Application Support/Steam/steamapps/common/Baldur's Gate II Enhanced Edition/scripts
2026-09-04 15:16:02.424 BaldursGateIIEnhancedEdition[26058:118586130] INFO: scanning:(2) $HOME/Library/Application Support/Steam/steamapps/common/Baldur's Gate II Enhanced Edition/sounds
2026-09-04 15:16:02.424 BaldursGateIIEnhancedEdition[26058:118586130] INFO: scanning:(3) $HOME/Library/Application Support/Steam/steamapps/common/Baldur's Gate II Enhanced Edition/lang/en_US/sounds
2026-09-04 15:16:02.424 BaldursGateIIEnhancedEdition[26058:118586130] INFO: scanning:(4) $HOME/Library/Application Support/Steam/steamapps/common/Baldur's Gate II Enhanced Edition/portraits
2026-09-04 15:16:02.424 BaldursGateIIEnhancedEdition[26058:118586130] INFO: scanning:(5) $HOME/Library/Application Support/Steam/steamapps/common/Baldur's Gate II Enhanced Edition/characters
2026-09-04 15:16:02.424 BaldursGateIIEnhancedEdition[26058:118586130] INFO: scanning:(6) $HOME/Library/Application Support/Steam/steamapps/common/Baldur's Gate II Enhanced Edition/movies
2026-09-04 15:16:02.424 BaldursGateIIEnhancedEdition[26058:118586130] INFO: scanning:(7) $HOME/Library/Application Support/Steam/steamapps/common/Baldur's Gate II Enhanced Edition/lang/en_US/movies
2026-09-04 15:16:02.424 BaldursGateIIEnhancedEdition[26058:118586130] INFO: scanning:(8) $HOME/Documents/Baldur's Gate II - Enhanced Edition/override
2026-09-04 15:16:02.424 BaldursGateIIEnhancedEdition[26058:118586130] INFO: scanning:(9) $HOME/Documents/Baldur's Gate II - Enhanced Edition/scripts
2026-09-04 15:16:02.424 BaldursGateIIEnhancedEdition[26058:118586130] INFO: scanning:(10) $HOME/Documents/Baldur's Gate II - Enhanced Edition/sounds
2026-09-04 15:16:02.424 BaldursGateIIEnhancedEdition[26058:118586130] INFO: scanning:(11) $HOME/Documents/Baldur's Gate II - Enhanced Edition/portraits
2026-09-04 15:16:02.424 BaldursGateIIEnhancedEdition[26058:118586130] INFO: scanning:(12) $HOME/Documents/Baldur's Gate II - Enhanced Edition/characters
2026-09-04 15:16:02.424 BaldursGateIIEnhancedEdition[26058:118586130] INFO: scanning:(13) $HOME/Documents/Baldur's Gate II - Enhanced Edition/movies
2026-09-04 15:16:02.425 BaldursGateIIEnhancedEdition[26058:118586130] INFO: scanning:(0) $HOME/Library/Application Support/Steam/steamapps/common/Baldur's Gate II Enhanced Edition/override
2026-09-04 15:16:02.427 BaldursGateIIEnhancedEdition[26058:118586130] INFO: scanning:(1) $HOME/Library/Application Support/Steam/steamapps/common/Baldur's Gate II Enhanced Edition/scripts
2026-09-04 15:16:02.427 BaldursGateIIEnhancedEdition[26058:118586130] INFO: scanning:(2) $HOME/Library/Application Support/Steam/steamapps/common/Baldur's Gate II Enhanced Edition/sounds
2026-09-04 15:16:02.427 BaldursGateIIEnhancedEdition[26058:118586130] INFO: scanning:(3) $HOME/Library/Application Support/Steam/steamapps/common/Baldur's Gate II Enhanced Edition/lang/en_US/sounds
2026-09-04 15:16:02.427 BaldursGateIIEnhancedEdition[26058:118586130] INFO: scanning:(4) $HOME/Library/Application Support/Steam/steamapps/common/Baldur's Gate II Enhanced Edition/portraits
2026-09-04 15:16:02.427 BaldursGateIIEnhancedEdition[26058:118586130] INFO: scanning:(5) $HOME/Library/Application Support/Steam/steamapps/common/Baldur's Gate II Enhanced Edition/characters
2026-09-04 15:16:02.427 BaldursGateIIEnhancedEdition[26058:118586130] INFO: scanning:(6) $HOME/Library/Application Support/Steam/steamapps/common/Baldur's Gate II Enhanced Edition/movies
2026-09-04 15:16:02.427 BaldursGateIIEnhancedEdition[26058:118586130] INFO: scanning:(7) $HOME/Library/Application Support/Steam/steamapps/common/Baldur's Gate II Enhanced Edition/lang/en_US/movies
2026-09-04 15:16:02.427 BaldursGateIIEnhancedEdition[26058:118586130] INFO: scanning:(8) $HOME/Documents/Baldur's Gate II - Enhanced Edition/override
2026-09-04 15:16:02.427 BaldursGateIIEnhancedEdition[26058:118586130] INFO: scanning:(9) $HOME/Documents/Baldur's Gate II - Enhanced Edition/scripts
2026-09-04 15:16:02.427 BaldursGateIIEnhancedEdition[26058:118586130] INFO: scanning:(10) $HOME/Documents/Baldur's Gate II - Enhanced Edition/sounds
2026-09-04 15:16:02.427 BaldursGateIIEnhancedEdition[26058:118586130] INFO: scanning:(11) $HOME/Documents/Baldur's Gate II - Enhanced Edition/portraits
2026-09-04 15:16:02.427 BaldursGateIIEnhancedEdition[26058:118586130] INFO: scanning:(12) $HOME/Documents/Baldur's Gate II - Enhanced Edition/characters
2026-09-04 15:16:02.427 BaldursGateIIEnhancedEdition[26058:118586130] INFO: scanning:(13) $HOME/Documents/Baldur's Gate II - Enhanced Edition/movies
2026-09-04 15:16:02.428 BaldursGateIIEnhancedEdition[26058:118586130] INFO: scanning:(0) $HOME/Library/Application Support/Steam/steamapps/common/Baldur's Gate II Enhanced Edition/override
2026-09-04 15:16:02.430 BaldursGateIIEnhancedEdition[26058:118586130] INFO: scanning:(1) $HOME/Library/Application Support/Steam/steamapps/common/Baldur's Gate II Enhanced Edition/scripts
2026-09-04 15:16:02.430 BaldursGateIIEnhancedEdition[26058:118586130] INFO: scanning:(2) $HOME/Library/Application Support/Steam/steamapps/common/Baldur's Gate II Enhanced Edition/sounds
2026-09-04 15:16:02.430 BaldursGateIIEnhancedEdition[26058:118586130] INFO: scanning:(3) $HOME/Library/Application Support/Steam/steamapps/common/Baldur's Gate II Enhanced Edition/lang/en_US/sounds
2026-09-04 15:16:02.430 BaldursGateIIEnhancedEdition[26058:118586130] INFO: scanning:(4) $HOME/Library/Application Support/Steam/steamapps/common/Baldur's Gate II Enhanced Edition/portraits
2026-09-04 15:16:02.430 BaldursGateIIEnhancedEdition[26058:118586130] INFO: scanning:(5) $HOME/Library/Application Support/Steam/steamapps/common/Baldur's Gate II Enhanced Edition/characters
2026-09-04 15:16:02.430 BaldursGateIIEnhancedEdition[26058:118586130] INFO: scanning:(6) $HOME/Library/Application Support/Steam/steamapps/common/Baldur's Gate II Enhanced Edition/movies
2026-09-04 15:16:02.430 BaldursGateIIEnhancedEdition[26058:118586130] INFO: scanning:(7) $HOME/Library/Application Support/Steam/steamapps/common/Baldur's Gate II Enhanced Edition/lang/en_US/movies
2026-09-04 15:16:02.430 BaldursGateIIEnhancedEdition[26058:118586130] INFO: scanning:(8) $HOME/Documents/Baldur's Gate II - Enhanced Edition/override
2026-09-04 15:16:02.430 BaldursGateIIEnhancedEdition[26058:118586130] INFO: scanning:(9) $HOME/Documents/Baldur's Gate II - Enhanced Edition/scripts
2026-09-04 15:16:02.430 BaldursGateIIEnhancedEdition[26058:118586130] INFO: scanning:(10) $HOME/Documents/Baldur's Gate II - Enhanced Edition/sounds
2026-09-04 15:16:02.430 BaldursGateIIEnhancedEdition[26058:118586130] INFO: scanning:(11) $HOME/Documents/Baldur's Gate II - Enhanced Edition/portraits
2026-09-04 15:16:02.430 BaldursGateIIEnhancedEdition[26058:118586130] INFO: scanning:(12) $HOME/Documents/Baldur's Gate II - Enhanced Edition/characters
2026-09-04 15:16:02.430 BaldursGateIIEnhancedEdition[26058:118586130] INFO: scanning:(13) $HOME/Documents/Baldur's Gate II - Enhanced Edition/movies
2026-09-04 15:16:02.431 BaldursGateIIEnhancedEdition[26058:118586130] INFO: scanning:(0) $HOME/Library/Application Support/Steam/steamapps/common/Baldur's Gate II Enhanced Edition/override
2026-09-04 15:16:02.433 BaldursGateIIEnhancedEdition[26058:118586130] INFO: scanning:(1) $HOME/Library/Application Support/Steam/steamapps/common/Baldur's Gate II Enhanced Edition/scripts
2026-09-04 15:16:02.433 BaldursGateIIEnhancedEdition[26058:118586130] INFO: scanning:(2) $HOME/Library/Application Support/Steam/steamapps/common/Baldur's Gate II Enhanced Edition/sounds
2026-09-04 15:16:02.433 BaldursGateIIEnhancedEdition[26058:118586130] INFO: scanning:(3) $HOME/Library/Application Support/Steam/steamapps/common/Baldur's Gate II Enhanced Edition/lang/en_US/sounds
2026-09-04 15:16:02.433 BaldursGateIIEnhancedEdition[26058:118586130] INFO: scanning:(4) $HOME/Library/Application Support/Steam/steamapps/common/Baldur's Gate II Enhanced Edition/portraits
2026-09-04 15:16:02.433 BaldursGateIIEnhancedEdition[26058:118586130] INFO: scanning:(5) $HOME/Library/Application Support/Steam/steamapps/common/Baldur's Gate II Enhanced Edition/characters
2026-09-04 15:16:02.433 BaldursGateIIEnhancedEdition[26058:118586130] INFO: scanning:(6) $HOME/Library/Application Support/Steam/steamapps/common/Baldur's Gate II Enhanced Edition/movies
2026-09-04 15:16:02.433 BaldursGateIIEnhancedEdition[26058:118586130] INFO: scanning:(7) $HOME/Library/Application Support/Steam/steamapps/common/Baldur's Gate II Enhanced Edition/lang/en_US/movies
2026-09-04 15:16:02.433 BaldursGateIIEnhancedEdition[26058:118586130] INFO: scanning:(8) $HOME/Documents/Baldur's Gate II - Enhanced Edition/override
2026-09-04 15:16:02.434 BaldursGateIIEnhancedEdition[26058:118586130] INFO: scanning:(9) $HOME/Documents/Baldur's Gate II - Enhanced Edition/scripts
2026-09-04 15:16:02.434 BaldursGateIIEnhancedEdition[26058:118586130] INFO: scanning:(10) $HOME/Documents/Baldur's Gate II - Enhanced Edition/sounds
2026-09-04 15:16:02.434 BaldursGateIIEnhancedEdition[26058:118586130] INFO: scanning:(11) $HOME/Documents/Baldur's Gate II - Enhanced Edition/portraits
2026-09-04 15:16:02.434 BaldursGateIIEnhancedEdition[26058:118586130] INFO: scanning:(12) $HOME/Documents/Baldur's Gate II - Enhanced Edition/characters
2026-09-04 15:16:02.434 BaldursGateIIEnhancedEdition[26058:118586130] INFO: scanning:(13) $HOME/Documents/Baldur's Gate II - Enhanced Edition/movies
2026-09-04 15:16:02.435 BaldursGateIIEnhancedEdition[26058:118586130] INFO: scanning:(0) $HOME/Library/Application Support/Steam/steamapps/common/Baldur's Gate II Enhanced Edition/override
2026-09-04 15:16:02.436 BaldursGateIIEnhancedEdition[26058:118586130] INFO: scanning:(1) $HOME/Library/Application Support/Steam/steamapps/common/Baldur's Gate II Enhanced Edition/scripts
2026-09-04 15:16:02.436 BaldursGateIIEnhancedEdition[26058:118586130] INFO: scanning:(2) $HOME/Library/Application Support/Steam/steamapps/common/Baldur's Gate II Enhanced Edition/sounds
2026-09-04 15:16:02.436 BaldursGateIIEnhancedEdition[26058:118586130] INFO: scanning:(3) $HOME/Library/Application Support/Steam/steamapps/common/Baldur's Gate II Enhanced Edition/lang/en_US/sounds
2026-09-04 15:16:02.436 BaldursGateIIEnhancedEdition[26058:118586130] INFO: scanning:(4) $HOME/Library/Application Support/Steam/steamapps/common/Baldur's Gate II Enhanced Edition/portraits
2026-09-04 15:16:02.436 BaldursGateIIEnhancedEdition[26058:118586130] INFO: scanning:(5) $HOME/Library/Application Support/Steam/steamapps/common/Baldur's Gate II Enhanced Edition/characters
2026-09-04 15:16:02.436 BaldursGateIIEnhancedEdition[26058:118586130] INFO: scanning:(6) $HOME/Library/Application Support/Steam/steamapps/common/Baldur's Gate II Enhanced Edition/movies
2026-09-04 15:16:02.436 BaldursGateIIEnhancedEdition[26058:118586130] INFO: scanning:(7) $HOME/Library/Application Support/Steam/steamapps/common/Baldur's Gate II Enhanced Edition/lang/en_US/movies
2026-09-04 15:16:02.436 BaldursGateIIEnhancedEdition[26058:118586130] INFO: scanning:(8) $HOME/Documents/Baldur's Gate II - Enhanced Edition/override
2026-09-04 15:16:02.436 BaldursGateIIEnhancedEdition[26058:118586130] INFO: scanning:(9) $HOME/Documents/Baldur's Gate II - Enhanced Edition/scripts
2026-09-04 15:16:02.436 BaldursGateIIEnhancedEdition[26058:118586130] INFO: scanning:(10) $HOME/Documents/Baldur's Gate II - Enhanced Edition/sounds
2026-09-04 15:16:02.436 BaldursGateIIEnhancedEdition[26058:118586130] INFO: scanning:(11) $HOME/Documents/Baldur's Gate II - Enhanced Edition/portraits
2026-09-04 15:16:02.437 BaldursGateIIEnhancedEdition[26058:118586130] INFO: scanning:(12) $HOME/Documents/Baldur's Gate II - Enhanced Edition/characters
2026-09-04 15:16:02.437 BaldursGateIIEnhancedEdition[26058:118586130] INFO: scanning:(13) $HOME/Documents/Baldur's Gate II - Enhanced Edition/movies
2026-09-04 15:16:02.439 BaldursGateIIEnhancedEdition[26058:118586130] INFO: LUA: A7LOG	877	15574980	1572035	Day 2, Hour 9 (4 Mirtul, 1369)	WORLD_QUICKLOOT	^0xff0cff3fQuick save successful.^-
2026-09-04 15:16:02.737 BaldursGateIIEnhancedEdition[26058:118586130] INFO: LUA: A7LOG	878	15574980	1572333	Day 2, Hour 9 (4 Mirtul, 1369)	WORLD_QUICKLOOT	^0xffd6bd9fJaheira^-: ^0xffd7c8a0I go.^-
2026-09-04 15:16:03.460 BaldursGateIIEnhancedEdition[26058:118586130] INFO: LUA: A7LOG	879	15574980	1573056	Day 2, Hour 9 (4 Mirtul, 1369)	WORLD_QUICKLOOT	^0xff0000ffUNPAUSED^-
2026-09-04 15:16:06.419 BaldursGateIIEnhancedEdition[26058:118586130] INFO: LUA: A7LOG	880	15577500	1576015	Day 2, Hour 9 (4 Mirtul, 1369)	WORLD_DIALOG_CONFIRM	^0xff7fedbaUlene^-: ^0xffbed7d7Protect me!^-
2026-09-04 15:16:07.607 BaldursGateIIEnhancedEdition[26058:118586130] INFO: LUA: A7LOG	881	15577500	1577204	Day 2, Hour 9 (4 Mirtul, 1369)	WORLD_DIALOG_CONFIRM	^0xffb7b1b1Cania^-: ^0xffbed7d7Yes, help us!^-
2026-09-04 15:16:08.123 BaldursGateIIEnhancedEdition[26058:118586130] INFO: LUA: A7LOG	882	15577500	1577719	Day 2, Hour 9 (4 Mirtul, 1369)	WORLD_DIALOG_CONFIRM	^0xffffe3c3Elyme^-: ^0xffbed7d7Free us!^-
2026-09-04 15:16:09.519 BaldursGateIIEnhancedEdition[26058:118586130] INFO: LUA: A7LOG	883	15577500	1579115	Day 2, Hour 9 (4 Mirtul, 1369)	WORLD_DIALOG_CONFIRM	^0xffd6bd9fJaheira^-: ^0xffd7c8a0Slow down! Who are you, and what is going on here?^-
2026-09-04 15:16:09.519 BaldursGateIIEnhancedEdition[26058:118586130] INFO: LUA: A7LOG	884	15577500	1579115	Day 2, Hour 9 (4 Mirtul, 1369)	WORLD_DIALOG_CONFIRM	^0xff7fedbaUlene^-: ^0xffbed7d7We are his possessions.^-
2026-09-04 15:16:10.407 BaldursGateIIEnhancedEdition[26058:118586130] INFO: LUA: A7LOG	885	15577500	1580003	Day 2, Hour 9 (4 Mirtul, 1369)	WORLD_DIALOG_CONFIRM	^0xffb7b1b1Cania^-: ^0xffbed7d7His servants.^-
2026-09-04 15:16:10.954 BaldursGateIIEnhancedEdition[26058:118586130] INFO: LUA: A7LOG	886	15577500	1580551	Day 2, Hour 9 (4 Mirtul, 1369)	WORLD_DIALOG_CONFIRM	^0xffffe3c3Elyme^-: ^0xffbed7d7His concubines. Please help us to escape!^-
2026-09-04 15:16:13.777 BaldursGateIIEnhancedEdition[26058:118586130] INFO: LUA: A7LOG	887	15577500	1583374	Day 2, Hour 9 (4 Mirtul, 1369)	WORLD_DIALOG_CONFIRM	^0xffd6bd9fJaheira^-: ^0xffd7c8a0How can I help you?^-
2026-09-04 15:16:13.777 BaldursGateIIEnhancedEdition[26058:118586130] INFO: LUA: A7LOG	888	15577500	1583374	Day 2, Hour 9 (4 Mirtul, 1369)	WORLD_DIALOG_CONFIRM	^0xff7fedbaUlene^-: ^0xffbed7d7If you can escape, you must take our acorns to the Queen. Tell her of our plight in this creature's lair. ^-
2026-09-04 15:16:14.704 BaldursGateIIEnhancedEdition[26058:118586130] INFO: LUA: A7LOG	889	15577500	1584300	Day 2, Hour 9 (4 Mirtul, 1369)	WORLD_DIALOG_CONFIRM	^0xffb7b1b1Cania^-: ^0xffbed7d7Take them to the Fairy Queen who lives in the south end of the Windspear Hills. This will be our deliverance from this... this Irenicus and his dungeon!^-
2026-09-04 15:16:15.441 BaldursGateIIEnhancedEdition[26058:118586130] INFO: LUA: A7LOG	890	15577500	1585038	Day 2, Hour 9 (4 Mirtul, 1369)	WORLD_DIALOG_CONFIRM	^0xffd6bd9fJaheira^-: ^0xffbed7d7So... I see we have a name for our captor at last. Irenicus, is it? Tell me, dryads, why this Irenicus would go to such lengths to keep you three here?^-
2026-09-04 15:16:22.019 BaldursGateIIEnhancedEdition[26058:118586130] INFO: LUA: A7LOG	891	15577500	1591616	Day 2, Hour 9 (4 Mirtul, 1369)	WORLD_DIALOG_CONFIRM	^0xffb7b1b1Cania^-: ^0xffbed7d7We are supposed to instill emotion, but he is barren inside. I am not sure what he expects.^-
2026-09-04 15:16:25.257 BaldursGateIIEnhancedEdition[26058:118586130] INFO: LUA: A7LOG	892	15577500	1594853	Day 2, Hour 9 (4 Mirtul, 1369)	WORLD_DIALOG_CONFIRM	^0xffffe3c3Elyme^-: ^0xffbed7d7You can foil his plans for us at least. If you take the acorns to the Fairy Queen, then she can regrow our trees and free us!^-
2026-09-04 15:16:31.927 BaldursGateIIEnhancedEdition[26058:118586130] INFO: LUA: A7LOG	893	15577500	1601523	Day 2, Hour 9 (4 Mirtul, 1369)	WORLD_DIALOG_CONFIRM	^0xffd6bd9fJaheira^-: ^0xffd7c8a0Why do you not simply leave? You do not seem to be chained or caged as I was.^-
2026-09-04 15:16:31.927 BaldursGateIIEnhancedEdition[26058:118586130] INFO: LUA: A7LOG	894	15577500	1601523	Day 2, Hour 9 (4 Mirtul, 1369)	WORLD_DIALOG_CONFIRM	^0xff7fedbaUlene^-: ^0xffbed7d7We cannot leave our trees!^-
2026-09-04 15:16:32.952 BaldursGateIIEnhancedEdition[26058:118586130] INFO: LUA: A7LOG	895	15577500	1602548	Day 2, Hour 9 (4 Mirtul, 1369)	WORLD_DIALOG_CONFIRM	^0xffb7b1b1Cania^-: ^0xffbed7d7If we are separated from our trees, we will die.^-
2026-09-04 15:16:34.192 BaldursGateIIEnhancedEdition[26058:118586130] INFO: LUA: A7LOG	896	15577500	1603789	Day 2, Hour 9 (4 Mirtul, 1369)	WORLD_DIALOG_CONFIRM	^0xffd6bd9fJaheira^-: ^0xffd7c8a0All right, how can I help you?^-
2026-09-04 15:16:34.192 BaldursGateIIEnhancedEdition[26058:118586130] INFO: LUA: A7LOG	897	15577500	1603789	Day 2, Hour 9 (4 Mirtul, 1369)	WORLD_DIALOG_CONFIRM	^0xffffe3c3Elyme^-: ^0xffbed7d7Our trees will die, too!^-
2026-09-04 15:16:35.037 BaldursGateIIEnhancedEdition[26058:118586130] INFO: LUA: A7LOG	898	15577500	1604634	Day 2, Hour 9 (4 Mirtul, 1369)	WORLD_DIALOG_CONFIRM	^0xffd6bd9fJaheira^-: ^0xffd7c8a0I will be happy to help you in that case.^-
2026-09-04 15:16:35.037 BaldursGateIIEnhancedEdition[26058:118586130] INFO: LUA: A7LOG	899	15577500	1604634	Day 2, Hour 9 (4 Mirtul, 1369)	WORLD_DIALOG_CONFIRM	^0xff7fedbaUlene^-: ^0xffbed7d7Thank you! You must take the acorns and deliver them to the Fairy Queen in the south end of the Windspear Hills.^-
2026-09-04 15:16:35.961 BaldursGateIIEnhancedEdition[26058:118586130] INFO: LUA: A7LOG	900	15577500	1605557	Day 2, Hour 9 (4 Mirtul, 1369)	WORLD_DIALOG_CONFIRM	^0xffb7b1b1Cania^-: ^0xffbed7d7But he has taken the acorns. He knows of our plans. It amuses him.^-
2026-09-04 15:16:36.587 BaldursGateIIEnhancedEdition[26058:118586130] INFO: LUA: A7LOG	901	15577500	1606183	Day 2, Hour 9 (4 Mirtul, 1369)	WORLD_DIALOG_CONFIRM	^0xffffe3c3Elyme^-: ^0xffbed7d7He has left our acorns with Ilyich. Ilyich is mean!^-
2026-09-04 15:16:42.038 BaldursGateIIEnhancedEdition[26058:118586130] INFO: LUA: A7LOG	902	15577500	1611634	Day 2, Hour 9 (4 Mirtul, 1369)	WORLD_DIALOG_CONFIRM	^0xffd6bd9fJaheira^-: ^0xffd7c8a0I believe that I have the acorns you are talking about.^-
2026-09-04 15:16:42.038 BaldursGateIIEnhancedEdition[26058:118586130] INFO: LUA: A7LOG	903	15577500	1611634	Day 2, Hour 9 (4 Mirtul, 1369)	WORLD_DIALOG_CONFIRM	^0xffffe3c3Elyme^-: ^0xffbed7d7You have done a noble thing for us. Please take these acorns to the Fairy Queen who lives northeast of the human settlement called Trademeet.^-
2026-09-04 15:16:43.707 BaldursGateIIEnhancedEdition[26058:118586130] INFO: LUA: A7LOG	904	15577500	1613303	Day 2, Hour 9 (4 Mirtul, 1369)	WORLD_DIALOG_CONFIRM	^0xffc8ffc8Your journal has been updated^-: ^0xff96c8ffHelping Irenicus's captive dryads^-
2026-09-04 15:16:43.707 BaldursGateIIEnhancedEdition[26058:118586130] INFO: LUA: A7LOG	905	15577500	1613304	Day 2, Hour 9 (4 Mirtul, 1369)	WORLD_DIALOG_CONFIRM	^0xffb7b1b1Cania^-: ^0xffbed7d7We will help you escape! You must use the portals to travel up to the next level of the complex. This is how Irenicus travels. The portals are triggered by a certain key.^-
2026-09-04 15:16:43.812 BaldursGateIIEnhancedEdition[26058:118586130] INFO: LUA: A7LOG	906	15577500	1613408	Day 2, Hour 9 (4 Mirtul, 1369)	WORLD_DIALOG_CONFIRM	^0xffc8ffc8Your world map has been updated.^-
2026-09-04 15:16:44.907 BaldursGateIIEnhancedEdition[26058:118586130] INFO: LUA: A7LOG	907	15577500	1614503	Day 2, Hour 9 (4 Mirtul, 1369)	WORLD_DIALOG_CONFIRM	^0xffffe3c3Elyme^-: ^0xffbed7d7He uses Her key. He still loves her, you see. He keeps her room just as it was, though well protected. We go there sometimes and look at her things.^-
2026-09-04 15:16:51.475 BaldursGateIIEnhancedEdition[26058:118586130] INFO: LUA: A7LOG	908	15577500	1621071	Day 2, Hour 9 (4 Mirtul, 1369)	WORLD_DIALOG_CONFIRM	^0xff7fedbaUlene^-: ^0xffbed7d7May the forest always open a path for you!^-
2026-09-04 15:16:52.500 BaldursGateIIEnhancedEdition[26058:118586130] INFO: sAchieveID=NONE,m_sGlobalName=HELPDRYADS,m_nValue=2
2026-09-04 15:16:52.501 BaldursGateIIEnhancedEdition[26058:118586130] INFO: LUA: A7LOG	909	15577560	1622098	Day 2, Hour 9 (4 Mirtul, 1369)	WORLD_QUICKLOOT	^0xffc8ffc8The Party Has Gained Experience: 9500^-
2026-09-04 15:16:52.602 BaldursGateIIEnhancedEdition[26058:118586130] INFO: LUA: A7LOG	910	15577680	1622199	Day 2, Hour 9 (4 Mirtul, 1369)	WORLD_QUICKLOOT	^0xffffb3f3Imoen^-: ^0xffbed7d7Stopped Detecting Traps / Illusions^-
2026-09-04 15:16:52.716 BaldursGateIIEnhancedEdition[26058:118586130] INFO: LUA: A7LOG	911	15577680	1622312	Day 2, Hour 9 (4 Mirtul, 1369)	WORLD_DIALOG_CONFIRM	^0xffffb3f3Imoen^-: ^0xffbed7d7So beautiful! I used to dream of dryads and their beautiful trees. ^-
2026-09-04 15:16:55.751 BaldursGateIIEnhancedEdition[26058:118586130] INFO: LUA: A7LOG	912	15577680	1625347	Day 2, Hour 9 (4 Mirtul, 1369)	WORLD_DIALOG_CONFIRM	^0xff7fedbaUlene^-: ^0xffbed7d7You are welcome among us, girl. Youthful exuberance is music that we have not heard in such a long time.^-
2026-09-04 15:17:01.754 BaldursGateIIEnhancedEdition[26058:118586130] INFO: LUA: A7LOG	913	15577680	1631350	Day 2, Hour 9 (4 Mirtul, 1369)	WORLD_DIALOG_CONFIRM	^0xffffb3f3Imoen^-: ^0xffbed7d7I used to dream... but he doesn't. Your charms don't work on him anymore, do they?^-
2026-09-04 15:17:03.386 BaldursGateIIEnhancedEdition[26058:118586130] INFO: LUA: A7LOG	914	15577680	1632982	Day 2, Hour 9 (4 Mirtul, 1369)	WORLD_DIALOG_CONFIRM	^0xff7fedbaUlene^-: ^0xffbed7d7How do you know of this? He has touched you as us, hasn't he? Irenicus searches for something he cannot find, and he looks within those that have no more idea than he.^-
2026-09-04 15:17:03.960 BaldursGateIIEnhancedEdition[26058:118586130] INFO: LUA: A7LOG	915	15577680	1633556	Day 2, Hour 9 (4 Mirtul, 1369)	WORLD_DIALOG_CONFIRM	^0xffffb3f3Imoen^-: ^0xffbed7d7Irenicus...^-
2026-09-04 15:17:04.513 BaldursGateIIEnhancedEdition[26058:118586130] INFO: LUA: A7LOG	916	15577680	1634109	Day 2, Hour 9 (4 Mirtul, 1369)	WORLD_DIALOG_CONFIRM	^0xff7fedbaUlene^-: ^0xffbed7d7A name that is synonymous with death and ugliness.^-
2026-09-04 15:17:05.056 BaldursGateIIEnhancedEdition[26058:118586130] INFO: LUA: A7LOG	917	15577680	1634653	Day 2, Hour 9 (4 Mirtul, 1369)	WORLD_DIALOG_CONFIRM	^0xffffb3f3Imoen^-: ^0xffbed7d7No, death sounds different. He showed me... I spit on his name. I spit on this place.^-
2026-09-04 15:17:05.538 BaldursGateIIEnhancedEdition[26058:118586130] INFO: LUA: A7LOG	918	15577680	1635134	Day 2, Hour 9 (4 Mirtul, 1369)	WORLD_DIALOG_CONFIRM	^0xff7fedbaUlene^-: ^0xffbed7d7Live as you can where you must, young woman. You will not survive if you give in. We have learned this.^-
2026-09-04 15:17:06.012 BaldursGateIIEnhancedEdition[26058:118586130] INFO: LUA: A7LOG	919	15577680	1635608	Day 2, Hour 9 (4 Mirtul, 1369)	WORLD_DIALOG_CONFIRM	^0xffffb3f3Imoen^-: ^0xffbed7d7I have learned... something different. So beautiful you are. I almost can't see you. I just want to go home. Oh, Booprikt, when can we go home?^-
2026-09-04 15:17:07.830 BaldursGateIIEnhancedEdition[26058:118586130] INFO: LUA: A7LOG	920	15578580	1637426	Day 2, Hour 9 (4 Mirtul, 1369)	WORLD_QUICKLOOT	^0xffffb3f3Imoen^-: ^0xffbed7d7Detecting Traps / Illusions^-
2026-09-04 15:17:11.186 BaldursGateIIEnhancedEdition[26058:118586130] INFO: scanning:(0) $HOME/Library/Application Support/Steam/steamapps/common/Baldur's Gate II Enhanced Edition/override
2026-09-04 15:17:11.199 BaldursGateIIEnhancedEdition[26058:118586130] INFO: scanning:(1) $HOME/Library/Application Support/Steam/steamapps/common/Baldur's Gate II Enhanced Edition/scripts
2026-09-04 15:17:11.200 BaldursGateIIEnhancedEdition[26058:118586130] INFO: scanning:(2) $HOME/Library/Application Support/Steam/steamapps/common/Baldur's Gate II Enhanced Edition/sounds
2026-09-04 15:17:11.200 BaldursGateIIEnhancedEdition[26058:118586130] INFO: scanning:(3) $HOME/Library/Application Support/Steam/steamapps/common/Baldur's Gate II Enhanced Edition/lang/en_US/sounds
2026-09-04 15:17:11.203 BaldursGateIIEnhancedEdition[26058:118586130] INFO: scanning:(4) $HOME/Library/Application Support/Steam/steamapps/common/Baldur's Gate II Enhanced Edition/portraits
2026-09-04 15:17:11.203 BaldursGateIIEnhancedEdition[26058:118586130] INFO: scanning:(5) $HOME/Library/Application Support/Steam/steamapps/common/Baldur's Gate II Enhanced Edition/characters
2026-09-04 15:17:11.203 BaldursGateIIEnhancedEdition[26058:118586130] INFO: scanning:(6) $HOME/Library/Application Support/Steam/steamapps/common/Baldur's Gate II Enhanced Edition/movies
2026-09-04 15:17:11.203 BaldursGateIIEnhancedEdition[26058:118586130] INFO: scanning:(7) $HOME/Library/Application Support/Steam/steamapps/common/Baldur's Gate II Enhanced Edition/lang/en_US/movies
2026-09-04 15:17:11.203 BaldursGateIIEnhancedEdition[26058:118586130] INFO: scanning:(8) $HOME/Documents/Baldur's Gate II - Enhanced Edition/override
2026-09-04 15:17:11.203 BaldursGateIIEnhancedEdition[26058:118586130] INFO: scanning:(9) $HOME/Documents/Baldur's Gate II - Enhanced Edition/scripts
2026-09-04 15:17:11.203 BaldursGateIIEnhancedEdition[26058:118586130] INFO: scanning:(10) $HOME/Documents/Baldur's Gate II - Enhanced Edition/sounds
2026-09-04 15:17:11.203 BaldursGateIIEnhancedEdition[26058:118586130] INFO: scanning:(11) $HOME/Documents/Baldur's Gate II - Enhanced Edition/portraits
2026-09-04 15:17:11.203 BaldursGateIIEnhancedEdition[26058:118586130] INFO: scanning:(12) $HOME/Documents/Baldur's Gate II - Enhanced Edition/characters
2026-09-04 15:17:11.204 BaldursGateIIEnhancedEdition[26058:118586130] INFO: scanning:(13) $HOME/Documents/Baldur's Gate II - Enhanced Edition/movies
2026-09-04 15:17:11.230 BaldursGateIIEnhancedEdition[26058:118586130] INFO: scanning:(0) $HOME/Library/Application Support/Steam/steamapps/common/Baldur's Gate II Enhanced Edition/override
2026-09-04 15:17:11.232 BaldursGateIIEnhancedEdition[26058:118586130] INFO: scanning:(1) $HOME/Library/Application Support/Steam/steamapps/common/Baldur's Gate II Enhanced Edition/scripts
2026-09-04 15:17:11.232 BaldursGateIIEnhancedEdition[26058:118586130] INFO: scanning:(2) $HOME/Library/Application Support/Steam/steamapps/common/Baldur's Gate II Enhanced Edition/sounds
2026-09-04 15:17:11.232 BaldursGateIIEnhancedEdition[26058:118586130] INFO: scanning:(3) $HOME/Library/Application Support/Steam/steamapps/common/Baldur's Gate II Enhanced Edition/lang/en_US/sounds
2026-09-04 15:17:11.232 BaldursGateIIEnhancedEdition[26058:118586130] INFO: scanning:(4) $HOME/Library/Application Support/Steam/steamapps/common/Baldur's Gate II Enhanced Edition/portraits
2026-09-04 15:17:11.232 BaldursGateIIEnhancedEdition[26058:118586130] INFO: scanning:(5) $HOME/Library/Application Support/Steam/steamapps/common/Baldur's Gate II Enhanced Edition/characters
2026-09-04 15:17:11.232 BaldursGateIIEnhancedEdition[26058:118586130] INFO: scanning:(6) $HOME/Library/Application Support/Steam/steamapps/common/Baldur's Gate II Enhanced Edition/movies
2026-09-04 15:17:11.232 BaldursGateIIEnhancedEdition[26058:118586130] INFO: scanning:(7) $HOME/Library/Application Support/Steam/steamapps/common/Baldur's Gate II Enhanced Edition/lang/en_US/movies
2026-09-04 15:17:11.232 BaldursGateIIEnhancedEdition[26058:118586130] INFO: scanning:(8) $HOME/Documents/Baldur's Gate II - Enhanced Edition/override
2026-09-04 15:17:11.232 BaldursGateIIEnhancedEdition[26058:118586130] INFO: scanning:(9) $HOME/Documents/Baldur's Gate II - Enhanced Edition/scripts
2026-09-04 15:17:11.232 BaldursGateIIEnhancedEdition[26058:118586130] INFO: scanning:(10) $HOME/Documents/Baldur's Gate II - Enhanced Edition/sounds
2026-09-04 15:17:11.232 BaldursGateIIEnhancedEdition[26058:118586130] INFO: scanning:(11) $HOME/Documents/Baldur's Gate II - Enhanced Edition/portraits
2026-09-04 15:17:11.232 BaldursGateIIEnhancedEdition[26058:118586130] INFO: scanning:(12) $HOME/Documents/Baldur's Gate II - Enhanced Edition/characters
2026-09-04 15:17:11.232 BaldursGateIIEnhancedEdition[26058:118586130] INFO: scanning:(13) $HOME/Documents/Baldur's Gate II - Enhanced Edition/movies
2026-09-04 15:17:11.234 BaldursGateIIEnhancedEdition[26058:118586130] INFO: scanning:(0) $HOME/Library/Application Support/Steam/steamapps/common/Baldur's Gate II Enhanced Edition/override
2026-09-04 15:17:11.235 BaldursGateIIEnhancedEdition[26058:118586130] INFO: scanning:(1) $HOME/Library/Application Support/Steam/steamapps/common/Baldur's Gate II Enhanced Edition/scripts
2026-09-04 15:17:11.235 BaldursGateIIEnhancedEdition[26058:118586130] INFO: scanning:(2) $HOME/Library/Application Support/Steam/steamapps/common/Baldur's Gate II Enhanced Edition/sounds
2026-09-04 15:17:11.235 BaldursGateIIEnhancedEdition[26058:118586130] INFO: scanning:(3) $HOME/Library/Application Support/Steam/steamapps/common/Baldur's Gate II Enhanced Edition/lang/en_US/sounds
2026-09-04 15:17:11.235 BaldursGateIIEnhancedEdition[26058:118586130] INFO: scanning:(4) $HOME/Library/Application Support/Steam/steamapps/common/Baldur's Gate II Enhanced Edition/portraits
2026-09-04 15:17:11.235 BaldursGateIIEnhancedEdition[26058:118586130] INFO: scanning:(5) $HOME/Library/Application Support/Steam/steamapps/common/Baldur's Gate II Enhanced Edition/characters
2026-09-04 15:17:11.235 BaldursGateIIEnhancedEdition[26058:118586130] INFO: scanning:(6) $HOME/Library/Application Support/Steam/steamapps/common/Baldur's Gate II Enhanced Edition/movies
2026-09-04 15:17:11.235 BaldursGateIIEnhancedEdition[26058:118586130] INFO: scanning:(7) $HOME/Library/Application Support/Steam/steamapps/common/Baldur's Gate II Enhanced Edition/lang/en_US/movies
2026-09-04 15:17:11.235 BaldursGateIIEnhancedEdition[26058:118586130] INFO: scanning:(8) $HOME/Documents/Baldur's Gate II - Enhanced Edition/override
2026-09-04 15:17:11.235 BaldursGateIIEnhancedEdition[26058:118586130] INFO: scanning:(9) $HOME/Documents/Baldur's Gate II - Enhanced Edition/scripts
2026-09-04 15:17:11.235 BaldursGateIIEnhancedEdition[26058:118586130] INFO: scanning:(10) $HOME/Documents/Baldur's Gate II - Enhanced Edition/sounds
2026-09-04 15:17:11.235 BaldursGateIIEnhancedEdition[26058:118586130] INFO: scanning:(11) $HOME/Documents/Baldur's Gate II - Enhanced Edition/portraits
2026-09-04 15:17:11.235 BaldursGateIIEnhancedEdition[26058:118586130] INFO: scanning:(12) $HOME/Documents/Baldur's Gate II - Enhanced Edition/characters
2026-09-04 15:17:11.235 BaldursGateIIEnhancedEdition[26058:118586130] INFO: scanning:(13) $HOME/Documents/Baldur's Gate II - Enhanced Edition/movies
2026-09-04 15:17:11.237 BaldursGateIIEnhancedEdition[26058:118586130] INFO: scanning:(0) $HOME/Library/Application Support/Steam/steamapps/common/Baldur's Gate II Enhanced Edition/override
2026-09-04 15:17:11.238 BaldursGateIIEnhancedEdition[26058:118586130] INFO: scanning:(1) $HOME/Library/Application Support/Steam/steamapps/common/Baldur's Gate II Enhanced Edition/scripts
2026-09-04 15:17:11.238 BaldursGateIIEnhancedEdition[26058:118586130] INFO: scanning:(2) $HOME/Library/Application Support/Steam/steamapps/common/Baldur's Gate II Enhanced Edition/sounds
2026-09-04 15:17:11.238 BaldursGateIIEnhancedEdition[26058:118586130] INFO: scanning:(3) $HOME/Library/Application Support/Steam/steamapps/common/Baldur's Gate II Enhanced Edition/lang/en_US/sounds
2026-09-04 15:17:11.238 BaldursGateIIEnhancedEdition[26058:118586130] INFO: scanning:(4) $HOME/Library/Application Support/Steam/steamapps/common/Baldur's Gate II Enhanced Edition/portraits
2026-09-04 15:17:11.238 BaldursGateIIEnhancedEdition[26058:118586130] INFO: scanning:(5) $HOME/Library/Application Support/Steam/steamapps/common/Baldur's Gate II Enhanced Edition/characters
2026-09-04 15:17:11.238 BaldursGateIIEnhancedEdition[26058:118586130] INFO: scanning:(6) $HOME/Library/Application Support/Steam/steamapps/common/Baldur's Gate II Enhanced Edition/movies
2026-09-04 15:17:11.238 BaldursGateIIEnhancedEdition[26058:118586130] INFO: scanning:(7) $HOME/Library/Application Support/Steam/steamapps/common/Baldur's Gate II Enhanced Edition/lang/en_US/movies
2026-09-04 15:17:11.238 BaldursGateIIEnhancedEdition[26058:118586130] INFO: scanning:(8) $HOME/Documents/Baldur's Gate II - Enhanced Edition/override
2026-09-04 15:17:11.238 BaldursGateIIEnhancedEdition[26058:118586130] INFO: scanning:(9) $HOME/Documents/Baldur's Gate II - Enhanced Edition/scripts
2026-09-04 15:17:11.238 BaldursGateIIEnhancedEdition[26058:118586130] INFO: scanning:(10) $HOME/Documents/Baldur's Gate II - Enhanced Edition/sounds
2026-09-04 15:17:11.238 BaldursGateIIEnhancedEdition[26058:118586130] INFO: scanning:(11) $HOME/Documents/Baldur's Gate II - Enhanced Edition/portraits
2026-09-04 15:17:11.238 BaldursGateIIEnhancedEdition[26058:118586130] INFO: scanning:(12) $HOME/Documents/Baldur's Gate II - Enhanced Edition/characters
2026-09-04 15:17:11.238 BaldursGateIIEnhancedEdition[26058:118586130] INFO: scanning:(13) $HOME/Documents/Baldur's Gate II - Enhanced Edition/movies
2026-09-04 15:17:11.241 BaldursGateIIEnhancedEdition[26058:118586130] INFO: scanning:(0) $HOME/Library/Application Support/Steam/steamapps/common/Baldur's Gate II Enhanced Edition/override
2026-09-04 15:17:11.242 BaldursGateIIEnhancedEdition[26058:118586130] INFO: scanning:(1) $HOME/Library/Application Support/Steam/steamapps/common/Baldur's Gate II Enhanced Edition/scripts
2026-09-04 15:17:11.242 BaldursGateIIEnhancedEdition[26058:118586130] INFO: scanning:(2) $HOME/Library/Application Support/Steam/steamapps/common/Baldur's Gate II Enhanced Edition/sounds
2026-09-04 15:17:11.242 BaldursGateIIEnhancedEdition[26058:118586130] INFO: scanning:(3) $HOME/Library/Application Support/Steam/steamapps/common/Baldur's Gate II Enhanced Edition/lang/en_US/sounds
2026-09-04 15:17:11.243 BaldursGateIIEnhancedEdition[26058:118586130] INFO: scanning:(4) $HOME/Library/Application Support/Steam/steamapps/common/Baldur's Gate II Enhanced Edition/portraits
2026-09-04 15:17:11.243 BaldursGateIIEnhancedEdition[26058:118586130] INFO: scanning:(5) $HOME/Library/Application Support/Steam/steamapps/common/Baldur's Gate II Enhanced Edition/characters
2026-09-04 15:17:11.243 BaldursGateIIEnhancedEdition[26058:118586130] INFO: scanning:(6) $HOME/Library/Application Support/Steam/steamapps/common/Baldur's Gate II Enhanced Edition/movies
2026-09-04 15:17:11.243 BaldursGateIIEnhancedEdition[26058:118586130] INFO: scanning:(7) $HOME/Library/Application Support/Steam/steamapps/common/Baldur's Gate II Enhanced Edition/lang/en_US/movies
2026-09-04 15:17:11.243 BaldursGateIIEnhancedEdition[26058:118586130] INFO: scanning:(8) $HOME/Documents/Baldur's Gate II - Enhanced Edition/override
2026-09-04 15:17:11.243 BaldursGateIIEnhancedEdition[26058:118586130] INFO: scanning:(9) $HOME/Documents/Baldur's Gate II - Enhanced Edition/scripts
2026-09-04 15:17:11.243 BaldursGateIIEnhancedEdition[26058:118586130] INFO: scanning:(10) $HOME/Documents/Baldur's Gate II - Enhanced Edition/sounds
2026-09-04 15:17:11.243 BaldursGateIIEnhancedEdition[26058:118586130] INFO: scanning:(11) $HOME/Documents/Baldur's Gate II - Enhanced Edition/portraits
2026-09-04 15:17:11.243 BaldursGateIIEnhancedEdition[26058:118586130] INFO: scanning:(12) $HOME/Documents/Baldur's Gate II - Enhanced Edition/characters
2026-09-04 15:17:11.243 BaldursGateIIEnhancedEdition[26058:118586130] INFO: scanning:(13) $HOME/Documents/Baldur's Gate II - Enhanced Edition/movies
2026-09-04 15:17:11.250 BaldursGateIIEnhancedEdition[26058:118586130] INFO: scanning:(0) $HOME/Library/Application Support/Steam/steamapps/common/Baldur's Gate II Enhanced Edition/override
2026-09-04 15:17:11.252 BaldursGateIIEnhancedEdition[26058:118586130] INFO: scanning:(1) $HOME/Library/Application Support/Steam/steamapps/common/Baldur's Gate II Enhanced Edition/scripts
2026-09-04 15:17:11.252 BaldursGateIIEnhancedEdition[26058:118586130] INFO: scanning:(2) $HOME/Library/Application Support/Steam/steamapps/common/Baldur's Gate II Enhanced Edition/sounds
2026-09-04 15:17:11.252 BaldursGateIIEnhancedEdition[26058:118586130] INFO: scanning:(3) $HOME/Library/Application Support/Steam/steamapps/common/Baldur's Gate II Enhanced Edition/lang/en_US/sounds
2026-09-04 15:17:11.252 BaldursGateIIEnhancedEdition[26058:118586130] INFO: scanning:(4) $HOME/Library/Application Support/Steam/steamapps/common/Baldur's Gate II Enhanced Edition/portraits
2026-09-04 15:17:11.252 BaldursGateIIEnhancedEdition[26058:118586130] INFO: scanning:(5) $HOME/Library/Application Support/Steam/steamapps/common/Baldur's Gate II Enhanced Edition/characters
2026-09-04 15:17:11.252 BaldursGateIIEnhancedEdition[26058:118586130] INFO: scanning:(6) $HOME/Library/Application Support/Steam/steamapps/common/Baldur's Gate II Enhanced Edition/movies
2026-09-04 15:17:11.252 BaldursGateIIEnhancedEdition[26058:118586130] INFO: scanning:(7) $HOME/Library/Application Support/Steam/steamapps/common/Baldur's Gate II Enhanced Edition/lang/en_US/movies
2026-09-04 15:17:11.252 BaldursGateIIEnhancedEdition[26058:118586130] INFO: scanning:(8) $HOME/Documents/Baldur's Gate II - Enhanced Edition/override
2026-09-04 15:17:11.252 BaldursGateIIEnhancedEdition[26058:118586130] INFO: scanning:(9) $HOME/Documents/Baldur's Gate II - Enhanced Edition/scripts
2026-09-04 15:17:11.252 BaldursGateIIEnhancedEdition[26058:118586130] INFO: scanning:(10) $HOME/Documents/Baldur's Gate II - Enhanced Edition/sounds
2026-09-04 15:17:11.252 BaldursGateIIEnhancedEdition[26058:118586130] INFO: scanning:(11) $HOME/Documents/Baldur's Gate II - Enhanced Edition/portraits
2026-09-04 15:17:11.252 BaldursGateIIEnhancedEdition[26058:118586130] INFO: scanning:(12) $HOME/Documents/Baldur's Gate II - Enhanced Edition/characters
2026-09-04 15:17:11.252 BaldursGateIIEnhancedEdition[26058:118586130] INFO: scanning:(13) $HOME/Documents/Baldur's Gate II - Enhanced Edition/movies
2026-09-04 15:17:11.253 BaldursGateIIEnhancedEdition[26058:118586130] INFO: scanning:(0) $HOME/Library/Application Support/Steam/steamapps/common/Baldur's Gate II Enhanced Edition/override
2026-09-04 15:17:11.254 BaldursGateIIEnhancedEdition[26058:118586130] INFO: scanning:(1) $HOME/Library/Application Support/Steam/steamapps/common/Baldur's Gate II Enhanced Edition/scripts
2026-09-04 15:17:11.254 BaldursGateIIEnhancedEdition[26058:118586130] INFO: scanning:(2) $HOME/Library/Application Support/Steam/steamapps/common/Baldur's Gate II Enhanced Edition/sounds
2026-09-04 15:17:11.254 BaldursGateIIEnhancedEdition[26058:118586130] INFO: scanning:(3) $HOME/Library/Application Support/Steam/steamapps/common/Baldur's Gate II Enhanced Edition/lang/en_US/sounds
2026-09-04 15:17:11.255 BaldursGateIIEnhancedEdition[26058:118586130] INFO: scanning:(4) $HOME/Library/Application Support/Steam/steamapps/common/Baldur's Gate II Enhanced Edition/portraits
2026-09-04 15:17:11.255 BaldursGateIIEnhancedEdition[26058:118586130] INFO: scanning:(5) $HOME/Library/Application Support/Steam/steamapps/common/Baldur's Gate II Enhanced Edition/characters
2026-09-04 15:17:11.255 BaldursGateIIEnhancedEdition[26058:118586130] INFO: scanning:(6) $HOME/Library/Application Support/Steam/steamapps/common/Baldur's Gate II Enhanced Edition/movies
2026-09-04 15:17:11.255 BaldursGateIIEnhancedEdition[26058:118586130] INFO: scanning:(7) $HOME/Library/Application Support/Steam/steamapps/common/Baldur's Gate II Enhanced Edition/lang/en_US/movies
2026-09-04 15:17:11.255 BaldursGateIIEnhancedEdition[26058:118586130] INFO: scanning:(8) $HOME/Documents/Baldur's Gate II - Enhanced Edition/override
2026-09-04 15:17:11.255 BaldursGateIIEnhancedEdition[26058:118586130] INFO: scanning:(9) $HOME/Documents/Baldur's Gate II - Enhanced Edition/scripts
2026-09-04 15:17:11.255 BaldursGateIIEnhancedEdition[26058:118586130] INFO: scanning:(10) $HOME/Documents/Baldur's Gate II - Enhanced Edition/sounds
2026-09-04 15:17:11.255 BaldursGateIIEnhancedEdition[26058:118586130] INFO: scanning:(11) $HOME/Documents/Baldur's Gate II - Enhanced Edition/portraits
2026-09-04 15:17:11.255 BaldursGateIIEnhancedEdition[26058:118586130] INFO: scanning:(12) $HOME/Documents/Baldur's Gate II - Enhanced Edition/characters
2026-09-04 15:17:11.255 BaldursGateIIEnhancedEdition[26058:118586130] INFO: scanning:(13) $HOME/Documents/Baldur's Gate II - Enhanced Edition/movies
2026-09-04 15:17:11.256 BaldursGateIIEnhancedEdition[26058:118586130] INFO: scanning:(0) $HOME/Library/Application Support/Steam/steamapps/common/Baldur's Gate II Enhanced Edition/override
2026-09-04 15:17:11.257 BaldursGateIIEnhancedEdition[26058:118586130] INFO: scanning:(1) $HOME/Library/Application Support/Steam/steamapps/common/Baldur's Gate II Enhanced Edition/scripts
2026-09-04 15:17:11.257 BaldursGateIIEnhancedEdition[26058:118586130] INFO: scanning:(2) $HOME/Library/Application Support/Steam/steamapps/common/Baldur's Gate II Enhanced Edition/sounds
2026-09-04 15:17:11.257 BaldursGateIIEnhancedEdition[26058:118586130] INFO: scanning:(3) $HOME/Library/Application Support/Steam/steamapps/common/Baldur's Gate II Enhanced Edition/lang/en_US/sounds
2026-09-04 15:17:11.258 BaldursGateIIEnhancedEdition[26058:118586130] INFO: scanning:(4) $HOME/Library/Application Support/Steam/steamapps/common/Baldur's Gate II Enhanced Edition/portraits
2026-09-04 15:17:11.258 BaldursGateIIEnhancedEdition[26058:118586130] INFO: scanning:(5) $HOME/Library/Application Support/Steam/steamapps/common/Baldur's Gate II Enhanced Edition/characters
2026-09-04 15:17:11.258 BaldursGateIIEnhancedEdition[26058:118586130] INFO: scanning:(6) $HOME/Library/Application Support/Steam/steamapps/common/Baldur's Gate II Enhanced Edition/movies
2026-09-04 15:17:11.258 BaldursGateIIEnhancedEdition[26058:118586130] INFO: scanning:(7) $HOME/Library/Application Support/Steam/steamapps/common/Baldur's Gate II Enhanced Edition/lang/en_US/movies
2026-09-04 15:17:11.258 BaldursGateIIEnhancedEdition[26058:118586130] INFO: scanning:(8) $HOME/Documents/Baldur's Gate II - Enhanced Edition/override
2026-09-04 15:17:11.258 BaldursGateIIEnhancedEdition[26058:118586130] INFO: scanning:(9) $HOME/Documents/Baldur's Gate II - Enhanced Edition/scripts
2026-09-04 15:17:11.258 BaldursGateIIEnhancedEdition[26058:118586130] INFO: scanning:(10) $HOME/Documents/Baldur's Gate II - Enhanced Edition/sounds
2026-09-04 15:17:11.258 BaldursGateIIEnhancedEdition[26058:118586130] INFO: scanning:(11) $HOME/Documents/Baldur's Gate II - Enhanced Edition/portraits
2026-09-04 15:17:11.258 BaldursGateIIEnhancedEdition[26058:118586130] INFO: scanning:(12) $HOME/Documents/Baldur's Gate II - Enhanced Edition/characters
2026-09-04 15:17:11.258 BaldursGateIIEnhancedEdition[26058:118586130] INFO: scanning:(13) $HOME/Documents/Baldur's Gate II - Enhanced Edition/movies
2026-09-04 15:17:11.259 BaldursGateIIEnhancedEdition[26058:118586130] INFO: scanning:(0) $HOME/Library/Application Support/Steam/steamapps/common/Baldur's Gate II Enhanced Edition/override
2026-09-04 15:17:11.260 BaldursGateIIEnhancedEdition[26058:118586130] INFO: scanning:(1) $HOME/Library/Application Support/Steam/steamapps/common/Baldur's Gate II Enhanced Edition/scripts
2026-09-04 15:17:11.260 BaldursGateIIEnhancedEdition[26058:118586130] INFO: scanning:(2) $HOME/Library/Application Support/Steam/steamapps/common/Baldur's Gate II Enhanced Edition/sounds
2026-09-04 15:17:11.260 BaldursGateIIEnhancedEdition[26058:118586130] INFO: scanning:(3) $HOME/Library/Application Support/Steam/steamapps/common/Baldur's Gate II Enhanced Edition/lang/en_US/sounds
2026-09-04 15:17:11.260 BaldursGateIIEnhancedEdition[26058:118586130] INFO: scanning:(4) $HOME/Library/Application Support/Steam/steamapps/common/Baldur's Gate II Enhanced Edition/portraits
2026-09-04 15:17:11.260 BaldursGateIIEnhancedEdition[26058:118586130] INFO: scanning:(5) $HOME/Library/Application Support/Steam/steamapps/common/Baldur's Gate II Enhanced Edition/characters
2026-09-04 15:17:11.260 BaldursGateIIEnhancedEdition[26058:118586130] INFO: scanning:(6) $HOME/Library/Application Support/Steam/steamapps/common/Baldur's Gate II Enhanced Edition/movies
2026-09-04 15:17:11.260 BaldursGateIIEnhancedEdition[26058:118586130] INFO: scanning:(7) $HOME/Library/Application Support/Steam/steamapps/common/Baldur's Gate II Enhanced Edition/lang/en_US/movies
2026-09-04 15:17:11.261 BaldursGateIIEnhancedEdition[26058:118586130] INFO: scanning:(8) $HOME/Documents/Baldur's Gate II - Enhanced Edition/override
2026-09-04 15:17:11.261 BaldursGateIIEnhancedEdition[26058:118586130] INFO: scanning:(9) $HOME/Documents/Baldur's Gate II - Enhanced Edition/scripts
2026-09-04 15:17:11.261 BaldursGateIIEnhancedEdition[26058:118586130] INFO: scanning:(10) $HOME/Documents/Baldur's Gate II - Enhanced Edition/sounds
2026-09-04 15:17:11.261 BaldursGateIIEnhancedEdition[26058:118586130] INFO: scanning:(11) $HOME/Documents/Baldur's Gate II - Enhanced Edition/portraits
2026-09-04 15:17:11.261 BaldursGateIIEnhancedEdition[26058:118586130] INFO: scanning:(12) $HOME/Documents/Baldur's Gate II - Enhanced Edition/characters
2026-09-04 15:17:11.261 BaldursGateIIEnhancedEdition[26058:118586130] INFO: scanning:(13) $HOME/Documents/Baldur's Gate II - Enhanced Edition/movies
2026-09-04 15:17:11.262 BaldursGateIIEnhancedEdition[26058:118586130] INFO: scanning:(0) $HOME/Library/Application Support/Steam/steamapps/common/Baldur's Gate II Enhanced Edition/override
2026-09-04 15:17:11.263 BaldursGateIIEnhancedEdition[26058:118586130] INFO: scanning:(1) $HOME/Library/Application Support/Steam/steamapps/common/Baldur's Gate II Enhanced Edition/scripts
2026-09-04 15:17:11.263 BaldursGateIIEnhancedEdition[26058:118586130] INFO: scanning:(2) $HOME/Library/Application Support/Steam/steamapps/common/Baldur's Gate II Enhanced Edition/sounds
2026-09-04 15:17:11.263 BaldursGateIIEnhancedEdition[26058:118586130] INFO: scanning:(3) $HOME/Library/Application Support/Steam/steamapps/common/Baldur's Gate II Enhanced Edition/lang/en_US/sounds
2026-09-04 15:17:11.263 BaldursGateIIEnhancedEdition[26058:118586130] INFO: scanning:(4) $HOME/Library/Application Support/Steam/steamapps/common/Baldur's Gate II Enhanced Edition/portraits
2026-09-04 15:17:11.263 BaldursGateIIEnhancedEdition[26058:118586130] INFO: scanning:(5) $HOME/Library/Application Support/Steam/steamapps/common/Baldur's Gate II Enhanced Edition/characters
2026-09-04 15:17:11.263 BaldursGateIIEnhancedEdition[26058:118586130] INFO: scanning:(6) $HOME/Library/Application Support/Steam/steamapps/common/Baldur's Gate II Enhanced Edition/movies
2026-09-04 15:17:11.263 BaldursGateIIEnhancedEdition[26058:118586130] INFO: scanning:(7) $HOME/Library/Application Support/Steam/steamapps/common/Baldur's Gate II Enhanced Edition/lang/en_US/movies
2026-09-04 15:17:11.263 BaldursGateIIEnhancedEdition[26058:118586130] INFO: scanning:(8) $HOME/Documents/Baldur's Gate II - Enhanced Edition/override
2026-09-04 15:17:11.263 BaldursGateIIEnhancedEdition[26058:118586130] INFO: scanning:(9) $HOME/Documents/Baldur's Gate II - Enhanced Edition/scripts
2026-09-04 15:17:11.263 BaldursGateIIEnhancedEdition[26058:118586130] INFO: scanning:(10) $HOME/Documents/Baldur's Gate II - Enhanced Edition/sounds
2026-09-04 15:17:11.263 BaldursGateIIEnhancedEdition[26058:118586130] INFO: scanning:(11) $HOME/Documents/Baldur's Gate II - Enhanced Edition/portraits
2026-09-04 15:17:11.263 BaldursGateIIEnhancedEdition[26058:118586130] INFO: scanning:(12) $HOME/Documents/Baldur's Gate II - Enhanced Edition/characters
2026-09-04 15:17:11.263 BaldursGateIIEnhancedEdition[26058:118586130] INFO: scanning:(13) $HOME/Documents/Baldur's Gate II - Enhanced Edition/movies
2026-09-04 15:17:11.264 BaldursGateIIEnhancedEdition[26058:118586130] INFO: LUA: A7LOG	921	15581460	1640861	Day 2, Hour 9 (4 Mirtul, 1369)	WORLD_QUICKLOOT	^0xff0cff3fQuick save successful.^-
2026-09-04 15:17:23.446 BaldursGateIIEnhancedEdition[26058:118586130] INFO: LUA: A7LOG	922	15592080	1653042	Day 2, Hour 9 (4 Mirtul, 1369)	WORLD_QUICKLOOT	^0xffcb967dBooprikt^-: ^0xffd7c8a0Yes?^-
2026-09-04 15:18:32.216 BaldursGateIIEnhancedEdition[26058:118586130] INFO: LUA: A7LOG	923	15652560	1721812	Day 2, Hour 9 (4 Mirtul, 1369)	WORLD_QUICKLOOT	^0xffd6bd9fJaheira^-: ^0xffd7c8a0It is about time.^-
2026-09-04 15:18:33.323 BaldursGateIIEnhancedEdition[26058:118586130] INFO: LUA: A7LOG	924	15653520	1722919	Day 2, Hour 9 (4 Mirtul, 1369)	WORLD_QUICKLOOT	^0xffcb967dBooprikt^-: ^0xffd7c8a0Hmm?^-
2026-09-04 15:18:34.157 BaldursGateIIEnhancedEdition[26058:118586130] INFO: LUA: A7LOG	925	15654240	1723753	Day 2, Hour 9 (4 Mirtul, 1369)	WORLD_QUICKLOOT	^0xffcb967dBooprikt^-: ^0xffd7c8a0Of course.^-
2026-09-04 15:18:38.306 BaldursGateIIEnhancedEdition[26058:118586130] INFO: LUA: A7LOG	926	15657840	1727902	Day 2, Hour 9 (4 Mirtul, 1369)	WORLD_QUICKLOOT	^0xffffb4b4As you step through the doorway, an alarm sounds and then abruptly stops.^-
2026-09-04 15:18:42.169 BaldursGateIIEnhancedEdition[26058:118586130] INFO: LUA: A7LOG	927	15661140	1731765	Day 2, Hour 10 (4 Mirtul, 1369)	WORLD_QUICKLOOT	^0xffcb967dBooprikt^-: ^0xffbed7d7Trap Detected^-
2026-09-04 15:18:42.169 BaldursGateIIEnhancedEdition[26058:118586130] INFO: LUA: A7LOG	928	15661140	1731765	Day 2, Hour 10 (4 Mirtul, 1369)	WORLD_QUICKLOOT	^0xffcb967dBooprikt^-: ^0xffbed7d7Trap Detected^-
2026-09-04 15:18:42.169 BaldursGateIIEnhancedEdition[26058:118586130] INFO: LUA: A7LOG	929	15661140	1731765	Day 2, Hour 10 (4 Mirtul, 1369)	WORLD_QUICKLOOT	^0xffcb967dBooprikt^-: ^0xffbed7d7Trap Detected^-
2026-09-04 15:18:42.169 BaldursGateIIEnhancedEdition[26058:118586130] INFO: LUA: A7LOG	930	15661140	1731765	Day 2, Hour 10 (4 Mirtul, 1369)	WORLD_QUICKLOOT	^0xff0000ffPAUSED^-
2026-09-04 15:18:42.180 BaldursGateIIEnhancedEdition[26058:118586130] INFO: LUA: A7LOG	931	15661140	1731776	Day 2, Hour 10 (4 Mirtul, 1369)	WORLD_QUICKLOOT	^0xffcb967dBooprikt^-: ^0xffbed7d7Auto-Paused: Trap Found^-
2026-09-04 15:18:44.146 BaldursGateIIEnhancedEdition[26058:118586130] INFO: LUA: A7LOG	932	15661140	1733742	Day 2, Hour 10 (4 Mirtul, 1369)	WORLD_QUICKLOOT	^0xff0000ffUNPAUSED^-
2026-09-04 15:18:46.766 BaldursGateIIEnhancedEdition[26058:118586130] INFO: LUA: A7LOG	933	15663420	1736362	Day 2, Hour 10 (4 Mirtul, 1369)	WORLD_QUICKLOOT	^0xffcb967dBooprikt^-: ^0xffbed7d7Stopped Detecting Traps / Illusions^-
2026-09-04 15:18:47.385 BaldursGateIIEnhancedEdition[26058:118586130] INFO: LUA: A7LOG	934	15663960	1736981	Day 2, Hour 10 (4 Mirtul, 1369)	WORLD_QUICKLOOT	^0xffcb967dBooprikt^-: ^0xffbed7d7Detecting Traps / Illusions^-
2026-09-04 15:18:49.177 BaldursGateIIEnhancedEdition[26058:118586130] INFO: LUA: A7LOG	935	15665520	1738772	Day 2, Hour 10 (4 Mirtul, 1369)	WORLD_QUICKLOOT	^0xffcb967dBooprikt^-: ^0xffbed7d7Stopped Detecting Traps / Illusions^-
2026-09-04 15:18:49.589 BaldursGateIIEnhancedEdition[26058:118586130] INFO: LUA: A7LOG	936	15665880	1739185	Day 2, Hour 10 (4 Mirtul, 1369)	WORLD_QUICKLOOT	^0xffcb967dBooprikt^-: ^0xffbed7d7Detecting Traps / Illusions^-
2026-09-04 15:18:50.778 BaldursGateIIEnhancedEdition[26058:118586130] INFO: LUA: A7LOG	937	15666900	1740374	Day 2, Hour 10 (4 Mirtul, 1369)	WORLD_QUICKLOOT	^0xffcb967dBooprikt^-: ^0xffbed7d7Stopped Detecting Traps / Illusions^-
2026-09-04 15:18:51.126 BaldursGateIIEnhancedEdition[26058:118586130] INFO: LUA: A7LOG	938	15667200	1740722	Day 2, Hour 10 (4 Mirtul, 1369)	WORLD_QUICKLOOT	^0xffcb967dBooprikt^-: ^0xffbed7d7Trap Disarmed^-
2026-09-04 15:18:51.159 BaldursGateIIEnhancedEdition[26058:118586130] INFO: LUA: A7LOG	939	15667260	1740755	Day 2, Hour 10 (4 Mirtul, 1369)	WORLD_QUICKLOOT	^0xffc8ffc8The Party Has Gained Experience: 1750^-
2026-09-04 15:18:52.919 BaldursGateIIEnhancedEdition[26058:118586130] INFO: LUA: A7LOG	940	15668760	1742515	Day 2, Hour 10 (4 Mirtul, 1369)	WORLD_QUICKLOOT	^0xffcb967dBooprikt^-: ^0xffbed7d7Detecting Traps / Illusions^-
2026-09-04 15:18:54.179 BaldursGateIIEnhancedEdition[26058:118586130] INFO: LUA: A7LOG	941	15669840	1743774	Day 2, Hour 10 (4 Mirtul, 1369)	WORLD_QUICKLOOT	^0xffcb967dBooprikt^-: ^0xffbed7d7Stopped Detecting Traps / Illusions^-
2026-09-04 15:18:54.315 BaldursGateIIEnhancedEdition[26058:118586130] INFO: LUA: A7LOG	942	15669960	1743911	Day 2, Hour 10 (4 Mirtul, 1369)	WORLD_QUICKLOOT	^0xffcb967dBooprikt^-: ^0xffbed7d7Trap Disarmed^-
2026-09-04 15:18:54.347 BaldursGateIIEnhancedEdition[26058:118586130] INFO: LUA: A7LOG	943	15670020	1743943	Day 2, Hour 10 (4 Mirtul, 1369)	WORLD_QUICKLOOT	^0xffc8ffc8The Party Has Gained Experience: 1750^-
2026-09-04 15:18:57.355 BaldursGateIIEnhancedEdition[26058:118586130] INFO: LUA: A7LOG	944	15672600	1746951	Day 2, Hour 10 (4 Mirtul, 1369)	WORLD_QUICKLOOT	^0xffcb967dBooprikt^-: ^0xffbed7d7Detecting Traps / Illusions^-
2026-09-04 15:18:58.264 BaldursGateIIEnhancedEdition[26058:118586130] INFO: LUA: A7LOG	945	15673380	1747860	Day 2, Hour 10 (4 Mirtul, 1369)	WORLD_QUICKLOOT	^0xffcb967dBooprikt^-: ^0xffbed7d7Stopped Detecting Traps / Illusions^-
2026-09-04 15:18:58.264 BaldursGateIIEnhancedEdition[26058:118586130] INFO: LUA: A7LOG	946	15673380	1747860	Day 2, Hour 10 (4 Mirtul, 1369)	WORLD_QUICKLOOT	^0xffcb967dBooprikt^-: ^0xffbed7d7Trap Disarmed^-
2026-09-04 15:18:58.298 BaldursGateIIEnhancedEdition[26058:118586130] INFO: LUA: A7LOG	947	15673440	1747894	Day 2, Hour 10 (4 Mirtul, 1369)	WORLD_QUICKLOOT	^0xffc8ffc8The Party Has Gained Experience: 1750^-
2026-09-04 15:18:59.333 BaldursGateIIEnhancedEdition[26058:118586130] INFO: scanning:(0) $HOME/Library/Application Support/Steam/steamapps/common/Baldur's Gate II Enhanced Edition/override
2026-09-04 15:18:59.348 BaldursGateIIEnhancedEdition[26058:118586130] INFO: scanning:(1) $HOME/Library/Application Support/Steam/steamapps/common/Baldur's Gate II Enhanced Edition/scripts
2026-09-04 15:18:59.349 BaldursGateIIEnhancedEdition[26058:118586130] INFO: scanning:(2) $HOME/Library/Application Support/Steam/steamapps/common/Baldur's Gate II Enhanced Edition/sounds
2026-09-04 15:18:59.349 BaldursGateIIEnhancedEdition[26058:118586130] INFO: scanning:(3) $HOME/Library/Application Support/Steam/steamapps/common/Baldur's Gate II Enhanced Edition/lang/en_US/sounds
2026-09-04 15:18:59.353 BaldursGateIIEnhancedEdition[26058:118586130] INFO: scanning:(4) $HOME/Library/Application Support/Steam/steamapps/common/Baldur's Gate II Enhanced Edition/portraits
2026-09-04 15:18:59.353 BaldursGateIIEnhancedEdition[26058:118586130] INFO: scanning:(5) $HOME/Library/Application Support/Steam/steamapps/common/Baldur's Gate II Enhanced Edition/characters
2026-09-04 15:18:59.353 BaldursGateIIEnhancedEdition[26058:118586130] INFO: scanning:(6) $HOME/Library/Application Support/Steam/steamapps/common/Baldur's Gate II Enhanced Edition/movies
2026-09-04 15:18:59.353 BaldursGateIIEnhancedEdition[26058:118586130] INFO: scanning:(7) $HOME/Library/Application Support/Steam/steamapps/common/Baldur's Gate II Enhanced Edition/lang/en_US/movies
2026-09-04 15:18:59.353 BaldursGateIIEnhancedEdition[26058:118586130] INFO: scanning:(8) $HOME/Documents/Baldur's Gate II - Enhanced Edition/override
2026-09-04 15:18:59.353 BaldursGateIIEnhancedEdition[26058:118586130] INFO: scanning:(9) $HOME/Documents/Baldur's Gate II - Enhanced Edition/scripts
2026-09-04 15:18:59.353 BaldursGateIIEnhancedEdition[26058:118586130] INFO: scanning:(10) $HOME/Documents/Baldur's Gate II - Enhanced Edition/sounds
2026-09-04 15:18:59.353 BaldursGateIIEnhancedEdition[26058:118586130] INFO: scanning:(11) $HOME/Documents/Baldur's Gate II - Enhanced Edition/portraits
2026-09-04 15:18:59.353 BaldursGateIIEnhancedEdition[26058:118586130] INFO: scanning:(12) $HOME/Documents/Baldur's Gate II - Enhanced Edition/characters
2026-09-04 15:18:59.353 BaldursGateIIEnhancedEdition[26058:118586130] INFO: scanning:(13) $HOME/Documents/Baldur's Gate II - Enhanced Edition/movies
2026-09-04 15:18:59.385 BaldursGateIIEnhancedEdition[26058:118586130] INFO: scanning:(0) $HOME/Library/Application Support/Steam/steamapps/common/Baldur's Gate II Enhanced Edition/override
2026-09-04 15:18:59.387 BaldursGateIIEnhancedEdition[26058:118586130] INFO: scanning:(1) $HOME/Library/Application Support/Steam/steamapps/common/Baldur's Gate II Enhanced Edition/scripts
2026-09-04 15:18:59.387 BaldursGateIIEnhancedEdition[26058:118586130] INFO: scanning:(2) $HOME/Library/Application Support/Steam/steamapps/common/Baldur's Gate II Enhanced Edition/sounds
2026-09-04 15:18:59.387 BaldursGateIIEnhancedEdition[26058:118586130] INFO: scanning:(3) $HOME/Library/Application Support/Steam/steamapps/common/Baldur's Gate II Enhanced Edition/lang/en_US/sounds
2026-09-04 15:18:59.387 BaldursGateIIEnhancedEdition[26058:118586130] INFO: scanning:(4) $HOME/Library/Application Support/Steam/steamapps/common/Baldur's Gate II Enhanced Edition/portraits
2026-09-04 15:18:59.387 BaldursGateIIEnhancedEdition[26058:118586130] INFO: scanning:(5) $HOME/Library/Application Support/Steam/steamapps/common/Baldur's Gate II Enhanced Edition/characters
2026-09-04 15:18:59.387 BaldursGateIIEnhancedEdition[26058:118586130] INFO: scanning:(6) $HOME/Library/Application Support/Steam/steamapps/common/Baldur's Gate II Enhanced Edition/movies
2026-09-04 15:18:59.387 BaldursGateIIEnhancedEdition[26058:118586130] INFO: scanning:(7) $HOME/Library/Application Support/Steam/steamapps/common/Baldur's Gate II Enhanced Edition/lang/en_US/movies
2026-09-04 15:18:59.387 BaldursGateIIEnhancedEdition[26058:118586130] INFO: scanning:(8) $HOME/Documents/Baldur's Gate II - Enhanced Edition/override
2026-09-04 15:18:59.387 BaldursGateIIEnhancedEdition[26058:118586130] INFO: scanning:(9) $HOME/Documents/Baldur's Gate II - Enhanced Edition/scripts
2026-09-04 15:18:59.387 BaldursGateIIEnhancedEdition[26058:118586130] INFO: scanning:(10) $HOME/Documents/Baldur's Gate II - Enhanced Edition/sounds
2026-09-04 15:18:59.387 BaldursGateIIEnhancedEdition[26058:118586130] INFO: scanning:(11) $HOME/Documents/Baldur's Gate II - Enhanced Edition/portraits
2026-09-04 15:18:59.387 BaldursGateIIEnhancedEdition[26058:118586130] INFO: scanning:(12) $HOME/Documents/Baldur's Gate II - Enhanced Edition/characters
2026-09-04 15:18:59.387 BaldursGateIIEnhancedEdition[26058:118586130] INFO: scanning:(13) $HOME/Documents/Baldur's Gate II - Enhanced Edition/movies
2026-09-04 15:18:59.389 BaldursGateIIEnhancedEdition[26058:118586130] INFO: scanning:(0) $HOME/Library/Application Support/Steam/steamapps/common/Baldur's Gate II Enhanced Edition/override
2026-09-04 15:18:59.390 BaldursGateIIEnhancedEdition[26058:118586130] INFO: scanning:(1) $HOME/Library/Application Support/Steam/steamapps/common/Baldur's Gate II Enhanced Edition/scripts
2026-09-04 15:18:59.390 BaldursGateIIEnhancedEdition[26058:118586130] INFO: scanning:(2) $HOME/Library/Application Support/Steam/steamapps/common/Baldur's Gate II Enhanced Edition/sounds
2026-09-04 15:18:59.390 BaldursGateIIEnhancedEdition[26058:118586130] INFO: scanning:(3) $HOME/Library/Application Support/Steam/steamapps/common/Baldur's Gate II Enhanced Edition/lang/en_US/sounds
2026-09-04 15:18:59.390 BaldursGateIIEnhancedEdition[26058:118586130] INFO: scanning:(4) $HOME/Library/Application Support/Steam/steamapps/common/Baldur's Gate II Enhanced Edition/portraits
2026-09-04 15:18:59.390 BaldursGateIIEnhancedEdition[26058:118586130] INFO: scanning:(5) $HOME/Library/Application Support/Steam/steamapps/common/Baldur's Gate II Enhanced Edition/characters
2026-09-04 15:18:59.390 BaldursGateIIEnhancedEdition[26058:118586130] INFO: scanning:(6) $HOME/Library/Application Support/Steam/steamapps/common/Baldur's Gate II Enhanced Edition/movies
2026-09-04 15:18:59.391 BaldursGateIIEnhancedEdition[26058:118586130] INFO: scanning:(7) $HOME/Library/Application Support/Steam/steamapps/common/Baldur's Gate II Enhanced Edition/lang/en_US/movies
2026-09-04 15:18:59.391 BaldursGateIIEnhancedEdition[26058:118586130] INFO: scanning:(8) $HOME/Documents/Baldur's Gate II - Enhanced Edition/override
2026-09-04 15:18:59.391 BaldursGateIIEnhancedEdition[26058:118586130] INFO: scanning:(9) $HOME/Documents/Baldur's Gate II - Enhanced Edition/scripts
2026-09-04 15:18:59.391 BaldursGateIIEnhancedEdition[26058:118586130] INFO: scanning:(10) $HOME/Documents/Baldur's Gate II - Enhanced Edition/sounds
2026-09-04 15:18:59.391 BaldursGateIIEnhancedEdition[26058:118586130] INFO: scanning:(11) $HOME/Documents/Baldur's Gate II - Enhanced Edition/portraits
2026-09-04 15:18:59.391 BaldursGateIIEnhancedEdition[26058:118586130] INFO: scanning:(12) $HOME/Documents/Baldur's Gate II - Enhanced Edition/characters
2026-09-04 15:18:59.391 BaldursGateIIEnhancedEdition[26058:118586130] INFO: scanning:(13) $HOME/Documents/Baldur's Gate II - Enhanced Edition/movies
2026-09-04 15:18:59.392 BaldursGateIIEnhancedEdition[26058:118586130] INFO: scanning:(0) $HOME/Library/Application Support/Steam/steamapps/common/Baldur's Gate II Enhanced Edition/override
2026-09-04 15:18:59.394 BaldursGateIIEnhancedEdition[26058:118586130] INFO: scanning:(1) $HOME/Library/Application Support/Steam/steamapps/common/Baldur's Gate II Enhanced Edition/scripts
2026-09-04 15:18:59.394 BaldursGateIIEnhancedEdition[26058:118586130] INFO: scanning:(2) $HOME/Library/Application Support/Steam/steamapps/common/Baldur's Gate II Enhanced Edition/sounds
2026-09-04 15:18:59.394 BaldursGateIIEnhancedEdition[26058:118586130] INFO: scanning:(3) $HOME/Library/Application Support/Steam/steamapps/common/Baldur's Gate II Enhanced Edition/lang/en_US/sounds
2026-09-04 15:18:59.394 BaldursGateIIEnhancedEdition[26058:118586130] INFO: scanning:(4) $HOME/Library/Application Support/Steam/steamapps/common/Baldur's Gate II Enhanced Edition/portraits
2026-09-04 15:18:59.394 BaldursGateIIEnhancedEdition[26058:118586130] INFO: scanning:(5) $HOME/Library/Application Support/Steam/steamapps/common/Baldur's Gate II Enhanced Edition/characters
2026-09-04 15:18:59.394 BaldursGateIIEnhancedEdition[26058:118586130] INFO: scanning:(6) $HOME/Library/Application Support/Steam/steamapps/common/Baldur's Gate II Enhanced Edition/movies
2026-09-04 15:18:59.394 BaldursGateIIEnhancedEdition[26058:118586130] INFO: scanning:(7) $HOME/Library/Application Support/Steam/steamapps/common/Baldur's Gate II Enhanced Edition/lang/en_US/movies
2026-09-04 15:18:59.394 BaldursGateIIEnhancedEdition[26058:118586130] INFO: scanning:(8) $HOME/Documents/Baldur's Gate II - Enhanced Edition/override
2026-09-04 15:18:59.394 BaldursGateIIEnhancedEdition[26058:118586130] INFO: scanning:(9) $HOME/Documents/Baldur's Gate II - Enhanced Edition/scripts
2026-09-04 15:18:59.394 BaldursGateIIEnhancedEdition[26058:118586130] INFO: scanning:(10) $HOME/Documents/Baldur's Gate II - Enhanced Edition/sounds
2026-09-04 15:18:59.394 BaldursGateIIEnhancedEdition[26058:118586130] INFO: scanning:(11) $HOME/Documents/Baldur's Gate II - Enhanced Edition/portraits
2026-09-04 15:18:59.394 BaldursGateIIEnhancedEdition[26058:118586130] INFO: scanning:(12) $HOME/Documents/Baldur's Gate II - Enhanced Edition/characters
2026-09-04 15:18:59.394 BaldursGateIIEnhancedEdition[26058:118586130] INFO: scanning:(13) $HOME/Documents/Baldur's Gate II - Enhanced Edition/movies
2026-09-04 15:18:59.395 BaldursGateIIEnhancedEdition[26058:118586130] INFO: scanning:(0) $HOME/Library/Application Support/Steam/steamapps/common/Baldur's Gate II Enhanced Edition/override
2026-09-04 15:18:59.397 BaldursGateIIEnhancedEdition[26058:118586130] INFO: scanning:(1) $HOME/Library/Application Support/Steam/steamapps/common/Baldur's Gate II Enhanced Edition/scripts
2026-09-04 15:18:59.397 BaldursGateIIEnhancedEdition[26058:118586130] INFO: scanning:(2) $HOME/Library/Application Support/Steam/steamapps/common/Baldur's Gate II Enhanced Edition/sounds
2026-09-04 15:18:59.397 BaldursGateIIEnhancedEdition[26058:118586130] INFO: scanning:(3) $HOME/Library/Application Support/Steam/steamapps/common/Baldur's Gate II Enhanced Edition/lang/en_US/sounds
2026-09-04 15:18:59.397 BaldursGateIIEnhancedEdition[26058:118586130] INFO: scanning:(4) $HOME/Library/Application Support/Steam/steamapps/common/Baldur's Gate II Enhanced Edition/portraits
2026-09-04 15:18:59.397 BaldursGateIIEnhancedEdition[26058:118586130] INFO: scanning:(5) $HOME/Library/Application Support/Steam/steamapps/common/Baldur's Gate II Enhanced Edition/characters
2026-09-04 15:18:59.397 BaldursGateIIEnhancedEdition[26058:118586130] INFO: scanning:(6) $HOME/Library/Application Support/Steam/steamapps/common/Baldur's Gate II Enhanced Edition/movies
2026-09-04 15:18:59.397 BaldursGateIIEnhancedEdition[26058:118586130] INFO: scanning:(7) $HOME/Library/Application Support/Steam/steamapps/common/Baldur's Gate II Enhanced Edition/lang/en_US/movies
2026-09-04 15:18:59.397 BaldursGateIIEnhancedEdition[26058:118586130] INFO: scanning:(8) $HOME/Documents/Baldur's Gate II - Enhanced Edition/override
2026-09-04 15:18:59.397 BaldursGateIIEnhancedEdition[26058:118586130] INFO: scanning:(9) $HOME/Documents/Baldur's Gate II - Enhanced Edition/scripts
2026-09-04 15:18:59.397 BaldursGateIIEnhancedEdition[26058:118586130] INFO: scanning:(10) $HOME/Documents/Baldur's Gate II - Enhanced Edition/sounds
2026-09-04 15:18:59.397 BaldursGateIIEnhancedEdition[26058:118586130] INFO: scanning:(11) $HOME/Documents/Baldur's Gate II - Enhanced Edition/portraits
2026-09-04 15:18:59.397 BaldursGateIIEnhancedEdition[26058:118586130] INFO: scanning:(12) $HOME/Documents/Baldur's Gate II - Enhanced Edition/characters
2026-09-04 15:18:59.397 BaldursGateIIEnhancedEdition[26058:118586130] INFO: scanning:(13) $HOME/Documents/Baldur's Gate II - Enhanced Edition/movies
2026-09-04 15:18:59.406 BaldursGateIIEnhancedEdition[26058:118586130] INFO: scanning:(0) $HOME/Library/Application Support/Steam/steamapps/common/Baldur's Gate II Enhanced Edition/override
2026-09-04 15:18:59.408 BaldursGateIIEnhancedEdition[26058:118586130] INFO: scanning:(1) $HOME/Library/Application Support/Steam/steamapps/common/Baldur's Gate II Enhanced Edition/scripts
2026-09-04 15:18:59.408 BaldursGateIIEnhancedEdition[26058:118586130] INFO: scanning:(2) $HOME/Library/Application Support/Steam/steamapps/common/Baldur's Gate II Enhanced Edition/sounds
2026-09-04 15:18:59.408 BaldursGateIIEnhancedEdition[26058:118586130] INFO: scanning:(3) $HOME/Library/Application Support/Steam/steamapps/common/Baldur's Gate II Enhanced Edition/lang/en_US/sounds
2026-09-04 15:18:59.408 BaldursGateIIEnhancedEdition[26058:118586130] INFO: scanning:(4) $HOME/Library/Application Support/Steam/steamapps/common/Baldur's Gate II Enhanced Edition/portraits
2026-09-04 15:18:59.408 BaldursGateIIEnhancedEdition[26058:118586130] INFO: scanning:(5) $HOME/Library/Application Support/Steam/steamapps/common/Baldur's Gate II Enhanced Edition/characters
2026-09-04 15:18:59.408 BaldursGateIIEnhancedEdition[26058:118586130] INFO: scanning:(6) $HOME/Library/Application Support/Steam/steamapps/common/Baldur's Gate II Enhanced Edition/movies
2026-09-04 15:18:59.408 BaldursGateIIEnhancedEdition[26058:118586130] INFO: scanning:(7) $HOME/Library/Application Support/Steam/steamapps/common/Baldur's Gate II Enhanced Edition/lang/en_US/movies
2026-09-04 15:18:59.408 BaldursGateIIEnhancedEdition[26058:118586130] INFO: scanning:(8) $HOME/Documents/Baldur's Gate II - Enhanced Edition/override
2026-09-04 15:18:59.408 BaldursGateIIEnhancedEdition[26058:118586130] INFO: scanning:(9) $HOME/Documents/Baldur's Gate II - Enhanced Edition/scripts
2026-09-04 15:18:59.408 BaldursGateIIEnhancedEdition[26058:118586130] INFO: scanning:(10) $HOME/Documents/Baldur's Gate II - Enhanced Edition/sounds
2026-09-04 15:18:59.408 BaldursGateIIEnhancedEdition[26058:118586130] INFO: scanning:(11) $HOME/Documents/Baldur's Gate II - Enhanced Edition/portraits
2026-09-04 15:18:59.408 BaldursGateIIEnhancedEdition[26058:118586130] INFO: scanning:(12) $HOME/Documents/Baldur's Gate II - Enhanced Edition/characters
2026-09-04 15:18:59.408 BaldursGateIIEnhancedEdition[26058:118586130] INFO: scanning:(13) $HOME/Documents/Baldur's Gate II - Enhanced Edition/movies
2026-09-04 15:18:59.409 BaldursGateIIEnhancedEdition[26058:118586130] INFO: scanning:(0) $HOME/Library/Application Support/Steam/steamapps/common/Baldur's Gate II Enhanced Edition/override
2026-09-04 15:18:59.411 BaldursGateIIEnhancedEdition[26058:118586130] INFO: scanning:(1) $HOME/Library/Application Support/Steam/steamapps/common/Baldur's Gate II Enhanced Edition/scripts
2026-09-04 15:18:59.411 BaldursGateIIEnhancedEdition[26058:118586130] INFO: scanning:(2) $HOME/Library/Application Support/Steam/steamapps/common/Baldur's Gate II Enhanced Edition/sounds
2026-09-04 15:18:59.411 BaldursGateIIEnhancedEdition[26058:118586130] INFO: scanning:(3) $HOME/Library/Application Support/Steam/steamapps/common/Baldur's Gate II Enhanced Edition/lang/en_US/sounds
2026-09-04 15:18:59.411 BaldursGateIIEnhancedEdition[26058:118586130] INFO: scanning:(4) $HOME/Library/Application Support/Steam/steamapps/common/Baldur's Gate II Enhanced Edition/portraits
2026-09-04 15:18:59.411 BaldursGateIIEnhancedEdition[26058:118586130] INFO: scanning:(5) $HOME/Library/Application Support/Steam/steamapps/common/Baldur's Gate II Enhanced Edition/characters
2026-09-04 15:18:59.411 BaldursGateIIEnhancedEdition[26058:118586130] INFO: scanning:(6) $HOME/Library/Application Support/Steam/steamapps/common/Baldur's Gate II Enhanced Edition/movies
2026-09-04 15:18:59.411 BaldursGateIIEnhancedEdition[26058:118586130] INFO: scanning:(7) $HOME/Library/Application Support/Steam/steamapps/common/Baldur's Gate II Enhanced Edition/lang/en_US/movies
2026-09-04 15:18:59.411 BaldursGateIIEnhancedEdition[26058:118586130] INFO: scanning:(8) $HOME/Documents/Baldur's Gate II - Enhanced Edition/override
2026-09-04 15:18:59.411 BaldursGateIIEnhancedEdition[26058:118586130] INFO: scanning:(9) $HOME/Documents/Baldur's Gate II - Enhanced Edition/scripts
2026-09-04 15:18:59.411 BaldursGateIIEnhancedEdition[26058:118586130] INFO: scanning:(10) $HOME/Documents/Baldur's Gate II - Enhanced Edition/sounds
2026-09-04 15:18:59.411 BaldursGateIIEnhancedEdition[26058:118586130] INFO: scanning:(11) $HOME/Documents/Baldur's Gate II - Enhanced Edition/portraits
2026-09-04 15:18:59.411 BaldursGateIIEnhancedEdition[26058:118586130] INFO: scanning:(12) $HOME/Documents/Baldur's Gate II - Enhanced Edition/characters
2026-09-04 15:18:59.411 BaldursGateIIEnhancedEdition[26058:118586130] INFO: scanning:(13) $HOME/Documents/Baldur's Gate II - Enhanced Edition/movies
2026-09-04 15:18:59.413 BaldursGateIIEnhancedEdition[26058:118586130] INFO: scanning:(0) $HOME/Library/Application Support/Steam/steamapps/common/Baldur's Gate II Enhanced Edition/override
2026-09-04 15:18:59.414 BaldursGateIIEnhancedEdition[26058:118586130] INFO: scanning:(1) $HOME/Library/Application Support/Steam/steamapps/common/Baldur's Gate II Enhanced Edition/scripts
2026-09-04 15:18:59.414 BaldursGateIIEnhancedEdition[26058:118586130] INFO: scanning:(2) $HOME/Library/Application Support/Steam/steamapps/common/Baldur's Gate II Enhanced Edition/sounds
2026-09-04 15:18:59.414 BaldursGateIIEnhancedEdition[26058:118586130] INFO: scanning:(3) $HOME/Library/Application Support/Steam/steamapps/common/Baldur's Gate II Enhanced Edition/lang/en_US/sounds
2026-09-04 15:18:59.414 BaldursGateIIEnhancedEdition[26058:118586130] INFO: scanning:(4) $HOME/Library/Application Support/Steam/steamapps/common/Baldur's Gate II Enhanced Edition/portraits
2026-09-04 15:18:59.414 BaldursGateIIEnhancedEdition[26058:118586130] INFO: scanning:(5) $HOME/Library/Application Support/Steam/steamapps/common/Baldur's Gate II Enhanced Edition/characters
2026-09-04 15:18:59.414 BaldursGateIIEnhancedEdition[26058:118586130] INFO: scanning:(6) $HOME/Library/Application Support/Steam/steamapps/common/Baldur's Gate II Enhanced Edition/movies
2026-09-04 15:18:59.414 BaldursGateIIEnhancedEdition[26058:118586130] INFO: scanning:(7) $HOME/Library/Application Support/Steam/steamapps/common/Baldur's Gate II Enhanced Edition/lang/en_US/movies
2026-09-04 15:18:59.414 BaldursGateIIEnhancedEdition[26058:118586130] INFO: scanning:(8) $HOME/Documents/Baldur's Gate II - Enhanced Edition/override
2026-09-04 15:18:59.414 BaldursGateIIEnhancedEdition[26058:118586130] INFO: scanning:(9) $HOME/Documents/Baldur's Gate II - Enhanced Edition/scripts
2026-09-04 15:18:59.414 BaldursGateIIEnhancedEdition[26058:118586130] INFO: scanning:(10) $HOME/Documents/Baldur's Gate II - Enhanced Edition/sounds
2026-09-04 15:18:59.414 BaldursGateIIEnhancedEdition[26058:118586130] INFO: scanning:(11) $HOME/Documents/Baldur's Gate II - Enhanced Edition/portraits
2026-09-04 15:18:59.414 BaldursGateIIEnhancedEdition[26058:118586130] INFO: scanning:(12) $HOME/Documents/Baldur's Gate II - Enhanced Edition/characters
2026-09-04 15:18:59.414 BaldursGateIIEnhancedEdition[26058:118586130] INFO: scanning:(13) $HOME/Documents/Baldur's Gate II - Enhanced Edition/movies
2026-09-04 15:18:59.416 BaldursGateIIEnhancedEdition[26058:118586130] INFO: scanning:(0) $HOME/Library/Application Support/Steam/steamapps/common/Baldur's Gate II Enhanced Edition/override
2026-09-04 15:18:59.417 BaldursGateIIEnhancedEdition[26058:118586130] INFO: scanning:(1) $HOME/Library/Application Support/Steam/steamapps/common/Baldur's Gate II Enhanced Edition/scripts
2026-09-04 15:18:59.417 BaldursGateIIEnhancedEdition[26058:118586130] INFO: scanning:(2) $HOME/Library/Application Support/Steam/steamapps/common/Baldur's Gate II Enhanced Edition/sounds
2026-09-04 15:18:59.417 BaldursGateIIEnhancedEdition[26058:118586130] INFO: scanning:(3) $HOME/Library/Application Support/Steam/steamapps/common/Baldur's Gate II Enhanced Edition/lang/en_US/sounds
2026-09-04 15:18:59.417 BaldursGateIIEnhancedEdition[26058:118586130] INFO: scanning:(4) $HOME/Library/Application Support/Steam/steamapps/common/Baldur's Gate II Enhanced Edition/portraits
2026-09-04 15:18:59.417 BaldursGateIIEnhancedEdition[26058:118586130] INFO: scanning:(5) $HOME/Library/Application Support/Steam/steamapps/common/Baldur's Gate II Enhanced Edition/characters
2026-09-04 15:18:59.417 BaldursGateIIEnhancedEdition[26058:118586130] INFO: scanning:(6) $HOME/Library/Application Support/Steam/steamapps/common/Baldur's Gate II Enhanced Edition/movies
2026-09-04 15:18:59.417 BaldursGateIIEnhancedEdition[26058:118586130] INFO: scanning:(7) $HOME/Library/Application Support/Steam/steamapps/common/Baldur's Gate II Enhanced Edition/lang/en_US/movies
2026-09-04 15:18:59.417 BaldursGateIIEnhancedEdition[26058:118586130] INFO: scanning:(8) $HOME/Documents/Baldur's Gate II - Enhanced Edition/override
2026-09-04 15:18:59.417 BaldursGateIIEnhancedEdition[26058:118586130] INFO: scanning:(9) $HOME/Documents/Baldur's Gate II - Enhanced Edition/scripts
2026-09-04 15:18:59.417 BaldursGateIIEnhancedEdition[26058:118586130] INFO: scanning:(10) $HOME/Documents/Baldur's Gate II - Enhanced Edition/sounds
2026-09-04 15:18:59.417 BaldursGateIIEnhancedEdition[26058:118586130] INFO: scanning:(11) $HOME/Documents/Baldur's Gate II - Enhanced Edition/portraits
2026-09-04 15:18:59.417 BaldursGateIIEnhancedEdition[26058:118586130] INFO: scanning:(12) $HOME/Documents/Baldur's Gate II - Enhanced Edition/characters
2026-09-04 15:18:59.417 BaldursGateIIEnhancedEdition[26058:118586130] INFO: scanning:(13) $HOME/Documents/Baldur's Gate II - Enhanced Edition/movies
2026-09-04 15:18:59.418 BaldursGateIIEnhancedEdition[26058:118586130] INFO: scanning:(0) $HOME/Library/Application Support/Steam/steamapps/common/Baldur's Gate II Enhanced Edition/override
2026-09-04 15:18:59.420 BaldursGateIIEnhancedEdition[26058:118586130] INFO: scanning:(1) $HOME/Library/Application Support/Steam/steamapps/common/Baldur's Gate II Enhanced Edition/scripts
2026-09-04 15:18:59.420 BaldursGateIIEnhancedEdition[26058:118586130] INFO: scanning:(2) $HOME/Library/Application Support/Steam/steamapps/common/Baldur's Gate II Enhanced Edition/sounds
2026-09-04 15:18:59.420 BaldursGateIIEnhancedEdition[26058:118586130] INFO: scanning:(3) $HOME/Library/Application Support/Steam/steamapps/common/Baldur's Gate II Enhanced Edition/lang/en_US/sounds
2026-09-04 15:18:59.420 BaldursGateIIEnhancedEdition[26058:118586130] INFO: scanning:(4) $HOME/Library/Application Support/Steam/steamapps/common/Baldur's Gate II Enhanced Edition/portraits
2026-09-04 15:18:59.420 BaldursGateIIEnhancedEdition[26058:118586130] INFO: scanning:(5) $HOME/Library/Application Support/Steam/steamapps/common/Baldur's Gate II Enhanced Edition/characters
2026-09-04 15:18:59.420 BaldursGateIIEnhancedEdition[26058:118586130] INFO: scanning:(6) $HOME/Library/Application Support/Steam/steamapps/common/Baldur's Gate II Enhanced Edition/movies
2026-09-04 15:18:59.420 BaldursGateIIEnhancedEdition[26058:118586130] INFO: scanning:(7) $HOME/Library/Application Support/Steam/steamapps/common/Baldur's Gate II Enhanced Edition/lang/en_US/movies
2026-09-04 15:18:59.420 BaldursGateIIEnhancedEdition[26058:118586130] INFO: scanning:(8) $HOME/Documents/Baldur's Gate II - Enhanced Edition/override
2026-09-04 15:18:59.420 BaldursGateIIEnhancedEdition[26058:118586130] INFO: scanning:(9) $HOME/Documents/Baldur's Gate II - Enhanced Edition/scripts
2026-09-04 15:18:59.420 BaldursGateIIEnhancedEdition[26058:118586130] INFO: scanning:(10) $HOME/Documents/Baldur's Gate II - Enhanced Edition/sounds
2026-09-04 15:18:59.420 BaldursGateIIEnhancedEdition[26058:118586130] INFO: scanning:(11) $HOME/Documents/Baldur's Gate II - Enhanced Edition/portraits
2026-09-04 15:18:59.420 BaldursGateIIEnhancedEdition[26058:118586130] INFO: scanning:(12) $HOME/Documents/Baldur's Gate II - Enhanced Edition/characters
2026-09-04 15:18:59.420 BaldursGateIIEnhancedEdition[26058:118586130] INFO: scanning:(13) $HOME/Documents/Baldur's Gate II - Enhanced Edition/movies
2026-09-04 15:18:59.421 BaldursGateIIEnhancedEdition[26058:118586130] INFO: LUA: A7LOG	948	15674340	1749017	Day 2, Hour 10 (4 Mirtul, 1369)	WORLD_QUICKLOOT	^0xff0cff3fQuick save successful.^-
2026-09-04 15:18:59.638 BaldursGateIIEnhancedEdition[26058:118586130] INFO: LUA: A7LOG	949	15674520	1749234	Day 2, Hour 10 (4 Mirtul, 1369)	WORLD_QUICKLOOT	^0xffcb967dBooprikt^-: ^0xffbed7d7Detecting Traps / Illusions^-
2026-09-04 15:19:04.893 BaldursGateIIEnhancedEdition[26058:118586130] INFO: LUA: A7LOG	950	15679020	1754489	Day 2, Hour 10 (4 Mirtul, 1369)	WORLD_QUICKLOOT	^0xffcb967dBooprikt^-: ^0xffbed7d7Trap Detected^-
2026-09-04 15:19:04.893 BaldursGateIIEnhancedEdition[26058:118586130] INFO: LUA: A7LOG	951	15679020	1754489	Day 2, Hour 10 (4 Mirtul, 1369)	WORLD_QUICKLOOT	^0xff0000ffPAUSED^-
2026-09-04 15:19:04.924 BaldursGateIIEnhancedEdition[26058:118586130] INFO: LUA: A7LOG	952	15679020	1754520	Day 2, Hour 10 (4 Mirtul, 1369)	WORLD_QUICKLOOT	^0xffcb967dBooprikt^-: ^0xffbed7d7Auto-Paused: Trap Found^-
2026-09-04 15:19:06.917 BaldursGateIIEnhancedEdition[26058:118586130] INFO: LUA: A7LOG	953	15679080	1756513	Day 2, Hour 10 (4 Mirtul, 1369)	WORLD_QUICKLOOT	^0xff0000ffUNPAUSED^-
2026-09-04 15:19:13.781 BaldursGateIIEnhancedEdition[26058:118586130] INFO: LUA: A7LOG	954	15684960	1763377	Day 2, Hour 10 (4 Mirtul, 1369)	WORLD_QUICKLOOT	^0xffcb967dBooprikt^-: ^0xffbed7d7Trap Detected^-
2026-09-04 15:19:13.781 BaldursGateIIEnhancedEdition[26058:118586130] INFO: LUA: A7LOG	955	15684960	1763377	Day 2, Hour 10 (4 Mirtul, 1369)	WORLD_QUICKLOOT	^0xffcb967dBooprikt^-: ^0xffbed7d7Trap Detected^-
2026-09-04 15:19:13.782 BaldursGateIIEnhancedEdition[26058:118586130] INFO: LUA: A7LOG	956	15684960	1763377	Day 2, Hour 10 (4 Mirtul, 1369)	WORLD_QUICKLOOT	^0xffcb967dBooprikt^-: ^0xffbed7d7Trap Detected^-
2026-09-04 15:19:13.782 BaldursGateIIEnhancedEdition[26058:118586130] INFO: LUA: A7LOG	957	15684960	1763377	Day 2, Hour 10 (4 Mirtul, 1369)	WORLD_QUICKLOOT	^0xff0000ffPAUSED^-
2026-09-04 15:19:13.797 BaldursGateIIEnhancedEdition[26058:118586130] INFO: LUA: A7LOG	958	15684960	1763393	Day 2, Hour 10 (4 Mirtul, 1369)	WORLD_QUICKLOOT	^0xffcb967dBooprikt^-: ^0xffbed7d7Auto-Paused: Trap Found^-
2026-09-04 15:19:15.825 BaldursGateIIEnhancedEdition[26058:118586130] INFO: LUA: A7LOG	959	15684960	1765421	Day 2, Hour 10 (4 Mirtul, 1369)	WORLD_QUICKLOOT	^0xffcb967dBooprikt^-: ^0xffbed7d7Stopped Detecting Traps / Illusions^-
2026-09-04 15:19:17.735 BaldursGateIIEnhancedEdition[26058:118586130] INFO: LUA: A7LOG	960	15685020	1767331	Day 2, Hour 10 (4 Mirtul, 1369)	WORLD_QUICKLOOT	^0xff0000ffUNPAUSED^-
2026-09-04 15:19:17.771 BaldursGateIIEnhancedEdition[26058:118586130] INFO: LUA: A7LOG	961	15685020	1767367	Day 2, Hour 10 (4 Mirtul, 1369)	WORLD_QUICKLOOT	^0xffcb967dBooprikt^-: ^0xffbed7d7Trap Disarmed^-
2026-09-04 15:19:17.805 BaldursGateIIEnhancedEdition[26058:118586130] INFO: LUA: A7LOG	962	15685080	1767401	Day 2, Hour 10 (4 Mirtul, 1369)	WORLD_QUICKLOOT	^0xffc8ffc8The Party Has Gained Experience: 1750^-
2026-09-04 15:19:20.610 BaldursGateIIEnhancedEdition[26058:118586130] INFO: LUA: A7LOG	963	15687480	1770206	Day 2, Hour 10 (4 Mirtul, 1369)	WORLD_QUICKLOOT	^0xffcb967dBooprikt^-: ^0xffbed7d7Trap Disarmed^-
2026-09-04 15:19:20.643 BaldursGateIIEnhancedEdition[26058:118586130] INFO: LUA: A7LOG	964	15687540	1770239	Day 2, Hour 10 (4 Mirtul, 1369)	WORLD_QUICKLOOT	^0xffc8ffc8The Party Has Gained Experience: 1750^-
2026-09-04 15:19:23.220 BaldursGateIIEnhancedEdition[26058:118586130] INFO: LUA: A7LOG	965	15689760	1772816	Day 2, Hour 10 (4 Mirtul, 1369)	WORLD_QUICKLOOT	^0xffcb967dBooprikt^-: ^0xffbed7d7Detecting Traps / Illusions^-
2026-09-04 15:19:24.886 BaldursGateIIEnhancedEdition[26058:118586130] INFO: LUA: A7LOG	966	15691200	1774481	Day 2, Hour 10 (4 Mirtul, 1369)	WORLD_QUICKLOOT	^0xffcb967dBooprikt^-: ^0xffbed7d7Stopped Detecting Traps / Illusions^-
2026-09-04 15:19:24.886 BaldursGateIIEnhancedEdition[26058:118586130] INFO: LUA: A7LOG	967	15691200	1774482	Day 2, Hour 10 (4 Mirtul, 1369)	WORLD_QUICKLOOT	^0xffcb967dBooprikt^-: ^0xffbed7d7Trap Disarmed^-
2026-09-04 15:19:24.913 BaldursGateIIEnhancedEdition[26058:118586130] INFO: LUA: A7LOG	968	15691260	1774509	Day 2, Hour 10 (4 Mirtul, 1369)	WORLD_QUICKLOOT	^0xffc8ffc8The Party Has Gained Experience: 1750^-
2026-09-04 15:19:28.738 BaldursGateIIEnhancedEdition[26058:118586130] INFO: LUA: A7LOG	969	15694560	1778334	Day 2, Hour 10 (4 Mirtul, 1369)	WORLD_QUICKLOOT	^0xffcb967dBooprikt^-: ^0xffbed7d7Detecting Traps / Illusions^-
2026-09-04 15:19:29.016 BaldursGateIIEnhancedEdition[26058:118586130] INFO: LUA: A7LOG	970	15694800	1778611	Day 2, Hour 10 (4 Mirtul, 1369)	WORLD_QUICKLOOT	^0xffcb967dBooprikt^-: ^0xffbed7d7Stopped Detecting Traps / Illusions^-
2026-09-04 15:19:29.840 BaldursGateIIEnhancedEdition[26058:118586130] INFO: LUA: A7LOG	971	15695520	1779436	Day 2, Hour 10 (4 Mirtul, 1369)	WORLD_QUICKLOOT	^0xffcb967dBooprikt^-: ^0xffbed7d7Detecting Traps / Illusions^-
2026-09-04 15:19:30.966 BaldursGateIIEnhancedEdition[26058:118586130] INFO: LUA: A7LOG	972	15696480	1780561	Day 2, Hour 10 (4 Mirtul, 1369)	WORLD_QUICKLOOT	^0xffcb967dBooprikt^-: ^0xffbed7d7Stopped Detecting Traps / Illusions^-
2026-09-04 15:19:30.966 BaldursGateIIEnhancedEdition[26058:118586130] INFO: LUA: A7LOG	973	15696480	1780562	Day 2, Hour 10 (4 Mirtul, 1369)	WORLD_QUICKLOOT	^0xffcb967dBooprikt^-: ^0xffbed7d7Trap Disarmed^-
2026-09-04 15:19:31.001 BaldursGateIIEnhancedEdition[26058:118586130] INFO: LUA: A7LOG	974	15696540	1780597	Day 2, Hour 10 (4 Mirtul, 1369)	WORLD_QUICKLOOT	^0xffc8ffc8The Party Has Gained Experience: 1750^-
2026-09-04 15:19:47.592 BaldursGateIIEnhancedEdition[26058:118586130] INFO: LUA: A7LOG	975	15710940	1797188	Day 2, Hour 10 (4 Mirtul, 1369)	WORLD_QUICKLOOT	^0xffffb3f3Imoen^-: ^0xffd7c8a0Time to move?^-
2026-09-04 15:19:48.526 BaldursGateIIEnhancedEdition[26058:118586130] INFO: LUA: A7LOG	976	15711780	1798122	Day 2, Hour 10 (4 Mirtul, 1369)	WORLD_QUICKLOOT	^0xffffb3f3Imoen^-: ^0xffd7c8a0This way then?^-
2026-09-04 15:19:48.630 BaldursGateIIEnhancedEdition[26058:118586130] INFO: LUA: A7LOG	977	15711840	1798225	Day 2, Hour 10 (4 Mirtul, 1369)	WORLD_QUICKLOOT	^0xffcb967dBooprikt^-: ^0xffbed7d7Detecting Traps / Illusions^-
2026-09-04 15:19:51.871 BaldursGateIIEnhancedEdition[26058:118586130] INFO: LUA: A7LOG	978	15714720	1801466	Day 2, Hour 10 (4 Mirtul, 1369)	WORLD_QUICKLOOT	^0xffffb3f3Imoen^-: ^0xffbed7d7Stopped Detecting Traps / Illusions^-
2026-09-04 15:19:51.989 BaldursGateIIEnhancedEdition[26058:118586130] INFO: LUA: A7LOG	979	15714720	1801585	Day 2, Hour 10 (4 Mirtul, 1369)	WORLD_DIALOG_CONFIRM	^0xffffb3f3Imoen^-: ^0xffbed7d7What...? What is this place? It's‚Äîit's beautiful! Oh... there is simply no way that this space belongs to the same person that owns those horrible glass containers.^-
2026-09-04 15:19:55.321 BaldursGateIIEnhancedEdition[26058:118586130] INFO: LUA: A7LOG	980	15714720	1804917	Day 2, Hour 10 (4 Mirtul, 1369)	WORLD_DIALOG_CONFIRM	^0xffcb967dBooprikt^-: ^0xffd7c8a0It is unlikely that our captor would rent out space. It must be his.^-
2026-09-04 15:19:55.322 BaldursGateIIEnhancedEdition[26058:118586130] INFO: LUA: A7LOG	981	15714720	1804917	Day 2, Hour 10 (4 Mirtul, 1369)	WORLD_DIALOG_CONFIRM	^0xffffb3f3Imoen^-: ^0xffbed7d7No, it can't be. Not the person I know. This... this bed, that table... I know of them. He would... he would speak of them while... while he...^-
2026-09-04 15:19:56.137 BaldursGateIIEnhancedEdition[26058:118586130] INFO: LUA: A7LOG	982	15714720	1805733	Day 2, Hour 10 (4 Mirtul, 1369)	WORLD_DIALOG_CONFIRM	^0xffffb3f3Imoen^-: ^0xffbed7d7It's for a lost love, kept in perfect condition. She... she despises him. This is his monument to her. He spoke of all of this, but... but his voice was cold...^-
2026-09-04 15:19:56.584 BaldursGateIIEnhancedEdition[26058:118586130] INFO: LUA: A7LOG	983	15714720	1806180	Day 2, Hour 10 (4 Mirtul, 1369)	WORLD_DIALOG_CONFIRM	^0xffffb3f3Imoen^-: ^0xffbed7d7No emotion at all, not even remembered. He spoke of these things even while he cut... he cut... and the spells that wove through my brain... cold, ugly things!^-
2026-09-04 15:19:57.609 BaldursGateIIEnhancedEdition[26058:118586130] INFO: LUA: A7LOG	984	15714720	1807204	Day 2, Hour 10 (4 Mirtul, 1369)	WORLD_DIALOG_CONFIRM	^0xffcb967dBooprikt^-: ^0xffd7c8a0He cannot hurt you now. You are among friends.^-
2026-09-04 15:19:57.609 BaldursGateIIEnhancedEdition[26058:118586130] INFO: LUA: A7LOG	985	15714720	1807204	Day 2, Hour 10 (4 Mirtul, 1369)	WORLD_DIALOG_CONFIRM	^0xffffb3f3Imoen^-: ^0xffbed7d7It still hurts... his sick fingers are still in my head, doing whatever it was he started. I see blood... and death... behind my eyes... Irenicus...^-
2026-09-04 15:19:58.292 BaldursGateIIEnhancedEdition[26058:118586130] INFO: LUA: A7LOG	986	15714720	1807888	Day 2, Hour 10 (4 Mirtul, 1369)	WORLD_DIALOG_CONFIRM	^0xffffb3f3Imoen^-: ^0xffbed7d7This room: If he could care for anything, he would care for this room. Above the lives of all of us. It makes me sick. I feel... I feel... so much hate. ^-
2026-09-04 15:19:58.740 BaldursGateIIEnhancedEdition[26058:118586130] INFO: LUA: A7LOG	987	15714720	1808335	Day 2, Hour 10 (4 Mirtul, 1369)	WORLD_DIALOG_CONFIRM	^0xffffb3f3Imoen^-: ^0xffbed7d7I would burn this place, but it is nothing. Even as it means so much, it is nothing. Let's do what we must and get out of this place; it is making me sick.^-
2026-09-04 15:20:00.212 BaldursGateIIEnhancedEdition[26058:118586130] INFO: LUA: A7LOG	988	15715620	1809808	Day 2, Hour 10 (4 Mirtul, 1369)	WORLD_QUICKLOOT	^0xffffb3f3Imoen^-: ^0xffbed7d7Detecting Traps / Illusions^-
2026-09-04 15:20:00.729 BaldursGateIIEnhancedEdition[26058:118586130] INFO: LUA: A7LOG	989	15716040	1810324	Day 2, Hour 10 (4 Mirtul, 1369)	WORLD_QUICKLOOT	^0xffffb3f3Imoen^-: ^0xffd7c8a0Yep?^-
2026-09-04 15:20:01.458 BaldursGateIIEnhancedEdition[26058:118586130] INFO: LUA: A7LOG	990	15716700	1811054	Day 2, Hour 10 (4 Mirtul, 1369)	WORLD_QUICKLOOT	^0xffffb3f3Imoen^-: ^0xffd7c8a0Gotcha.^-
2026-09-04 15:20:03.343 BaldursGateIIEnhancedEdition[26058:118586130] INFO: LUA: A7LOG	991	15718320	1812939	Day 2, Hour 10 (4 Mirtul, 1369)	WORLD_QUICKLOOT	^0xffcb967dBooprikt^-: ^0xffd7c8a0I'm waiting.^-
2026-09-04 15:20:07.477 BaldursGateIIEnhancedEdition[26058:118586130] INFO: LUA: A7LOG	992	15719760	1817073	Day 2, Hour 10 (4 Mirtul, 1369)	WORLD_QUICKLOOT	^0xffd6bd9fJaheira^-: ^0xffd7c8a0Speak your mind.^-
2026-09-04 15:20:08.277 BaldursGateIIEnhancedEdition[26058:118586130] INFO: LUA: A7LOG	993	15720420	1817873	Day 2, Hour 10 (4 Mirtul, 1369)	WORLD_QUICKLOOT	^0xffd6bd9fJaheira^-: ^0xffd7c8a0As I would have done.^-
2026-09-04 15:21:48.929 BaldursGateIIEnhancedEdition[26058:118586130] INFO: LUA: A7LOG	994	15809040	1918524	Day 2, Hour 10 (4 Mirtul, 1369)	WORLD_QUICKLOOT	^0xffd6bd9fJaheira^-: ^0xffd7c8a0Nature's servant awaits.^-
2026-09-04 15:21:50.681 BaldursGateIIEnhancedEdition[26058:118586130] INFO: LUA: A7LOG	995	15810540	1920277	Day 2, Hour 10 (4 Mirtul, 1369)	WORLD_QUICKLOOT	^0xffcb967dBooprikt^-: ^0xffd7c8a0Yes?^-
2026-09-04 15:22:59.953 BaldursGateIIEnhancedEdition[26058:118586130] INFO: LUA: A7LOG	996	15812340	1989548	Day 2, Hour 10 (4 Mirtul, 1369)	WORLD_QUICKLOOT	^0xffffb3f3Imoen^-: ^0xffd7c8a0Whatchu want?^-
2026-09-04 15:23:04.307 BaldursGateIIEnhancedEdition[26058:118586130] INFO: [string "function action0x7f9e321c2440 () ..."]:17: attempt to index field '?' (a nil value)
stack traceback:
	return debug.traceback():1: in main chunk
	=[C]: in function '__index'
	function action0x7f9e321c2440 () 
			contingencyDescription = 0
			if cellNumber == 1 then
				if bookMode == 0 then
					if #bottomSpells < #bottomSpellsPlaceHolder then
						createMageMemorizationSparkle(0, 0, 40, 40, 'bookListMage', -1)
						Infinity_PlaySound('GAM_24')
						showMageMemorizationFlash = true
					end
					mageScreen:MemorizeSpell( bookSpells[currentBookSpell].level, bookSpells[currentBookSpell].index )
				elseif bookMode == 1 and #bottomSpells < #bottomSpellsPlaceHolder then
					mageScreen:SequenceSpell( bookSpells[currentBookSpell].resref, bookSpells[currentBookSpell].masterResref )
				end
			end
			if lastCurrentBookSpell == currentBookSpell and cellNumber == 2 then
				currentBookSpell = 0
				contingencyDescription = mageBookStrings[contingencyResRef].tip
			else
				lastCurrentBookSpell = currentBookSpell
			end
		 end:17: in function <[string "function action0x7f9e321c2440 () ..."]:1>
2026-09-04 15:23:05.132 BaldursGateIIEnhancedEdition[26058:118586130] INFO: [string "function action0x7f9e321c2440 () ..."]:17: attempt to index field '?' (a nil value)
stack traceback:
	return debug.traceback():1: in main chunk
	=[C]: in function '__index'
	function action0x7f9e321c2440 () 
			contingencyDescription = 0
			if cellNumber == 1 then
				if bookMode == 0 then
					if #bottomSpells < #bottomSpellsPlaceHolder then
						createMageMemorizationSparkle(0, 0, 40, 40, 'bookListMage', -1)
						Infinity_PlaySound('GAM_24')
						showMageMemorizationFlash = true
					end
					mageScreen:MemorizeSpell( bookSpells[currentBookSpell].level, bookSpells[currentBookSpell].index )
				elseif bookMode == 1 and #bottomSpells < #bottomSpellsPlaceHolder then
					mageScreen:SequenceSpell( bookSpells[currentBookSpell].resref, bookSpells[currentBookSpell].masterResref )
				end
			end
			if lastCurrentBookSpell == currentBookSpell and cellNumber == 2 then
				currentBookSpell = 0
				contingencyDescription = mageBookStrings[contingencyResRef].tip
			else
				lastCurrentBookSpell = currentBookSpell
			end
		 end:17: in function <[string "function action0x7f9e321c2440 () ..."]:1>
2026-09-04 15:24:55.593 BaldursGateIIEnhancedEdition[26058:118586130] INFO: scanning:(0) $HOME/Library/Application Support/Steam/steamapps/common/Baldur's Gate II Enhanced Edition/override
2026-09-04 15:24:55.611 BaldursGateIIEnhancedEdition[26058:118586130] INFO: scanning:(1) $HOME/Library/Application Support/Steam/steamapps/common/Baldur's Gate II Enhanced Edition/scripts
2026-09-04 15:24:55.611 BaldursGateIIEnhancedEdition[26058:118586130] INFO: scanning:(2) $HOME/Library/Application Support/Steam/steamapps/common/Baldur's Gate II Enhanced Edition/sounds
2026-09-04 15:24:55.611 BaldursGateIIEnhancedEdition[26058:118586130] INFO: scanning:(3) $HOME/Library/Application Support/Steam/steamapps/common/Baldur's Gate II Enhanced Edition/lang/en_US/sounds
2026-09-04 15:24:55.615 BaldursGateIIEnhancedEdition[26058:118586130] INFO: scanning:(4) $HOME/Library/Application Support/Steam/steamapps/common/Baldur's Gate II Enhanced Edition/portraits
2026-09-04 15:24:55.615 BaldursGateIIEnhancedEdition[26058:118586130] INFO: scanning:(5) $HOME/Library/Application Support/Steam/steamapps/common/Baldur's Gate II Enhanced Edition/characters
2026-09-04 15:24:55.615 BaldursGateIIEnhancedEdition[26058:118586130] INFO: scanning:(6) $HOME/Library/Application Support/Steam/steamapps/common/Baldur's Gate II Enhanced Edition/movies
2026-09-04 15:24:55.616 BaldursGateIIEnhancedEdition[26058:118586130] INFO: scanning:(7) $HOME/Library/Application Support/Steam/steamapps/common/Baldur's Gate II Enhanced Edition/lang/en_US/movies
2026-09-04 15:24:55.616 BaldursGateIIEnhancedEdition[26058:118586130] INFO: scanning:(8) $HOME/Documents/Baldur's Gate II - Enhanced Edition/override
2026-09-04 15:24:55.616 BaldursGateIIEnhancedEdition[26058:118586130] INFO: scanning:(9) $HOME/Documents/Baldur's Gate II - Enhanced Edition/scripts
2026-09-04 15:24:55.616 BaldursGateIIEnhancedEdition[26058:118586130] INFO: scanning:(10) $HOME/Documents/Baldur's Gate II - Enhanced Edition/sounds
2026-09-04 15:24:55.616 BaldursGateIIEnhancedEdition[26058:118586130] INFO: scanning:(11) $HOME/Documents/Baldur's Gate II - Enhanced Edition/portraits
2026-09-04 15:24:55.616 BaldursGateIIEnhancedEdition[26058:118586130] INFO: scanning:(12) $HOME/Documents/Baldur's Gate II - Enhanced Edition/characters
2026-09-04 15:24:55.616 BaldursGateIIEnhancedEdition[26058:118586130] INFO: scanning:(13) $HOME/Documents/Baldur's Gate II - Enhanced Edition/movies
2026-09-04 15:24:55.649 BaldursGateIIEnhancedEdition[26058:118586130] INFO: scanning:(0) $HOME/Library/Application Support/Steam/steamapps/common/Baldur's Gate II Enhanced Edition/override
2026-09-04 15:24:55.651 BaldursGateIIEnhancedEdition[26058:118586130] INFO: scanning:(1) $HOME/Library/Application Support/Steam/steamapps/common/Baldur's Gate II Enhanced Edition/scripts
2026-09-04 15:24:55.651 BaldursGateIIEnhancedEdition[26058:118586130] INFO: scanning:(2) $HOME/Library/Application Support/Steam/steamapps/common/Baldur's Gate II Enhanced Edition/sounds
2026-09-04 15:24:55.651 BaldursGateIIEnhancedEdition[26058:118586130] INFO: scanning:(3) $HOME/Library/Application Support/Steam/steamapps/common/Baldur's Gate II Enhanced Edition/lang/en_US/sounds
2026-09-04 15:24:55.651 BaldursGateIIEnhancedEdition[26058:118586130] INFO: scanning:(4) $HOME/Library/Application Support/Steam/steamapps/common/Baldur's Gate II Enhanced Edition/portraits
2026-09-04 15:24:55.651 BaldursGateIIEnhancedEdition[26058:118586130] INFO: scanning:(5) $HOME/Library/Application Support/Steam/steamapps/common/Baldur's Gate II Enhanced Edition/characters
2026-09-04 15:24:55.651 BaldursGateIIEnhancedEdition[26058:118586130] INFO: scanning:(6) $HOME/Library/Application Support/Steam/steamapps/common/Baldur's Gate II Enhanced Edition/movies
2026-09-04 15:24:55.651 BaldursGateIIEnhancedEdition[26058:118586130] INFO: scanning:(7) $HOME/Library/Application Support/Steam/steamapps/common/Baldur's Gate II Enhanced Edition/lang/en_US/movies
2026-09-04 15:24:55.651 BaldursGateIIEnhancedEdition[26058:118586130] INFO: scanning:(8) $HOME/Documents/Baldur's Gate II - Enhanced Edition/override
2026-09-04 15:24:55.651 BaldursGateIIEnhancedEdition[26058:118586130] INFO: scanning:(9) $HOME/Documents/Baldur's Gate II - Enhanced Edition/scripts
2026-09-04 15:24:55.651 BaldursGateIIEnhancedEdition[26058:118586130] INFO: scanning:(10) $HOME/Documents/Baldur's Gate II - Enhanced Edition/sounds
2026-09-04 15:24:55.651 BaldursGateIIEnhancedEdition[26058:118586130] INFO: scanning:(11) $HOME/Documents/Baldur's Gate II - Enhanced Edition/portraits
2026-09-04 15:24:55.651 BaldursGateIIEnhancedEdition[26058:118586130] INFO: scanning:(12) $HOME/Documents/Baldur's Gate II - Enhanced Edition/characters
2026-09-04 15:24:55.651 BaldursGateIIEnhancedEdition[26058:118586130] INFO: scanning:(13) $HOME/Documents/Baldur's Gate II - Enhanced Edition/movies
2026-09-04 15:24:55.653 BaldursGateIIEnhancedEdition[26058:118586130] INFO: scanning:(0) $HOME/Library/Application Support/Steam/steamapps/common/Baldur's Gate II Enhanced Edition/override
2026-09-04 15:24:55.654 BaldursGateIIEnhancedEdition[26058:118586130] INFO: scanning:(1) $HOME/Library/Application Support/Steam/steamapps/common/Baldur's Gate II Enhanced Edition/scripts
2026-09-04 15:24:55.654 BaldursGateIIEnhancedEdition[26058:118586130] INFO: scanning:(2) $HOME/Library/Application Support/Steam/steamapps/common/Baldur's Gate II Enhanced Edition/sounds
2026-09-04 15:24:55.654 BaldursGateIIEnhancedEdition[26058:118586130] INFO: scanning:(3) $HOME/Library/Application Support/Steam/steamapps/common/Baldur's Gate II Enhanced Edition/lang/en_US/sounds
2026-09-04 15:24:55.654 BaldursGateIIEnhancedEdition[26058:118586130] INFO: scanning:(4) $HOME/Library/Application Support/Steam/steamapps/common/Baldur's Gate II Enhanced Edition/portraits
2026-09-04 15:24:55.654 BaldursGateIIEnhancedEdition[26058:118586130] INFO: scanning:(5) $HOME/Library/Application Support/Steam/steamapps/common/Baldur's Gate II Enhanced Edition/characters
2026-09-04 15:24:55.654 BaldursGateIIEnhancedEdition[26058:118586130] INFO: scanning:(6) $HOME/Library/Application Support/Steam/steamapps/common/Baldur's Gate II Enhanced Edition/movies
2026-09-04 15:24:55.655 BaldursGateIIEnhancedEdition[26058:118586130] INFO: scanning:(7) $HOME/Library/Application Support/Steam/steamapps/common/Baldur's Gate II Enhanced Edition/lang/en_US/movies
2026-09-04 15:24:55.655 BaldursGateIIEnhancedEdition[26058:118586130] INFO: scanning:(8) $HOME/Documents/Baldur's Gate II - Enhanced Edition/override
2026-09-04 15:24:55.655 BaldursGateIIEnhancedEdition[26058:118586130] INFO: scanning:(9) $HOME/Documents/Baldur's Gate II - Enhanced Edition/scripts
2026-09-04 15:24:55.655 BaldursGateIIEnhancedEdition[26058:118586130] INFO: scanning:(10) $HOME/Documents/Baldur's Gate II - Enhanced Edition/sounds
2026-09-04 15:24:55.655 BaldursGateIIEnhancedEdition[26058:118586130] INFO: scanning:(11) $HOME/Documents/Baldur's Gate II - Enhanced Edition/portraits
2026-09-04 15:24:55.655 BaldursGateIIEnhancedEdition[26058:118586130] INFO: scanning:(12) $HOME/Documents/Baldur's Gate II - Enhanced Edition/characters
2026-09-04 15:24:55.655 BaldursGateIIEnhancedEdition[26058:118586130] INFO: scanning:(13) $HOME/Documents/Baldur's Gate II - Enhanced Edition/movies
2026-09-04 15:24:55.656 BaldursGateIIEnhancedEdition[26058:118586130] INFO: scanning:(0) $HOME/Library/Application Support/Steam/steamapps/common/Baldur's Gate II Enhanced Edition/override
2026-09-04 15:24:55.657 BaldursGateIIEnhancedEdition[26058:118586130] INFO: scanning:(1) $HOME/Library/Application Support/Steam/steamapps/common/Baldur's Gate II Enhanced Edition/scripts
2026-09-04 15:24:55.658 BaldursGateIIEnhancedEdition[26058:118586130] INFO: scanning:(2) $HOME/Library/Application Support/Steam/steamapps/common/Baldur's Gate II Enhanced Edition/sounds
2026-09-04 15:24:55.658 BaldursGateIIEnhancedEdition[26058:118586130] INFO: scanning:(3) $HOME/Library/Application Support/Steam/steamapps/common/Baldur's Gate II Enhanced Edition/lang/en_US/sounds
2026-09-04 15:24:55.658 BaldursGateIIEnhancedEdition[26058:118586130] INFO: scanning:(4) $HOME/Library/Application Support/Steam/steamapps/common/Baldur's Gate II Enhanced Edition/portraits
2026-09-04 15:24:55.658 BaldursGateIIEnhancedEdition[26058:118586130] INFO: scanning:(5) $HOME/Library/Application Support/Steam/steamapps/common/Baldur's Gate II Enhanced Edition/characters
2026-09-04 15:24:55.658 BaldursGateIIEnhancedEdition[26058:118586130] INFO: scanning:(6) $HOME/Library/Application Support/Steam/steamapps/common/Baldur's Gate II Enhanced Edition/movies
2026-09-04 15:24:55.658 BaldursGateIIEnhancedEdition[26058:118586130] INFO: scanning:(7) $HOME/Library/Application Support/Steam/steamapps/common/Baldur's Gate II Enhanced Edition/lang/en_US/movies
2026-09-04 15:24:55.658 BaldursGateIIEnhancedEdition[26058:118586130] INFO: scanning:(8) $HOME/Documents/Baldur's Gate II - Enhanced Edition/override
2026-09-04 15:24:55.658 BaldursGateIIEnhancedEdition[26058:118586130] INFO: scanning:(9) $HOME/Documents/Baldur's Gate II - Enhanced Edition/scripts
2026-09-04 15:24:55.658 BaldursGateIIEnhancedEdition[26058:118586130] INFO: scanning:(10) $HOME/Documents/Baldur's Gate II - Enhanced Edition/sounds
2026-09-04 15:24:55.658 BaldursGateIIEnhancedEdition[26058:118586130] INFO: scanning:(11) $HOME/Documents/Baldur's Gate II - Enhanced Edition/portraits
2026-09-04 15:24:55.658 BaldursGateIIEnhancedEdition[26058:118586130] INFO: scanning:(12) $HOME/Documents/Baldur's Gate II - Enhanced Edition/characters
2026-09-04 15:24:55.658 BaldursGateIIEnhancedEdition[26058:118586130] INFO: scanning:(13) $HOME/Documents/Baldur's Gate II - Enhanced Edition/movies
2026-09-04 15:24:55.659 BaldursGateIIEnhancedEdition[26058:118586130] INFO: scanning:(0) $HOME/Library/Application Support/Steam/steamapps/common/Baldur's Gate II Enhanced Edition/override
2026-09-04 15:24:55.661 BaldursGateIIEnhancedEdition[26058:118586130] INFO: scanning:(1) $HOME/Library/Application Support/Steam/steamapps/common/Baldur's Gate II Enhanced Edition/scripts
2026-09-04 15:24:55.661 BaldursGateIIEnhancedEdition[26058:118586130] INFO: scanning:(2) $HOME/Library/Application Support/Steam/steamapps/common/Baldur's Gate II Enhanced Edition/sounds
2026-09-04 15:24:55.661 BaldursGateIIEnhancedEdition[26058:118586130] INFO: scanning:(3) $HOME/Library/Application Support/Steam/steamapps/common/Baldur's Gate II Enhanced Edition/lang/en_US/sounds
2026-09-04 15:24:55.661 BaldursGateIIEnhancedEdition[26058:118586130] INFO: scanning:(4) $HOME/Library/Application Support/Steam/steamapps/common/Baldur's Gate II Enhanced Edition/portraits
2026-09-04 15:24:55.661 BaldursGateIIEnhancedEdition[26058:118586130] INFO: scanning:(5) $HOME/Library/Application Support/Steam/steamapps/common/Baldur's Gate II Enhanced Edition/characters
2026-09-04 15:24:55.661 BaldursGateIIEnhancedEdition[26058:118586130] INFO: scanning:(6) $HOME/Library/Application Support/Steam/steamapps/common/Baldur's Gate II Enhanced Edition/movies
2026-09-04 15:24:55.661 BaldursGateIIEnhancedEdition[26058:118586130] INFO: scanning:(7) $HOME/Library/Application Support/Steam/steamapps/common/Baldur's Gate II Enhanced Edition/lang/en_US/movies
2026-09-04 15:24:55.661 BaldursGateIIEnhancedEdition[26058:118586130] INFO: scanning:(8) $HOME/Documents/Baldur's Gate II - Enhanced Edition/override
2026-09-04 15:24:55.661 BaldursGateIIEnhancedEdition[26058:118586130] INFO: scanning:(9) $HOME/Documents/Baldur's Gate II - Enhanced Edition/scripts
2026-09-04 15:24:55.661 BaldursGateIIEnhancedEdition[26058:118586130] INFO: scanning:(10) $HOME/Documents/Baldur's Gate II - Enhanced Edition/sounds
2026-09-04 15:24:55.661 BaldursGateIIEnhancedEdition[26058:118586130] INFO: scanning:(11) $HOME/Documents/Baldur's Gate II - Enhanced Edition/portraits
2026-09-04 15:24:55.661 BaldursGateIIEnhancedEdition[26058:118586130] INFO: scanning:(12) $HOME/Documents/Baldur's Gate II - Enhanced Edition/characters
2026-09-04 15:24:55.661 BaldursGateIIEnhancedEdition[26058:118586130] INFO: scanning:(13) $HOME/Documents/Baldur's Gate II - Enhanced Edition/movies
2026-09-04 15:24:55.672 BaldursGateIIEnhancedEdition[26058:118586130] INFO: scanning:(0) $HOME/Library/Application Support/Steam/steamapps/common/Baldur's Gate II Enhanced Edition/override
2026-09-04 15:24:55.673 BaldursGateIIEnhancedEdition[26058:118586130] INFO: scanning:(1) $HOME/Library/Application Support/Steam/steamapps/common/Baldur's Gate II Enhanced Edition/scripts
2026-09-04 15:24:55.673 BaldursGateIIEnhancedEdition[26058:118586130] INFO: scanning:(2) $HOME/Library/Application Support/Steam/steamapps/common/Baldur's Gate II Enhanced Edition/sounds
2026-09-04 15:24:55.673 BaldursGateIIEnhancedEdition[26058:118586130] INFO: scanning:(3) $HOME/Library/Application Support/Steam/steamapps/common/Baldur's Gate II Enhanced Edition/lang/en_US/sounds
2026-09-04 15:24:55.674 BaldursGateIIEnhancedEdition[26058:118586130] INFO: scanning:(4) $HOME/Library/Application Support/Steam/steamapps/common/Baldur's Gate II Enhanced Edition/portraits
2026-09-04 15:24:55.674 BaldursGateIIEnhancedEdition[26058:118586130] INFO: scanning:(5) $HOME/Library/Application Support/Steam/steamapps/common/Baldur's Gate II Enhanced Edition/characters
2026-09-04 15:24:55.674 BaldursGateIIEnhancedEdition[26058:118586130] INFO: scanning:(6) $HOME/Library/Application Support/Steam/steamapps/common/Baldur's Gate II Enhanced Edition/movies
2026-09-04 15:24:55.674 BaldursGateIIEnhancedEdition[26058:118586130] INFO: scanning:(7) $HOME/Library/Application Support/Steam/steamapps/common/Baldur's Gate II Enhanced Edition/lang/en_US/movies
2026-09-04 15:24:55.674 BaldursGateIIEnhancedEdition[26058:118586130] INFO: scanning:(8) $HOME/Documents/Baldur's Gate II - Enhanced Edition/override
2026-09-04 15:24:55.674 BaldursGateIIEnhancedEdition[26058:118586130] INFO: scanning:(9) $HOME/Documents/Baldur's Gate II - Enhanced Edition/scripts
2026-09-04 15:24:55.674 BaldursGateIIEnhancedEdition[26058:118586130] INFO: scanning:(10) $HOME/Documents/Baldur's Gate II - Enhanced Edition/sounds
2026-09-04 15:24:55.674 BaldursGateIIEnhancedEdition[26058:118586130] INFO: scanning:(11) $HOME/Documents/Baldur's Gate II - Enhanced Edition/portraits
2026-09-04 15:24:55.674 BaldursGateIIEnhancedEdition[26058:118586130] INFO: scanning:(12) $HOME/Documents/Baldur's Gate II - Enhanced Edition/characters
2026-09-04 15:24:55.674 BaldursGateIIEnhancedEdition[26058:118586130] INFO: scanning:(13) $HOME/Documents/Baldur's Gate II - Enhanced Edition/movies
2026-09-04 15:24:55.675 BaldursGateIIEnhancedEdition[26058:118586130] INFO: scanning:(0) $HOME/Library/Application Support/Steam/steamapps/common/Baldur's Gate II Enhanced Edition/override
2026-09-04 15:24:55.676 BaldursGateIIEnhancedEdition[26058:118586130] INFO: scanning:(1) $HOME/Library/Application Support/Steam/steamapps/common/Baldur's Gate II Enhanced Edition/scripts
2026-09-04 15:24:55.676 BaldursGateIIEnhancedEdition[26058:118586130] INFO: scanning:(2) $HOME/Library/Application Support/Steam/steamapps/common/Baldur's Gate II Enhanced Edition/sounds
2026-09-04 15:24:55.676 BaldursGateIIEnhancedEdition[26058:118586130] INFO: scanning:(3) $HOME/Library/Application Support/Steam/steamapps/common/Baldur's Gate II Enhanced Edition/lang/en_US/sounds
2026-09-04 15:24:55.677 BaldursGateIIEnhancedEdition[26058:118586130] INFO: scanning:(4) $HOME/Library/Application Support/Steam/steamapps/common/Baldur's Gate II Enhanced Edition/portraits
2026-09-04 15:24:55.677 BaldursGateIIEnhancedEdition[26058:118586130] INFO: scanning:(5) $HOME/Library/Application Support/Steam/steamapps/common/Baldur's Gate II Enhanced Edition/characters
2026-09-04 15:24:55.677 BaldursGateIIEnhancedEdition[26058:118586130] INFO: scanning:(6) $HOME/Library/Application Support/Steam/steamapps/common/Baldur's Gate II Enhanced Edition/movies
2026-09-04 15:24:55.677 BaldursGateIIEnhancedEdition[26058:118586130] INFO: scanning:(7) $HOME/Library/Application Support/Steam/steamapps/common/Baldur's Gate II Enhanced Edition/lang/en_US/movies
2026-09-04 15:24:55.677 BaldursGateIIEnhancedEdition[26058:118586130] INFO: scanning:(8) $HOME/Documents/Baldur's Gate II - Enhanced Edition/override
2026-09-04 15:24:55.677 BaldursGateIIEnhancedEdition[26058:118586130] INFO: scanning:(9) $HOME/Documents/Baldur's Gate II - Enhanced Edition/scripts
2026-09-04 15:24:55.677 BaldursGateIIEnhancedEdition[26058:118586130] INFO: scanning:(10) $HOME/Documents/Baldur's Gate II - Enhanced Edition/sounds
2026-09-04 15:24:55.677 BaldursGateIIEnhancedEdition[26058:118586130] INFO: scanning:(11) $HOME/Documents/Baldur's Gate II - Enhanced Edition/portraits
2026-09-04 15:24:55.677 BaldursGateIIEnhancedEdition[26058:118586130] INFO: scanning:(12) $HOME/Documents/Baldur's Gate II - Enhanced Edition/characters
2026-09-04 15:24:55.677 BaldursGateIIEnhancedEdition[26058:118586130] INFO: scanning:(13) $HOME/Documents/Baldur's Gate II - Enhanced Edition/movies
2026-09-04 15:24:55.679 BaldursGateIIEnhancedEdition[26058:118586130] INFO: scanning:(0) $HOME/Library/Application Support/Steam/steamapps/common/Baldur's Gate II Enhanced Edition/override
2026-09-04 15:24:55.680 BaldursGateIIEnhancedEdition[26058:118586130] INFO: scanning:(1) $HOME/Library/Application Support/Steam/steamapps/common/Baldur's Gate II Enhanced Edition/scripts
2026-09-04 15:24:55.680 BaldursGateIIEnhancedEdition[26058:118586130] INFO: scanning:(2) $HOME/Library/Application Support/Steam/steamapps/common/Baldur's Gate II Enhanced Edition/sounds
2026-09-04 15:24:55.680 BaldursGateIIEnhancedEdition[26058:118586130] INFO: scanning:(3) $HOME/Library/Application Support/Steam/steamapps/common/Baldur's Gate II Enhanced Edition/lang/en_US/sounds
2026-09-04 15:24:55.680 BaldursGateIIEnhancedEdition[26058:118586130] INFO: scanning:(4) $HOME/Library/Application Support/Steam/steamapps/common/Baldur's Gate II Enhanced Edition/portraits
2026-09-04 15:24:55.680 BaldursGateIIEnhancedEdition[26058:118586130] INFO: scanning:(5) $HOME/Library/Application Support/Steam/steamapps/common/Baldur's Gate II Enhanced Edition/characters
2026-09-04 15:24:55.680 BaldursGateIIEnhancedEdition[26058:118586130] INFO: scanning:(6) $HOME/Library/Application Support/Steam/steamapps/common/Baldur's Gate II Enhanced Edition/movies
2026-09-04 15:24:55.680 BaldursGateIIEnhancedEdition[26058:118586130] INFO: scanning:(7) $HOME/Library/Application Support/Steam/steamapps/common/Baldur's Gate II Enhanced Edition/lang/en_US/movies
2026-09-04 15:24:55.680 BaldursGateIIEnhancedEdition[26058:118586130] INFO: scanning:(8) $HOME/Documents/Baldur's Gate II - Enhanced Edition/override
2026-09-04 15:24:55.680 BaldursGateIIEnhancedEdition[26058:118586130] INFO: scanning:(9) $HOME/Documents/Baldur's Gate II - Enhanced Edition/scripts
2026-09-04 15:24:55.680 BaldursGateIIEnhancedEdition[26058:118586130] INFO: scanning:(10) $HOME/Documents/Baldur's Gate II - Enhanced Edition/sounds
2026-09-04 15:24:55.680 BaldursGateIIEnhancedEdition[26058:118586130] INFO: scanning:(11) $HOME/Documents/Baldur's Gate II - Enhanced Edition/portraits
2026-09-04 15:24:55.680 BaldursGateIIEnhancedEdition[26058:118586130] INFO: scanning:(12) $HOME/Documents/Baldur's Gate II - Enhanced Edition/characters
2026-09-04 15:24:55.680 BaldursGateIIEnhancedEdition[26058:118586130] INFO: scanning:(13) $HOME/Documents/Baldur's Gate II - Enhanced Edition/movies
2026-09-04 15:24:55.681 BaldursGateIIEnhancedEdition[26058:118586130] INFO: scanning:(0) $HOME/Library/Application Support/Steam/steamapps/common/Baldur's Gate II Enhanced Edition/override
2026-09-04 15:24:55.683 BaldursGateIIEnhancedEdition[26058:118586130] INFO: scanning:(1) $HOME/Library/Application Support/Steam/steamapps/common/Baldur's Gate II Enhanced Edition/scripts
2026-09-04 15:24:55.683 BaldursGateIIEnhancedEdition[26058:118586130] INFO: scanning:(2) $HOME/Library/Application Support/Steam/steamapps/common/Baldur's Gate II Enhanced Edition/sounds
2026-09-04 15:24:55.683 BaldursGateIIEnhancedEdition[26058:118586130] INFO: scanning:(3) $HOME/Library/Application Support/Steam/steamapps/common/Baldur's Gate II Enhanced Edition/lang/en_US/sounds
2026-09-04 15:24:55.683 BaldursGateIIEnhancedEdition[26058:118586130] INFO: scanning:(4) $HOME/Library/Application Support/Steam/steamapps/common/Baldur's Gate II Enhanced Edition/portraits
2026-09-04 15:24:55.683 BaldursGateIIEnhancedEdition[26058:118586130] INFO: scanning:(5) $HOME/Library/Application Support/Steam/steamapps/common/Baldur's Gate II Enhanced Edition/characters
2026-09-04 15:24:55.683 BaldursGateIIEnhancedEdition[26058:118586130] INFO: scanning:(6) $HOME/Library/Application Support/Steam/steamapps/common/Baldur's Gate II Enhanced Edition/movies
2026-09-04 15:24:55.683 BaldursGateIIEnhancedEdition[26058:118586130] INFO: scanning:(7) $HOME/Library/Application Support/Steam/steamapps/common/Baldur's Gate II Enhanced Edition/lang/en_US/movies
2026-09-04 15:24:55.683 BaldursGateIIEnhancedEdition[26058:118586130] INFO: scanning:(8) $HOME/Documents/Baldur's Gate II - Enhanced Edition/override
2026-09-04 15:24:55.683 BaldursGateIIEnhancedEdition[26058:118586130] INFO: scanning:(9) $HOME/Documents/Baldur's Gate II - Enhanced Edition/scripts
2026-09-04 15:24:55.683 BaldursGateIIEnhancedEdition[26058:118586130] INFO: scanning:(10) $HOME/Documents/Baldur's Gate II - Enhanced Edition/sounds
2026-09-04 15:24:55.683 BaldursGateIIEnhancedEdition[26058:118586130] INFO: scanning:(11) $HOME/Documents/Baldur's Gate II - Enhanced Edition/portraits
2026-09-04 15:24:55.683 BaldursGateIIEnhancedEdition[26058:118586130] INFO: scanning:(12) $HOME/Documents/Baldur's Gate II - Enhanced Edition/characters
2026-09-04 15:24:55.683 BaldursGateIIEnhancedEdition[26058:118586130] INFO: scanning:(13) $HOME/Documents/Baldur's Gate II - Enhanced Edition/movies
2026-09-04 15:24:55.685 BaldursGateIIEnhancedEdition[26058:118586130] INFO: scanning:(0) $HOME/Library/Application Support/Steam/steamapps/common/Baldur's Gate II Enhanced Edition/override
2026-09-04 15:24:55.686 BaldursGateIIEnhancedEdition[26058:118586130] INFO: scanning:(1) $HOME/Library/Application Support/Steam/steamapps/common/Baldur's Gate II Enhanced Edition/scripts
2026-09-04 15:24:55.686 BaldursGateIIEnhancedEdition[26058:118586130] INFO: scanning:(2) $HOME/Library/Application Support/Steam/steamapps/common/Baldur's Gate II Enhanced Edition/sounds
2026-09-04 15:24:55.686 BaldursGateIIEnhancedEdition[26058:118586130] INFO: scanning:(3) $HOME/Library/Application Support/Steam/steamapps/common/Baldur's Gate II Enhanced Edition/lang/en_US/sounds
2026-09-04 15:24:55.686 BaldursGateIIEnhancedEdition[26058:118586130] INFO: scanning:(4) $HOME/Library/Application Support/Steam/steamapps/common/Baldur's Gate II Enhanced Edition/portraits
2026-09-04 15:24:55.686 BaldursGateIIEnhancedEdition[26058:118586130] INFO: scanning:(5) $HOME/Library/Application Support/Steam/steamapps/common/Baldur's Gate II Enhanced Edition/characters
2026-09-04 15:24:55.686 BaldursGateIIEnhancedEdition[26058:118586130] INFO: scanning:(6) $HOME/Library/Application Support/Steam/steamapps/common/Baldur's Gate II Enhanced Edition/movies
2026-09-04 15:24:55.686 BaldursGateIIEnhancedEdition[26058:118586130] INFO: scanning:(7) $HOME/Library/Application Support/Steam/steamapps/common/Baldur's Gate II Enhanced Edition/lang/en_US/movies
2026-09-04 15:24:55.686 BaldursGateIIEnhancedEdition[26058:118586130] INFO: scanning:(8) $HOME/Documents/Baldur's Gate II - Enhanced Edition/override
2026-09-04 15:24:55.686 BaldursGateIIEnhancedEdition[26058:118586130] INFO: scanning:(9) $HOME/Documents/Baldur's Gate II - Enhanced Edition/scripts
2026-09-04 15:24:55.686 BaldursGateIIEnhancedEdition[26058:118586130] INFO: scanning:(10) $HOME/Documents/Baldur's Gate II - Enhanced Edition/sounds
2026-09-04 15:24:55.686 BaldursGateIIEnhancedEdition[26058:118586130] INFO: scanning:(11) $HOME/Documents/Baldur's Gate II - Enhanced Edition/portraits
2026-09-04 15:24:55.686 BaldursGateIIEnhancedEdition[26058:118586130] INFO: scanning:(12) $HOME/Documents/Baldur's Gate II - Enhanced Edition/characters
2026-09-04 15:24:55.686 BaldursGateIIEnhancedEdition[26058:118586130] INFO: scanning:(13) $HOME/Documents/Baldur's Gate II - Enhanced Edition/movies
2026-09-04 15:24:55.688 BaldursGateIIEnhancedEdition[26058:118586130] INFO: LUA: A7LOG	997	15814500	2105282	Day 2, Hour 10 (4 Mirtul, 1369)	WORLD_QUICKLOOT	^0xff0cff3fQuick save successful.^-
2026-09-04 15:24:56.391 BaldursGateIIEnhancedEdition[26058:118586130] INFO: LUA: A7LOG	998	15815100	2105986	Day 2, Hour 10 (4 Mirtul, 1369)	WORLD_QUICKLOOT	^0xffc0a1aaMinsc^-: ^0xffd7c8a0Boo must have his exercise lest he bite us all in hard-to-reach places.^-
2026-09-04 15:24:59.429 BaldursGateIIEnhancedEdition[26058:118586130] INFO: LUA: A7LOG	999	17975940	2109024	Day 2, Hour 18 (4 Mirtul, 1369)	WORLD_QUICKLOOT	^0xffc8ffc8You have rested for 8 hours.^-
2026-09-04 15:24:59.430 BaldursGateIIEnhancedEdition[26058:118586130] INFO: LUA: A7LOG	1000	17975940	2109024	Day 2, Hour 18 (4 Mirtul, 1369)	WORLD_QUICKLOOT	^0xffc8ffc8Healing spells cast on rest until fully healed.^-
2026-09-04 15:24:59.444 BaldursGateIIEnhancedEdition[26058:118586130] INFO: LUA: A7LOG	1001	17975940	2109039	Day 2, Hour 18 (4 Mirtul, 1369)	WORLD_QUICKLOOT	^0xffcb967dBooprikt^-: ^0xffbed7d7Stopped Detecting Traps / Illusions^-
2026-09-04 15:24:59.444 BaldursGateIIEnhancedEdition[26058:118586130] INFO: LUA: A7LOG	1002	17975940	2109039	Day 2, Hour 18 (4 Mirtul, 1369)	WORLD_QUICKLOOT	^0xffffb3f3Imoen^-: ^0xffbed7d7Stopped Detecting Traps / Illusions^-
2026-09-04 15:24:59.507 BaldursGateIIEnhancedEdition[26058:118586130] INFO: LUA: A7LOG	1003	17976000	2109102	Day 2, Hour 18 (4 Mirtul, 1369)	WORLD_QUICKLOOT	^0xff018bffSkeleton Warrior^-: ^0xffbed7d7Unsummoned^-
2026-09-04 15:25:00.301 BaldursGateIIEnhancedEdition[26058:118586130] INFO: LUA: A7LOG	1004	17976720	2109895	Day 2, Hour 18 (4 Mirtul, 1369)	WORLD_QUICKLOOT	^0xffffb3f3Imoen^-: ^0xffbed7d7Detecting Traps / Illusions^-
2026-09-04 15:25:00.402 BaldursGateIIEnhancedEdition[26058:118586130] INFO: LUA: A7LOG	1005	17976780	2109996	Day 2, Hour 18 (4 Mirtul, 1369)	WORLD_QUICKLOOT	^0xffcb967dBooprikt^-: ^0xffbed7d7Detecting Traps / Illusions^-
